<?xml version="1.0" encoding="utf-8"?>
<COLLADA xmlns="http://www.collada.org/2005/11/COLLADASchema" version="1.4.1" xmlns:xsi="http://www.w3.org/2001/XMLSchema-instance">
  <asset>
    <contributor>
      <author>Blender User</author>
      <authoring_tool>Blender 2.91.0 commit date:2020-11-25, commit time:08:34, hash:0f45cab862b8</authoring_tool>
    </contributor>
    <created>2020-12-05T21:31:50</created>
    <modified>2020-12-05T21:31:50</modified>
    <unit name="meter" meter="1"/>
    <up_axis>Z_UP</up_axis>
  </asset>
  <library_effects>
    <effect id="Chair-effect">
      <profile_COMMON>
        <newparam sid="cloth_albedo_jpg-surface">
          <surface type="2D">
            <init_from>cloth_albedo_jpg</init_from>
          </surface>
        </newparam>
        <newparam sid="cloth_albedo_jpg-sampler">
          <sampler2D>
            <source>cloth_albedo_jpg-surface</source>
          </sampler2D>
        </newparam>
        <technique sid="common">
          <lambert>
            <emission>
              <color sid="emission">0 0 0 1</color>
            </emission>
            <diffuse>
              <texture texture="cloth_albedo_jpg-sampler" texcoord="UVMap"/>
            </diffuse>
            <index_of_refraction>
              <float sid="ior">1.45</float>
            </index_of_refraction>
          </lambert>
        </technique>
      </profile_COMMON>
    </effect>
    <effect id="Table_Edge-effect">
      <profile_COMMON>
        <technique sid="common">
          <lambert>
            <emission>
              <color sid="emission">0 0 0 1</color>
            </emission>
            <diffuse>
              <color sid="diffuse">0.01002283 0.01002283 0.01002283 1</color>
            </diffuse>
            <index_of_refraction>
              <float sid="ior">1.45</float>
            </index_of_refraction>
          </lambert>
        </technique>
      </profile_COMMON>
    </effect>
    <effect id="Table_Light-effect">
      <profile_COMMON>
        <technique sid="common">
          <lambert>
            <emission>
              <color sid="emission">1 1 1 1</color>
            </emission>
            <diffuse>
              <color sid="diffuse">0 0 0 1</color>
            </diffuse>
            <index_of_refraction>
              <float sid="ior">1.45</float>
            </index_of_refraction>
          </lambert>
        </technique>
      </profile_COMMON>
    </effect>
    <effect id="Glass-effect">
      <profile_COMMON>
        <technique sid="common">
          <lambert>
            <emission>
              <color sid="emission">0 0 0 1</color>
            </emission>
            <diffuse>
              <color sid="diffuse">0.5382245 0.5382245 0.5382245 1</color>
            </diffuse>
            <index_of_refraction>
              <float sid="ior">1.25</float>
            </index_of_refraction>
          </lambert>
        </technique>
      </profile_COMMON>
    </effect>
    <effect id="Glass_Dark-effect">
      <profile_COMMON>
        <technique sid="common">
          <lambert>
            <emission>
              <color sid="emission">0 0 0 1</color>
            </emission>
            <diffuse>
              <color sid="diffuse">0.5382243 0.1660966 0.1510549 1</color>
            </diffuse>
            <index_of_refraction>
              <float sid="ior">1.25</float>
            </index_of_refraction>
          </lambert>
        </technique>
      </profile_COMMON>
    </effect>
    <effect id="Glass_Diffuse-effect">
      <profile_COMMON>
        <technique sid="common">
          <lambert>
            <emission>
              <color sid="emission">0 0 0 1</color>
            </emission>
            <diffuse>
              <color sid="diffuse">0.5382245 0.5382245 0.5382245 1</color>
            </diffuse>
            <index_of_refraction>
              <float sid="ior">1.25</float>
            </index_of_refraction>
          </lambert>
        </technique>
      </profile_COMMON>
    </effect>
    <effect id="Steel-effect">
      <profile_COMMON>
        <technique sid="common">
          <lambert>
            <emission>
              <color sid="emission">0 0 0 1</color>
            </emission>
            <diffuse>
              <color sid="diffuse">0.5225216 0.5225216 0.5225216 1</color>
            </diffuse>
            <reflectivity>
              <float sid="specular">1</float>
            </reflectivity>
            <index_of_refraction>
              <float sid="ior">1.45</float>
            </index_of_refraction>
          </lambert>
        </technique>
      </profile_COMMON>
    </effect>
    <effect id="Gold-effect">
      <profile_COMMON>
        <technique sid="common">
          <lambert>
            <emission>
              <color sid="emission">0 0 0 1</color>
            </emission>
            <diffuse>
              <color sid="diffuse">0.5225216 0.4190601 0.221841 1</color>
            </diffuse>
            <reflectivity>
              <float sid="specular">1</float>
            </reflectivity>
            <index_of_refraction>
              <float sid="ior">1.45</float>
            </index_of_refraction>
          </lambert>
        </technique>
      </profile_COMMON>
    </effect>
  </library_effects>
  <library_images>
    <image id="cloth_albedo_jpg" name="cloth_albedo_jpg">
      <init_from>/D:/Users/Jack/Actual%20Documents/Sketchfab/3December/4%20-%20Board%20game/cloth%20albedo.jpg</init_from>
    </image>
  </library_images>
  <library_materials>
    <material id="Chair-material" name="Chair">
      <instance_effect url="#Chair-effect"/>
    </material>
    <material id="Table_Edge-material" name="Table Edge">
      <instance_effect url="#Table_Edge-effect"/>
    </material>
    <material id="Table_Light-material" name="Table Light">
      <instance_effect url="#Table_Light-effect"/>
    </material>
    <material id="Glass-material" name="Glass">
      <instance_effect url="#Glass-effect"/>
    </material>
    <material id="Glass_Dark-material" name="Glass Dark">
      <instance_effect url="#Glass_Dark-effect"/>
    </material>
    <material id="Glass_Diffuse-material" name="Glass Diffuse">
      <instance_effect url="#Glass_Diffuse-effect"/>
    </material>
    <material id="Steel-material" name="Steel">
      <instance_effect url="#Steel-effect"/>
    </material>
    <material id="Gold-material" name="Gold">
      <instance_effect url="#Gold-effect"/>
    </material>
  </library_materials>
  <library_geometries>
    <geometry id="Plane_001-mesh" name="Plane.001">
      <mesh>
        <source id="Plane_001-mesh-positions">
          <float_array id="Plane_001-mesh-positions-array" count="1968">-0.3 -0.3040426 0.5041193 -0.2800009 -0.3127565 0.5226212 -0.2973207 -0.3083996 0.5133703 -0.2900005 -0.3115891 0.5201425 0.3 -0.3040428 0.5041197 0.2800009 -0.3127565 0.5226212 0.2973207 -0.3083997 0.5133705 0.2900005 -0.3115891 0.5201425 -0.3 0.1831555 0.5137765 -0.2800011 0.1639497 0.5295969 -0.2973207 0.1735527 0.5216867 -0.2900006 0.1665229 0.5274774 0.3 0.1831555 0.5137766 0.2800011 0.1639497 0.5295969 0.2973207 0.1735526 0.5216867 0.2900006 0.1665228 0.5274774 -0.3 0.1698987 0.7255701 -0.2800011 0.1499368 0.7274709 -0.2973207 0.1599178 0.7265205 -0.2900006 0.1526112 0.7272163 0.3 0.1698987 0.7255701 0.2800011 0.1499368 0.7274709 0.2973207 0.1599177 0.7265205 0.2900006 0.1526112 0.7272163 -0.3 0.2456626 0.9746085 -0.2800011 0.2331188 0.9913547 -0.2973207 0.2393907 0.9829816 -0.2900006 0.2347993 0.9891111 0.3 0.2456626 0.9746085 0.2800011 0.2331188 0.9913547 0.2973207 0.2393907 0.9829816 0.2900006 0.2347993 0.9891111 -0.3 -0.3204983 0.3918862 -0.2800006 -0.335708 0.3784965 -0.2973207 -0.3281032 0.3851914 -0.2900003 -0.3336703 0.3802904 0.3 -0.3204993 0.3918853 0.2800006 -0.335708 0.3784965 0.2973207 -0.3281037 0.385191 0.2900003 -0.3336704 0.3802903 -0.2993633 -0.2190155 0.1962313 -0.2793627 -0.2389924 0.1950365 -0.2966837 -0.229004 0.1956337 -0.289363 -0.236316 0.1951964 0.3006368 -0.2190132 0.1962369 0.2806363 -0.2389932 0.1950519 0.2979573 -0.2290032 0.1956446 0.2906366 -0.2363164 0.1952109 -0.2862191 -0.226701 0.03999996 -0.2763996 -0.236714 0.04996007 -0.2964004 -0.216713 0.04995781 -0.2830899 -0.2315865 0.04147046 -0.2911286 -0.2235189 0.04146951 -0.2892144 -0.2296437 0.04256868 -0.2862142 -0.2337459 0.04986524 -0.2795288 -0.2352178 0.0450825 -0.2876163 -0.2328064 0.04519981 -0.2948223 -0.2198953 0.04508215 -0.2934306 -0.2265295 0.04986441 -0.2924147 -0.2279997 0.04520016 0.2938604 -0.226701 0.03999996 0.3035997 -0.2167103 0.04995781 0.2835987 -0.236714 0.04996007 0.2987062 -0.2235166 0.04147058 0.2905908 -0.2315859 0.04147005 0.2967159 -0.2296418 0.04257994 0.3006306 -0.2265291 0.0500164 0.302237 -0.2198948 0.04508054 0.2998179 -0.2279995 0.04525429 0.2868683 -0.2352181 0.0450831 0.2934142 -0.2337463 0.05001723 0.2949978 -0.2328066 0.04525583 -0.280001 -0.1971151 0.532242 -0.3 -0.1974812 0.5122177 -0.2900005 -0.1971642 0.5295593 -0.2973206 -0.1972982 0.5222299 0.3 -0.1974812 0.5122179 0.280001 -0.1971151 0.532242 0.2973206 -0.1972982 0.5222299 0.2900005 -0.1971642 0.5295593 0.2800011 0.06525444 0.5234521 0.3 0.06504184 0.5034363 0.2900006 0.06522595 0.5207704 0.2973207 0.06514811 0.5134442 -0.2800011 0.06525444 0.5234521 -0.3 0.06504184 0.5034362 -0.2900006 0.06522595 0.5207704 -0.2973207 0.06514811 0.5134442 -0.2800011 0.3350383 0.9938719 -0.3 0.3220384 0.9768968 -0.2900006 0.3332967 0.9915977 -0.2973207 0.3285384 0.9853844 0.3 0.3220384 0.9768968 0.2800011 0.3350383 0.9938719 0.2973207 0.3285384 0.9853844 0.2900006 0.3332967 0.9915977 -0.2800011 0.3734064 0.8541337 -0.3 0.3534041 0.8528559 -0.2900006 0.3707265 0.8539625 -0.2973207 0.3634052 0.8534948 0.3 0.3534041 0.8528559 0.2800011 0.3734064 0.8541337 0.2973207 0.3634052 0.8534948 0.2900006 0.3707265 0.8539625 -0.2800011 0.3811581 0.498147 -0.3 0.361137 0.4979515 -0.2900006 0.3784757 0.4981209 -0.2973207 0.3711475 0.4980493 0.3 0.361137 0.4979515 0.2800011 0.3811581 0.498147 0.2973207 0.3711475 0.4980493 0.2900006 0.3784757 0.4981209 -0.2800002 -0.2614582 0.3095238 -0.3 -0.2438871 0.3201188 -0.2900002 -0.2591041 0.3109432 -0.2973206 -0.2526726 0.3148213 0.2800002 -0.2614607 0.3095281 0.3 -0.243889 0.3201196 0.2900002 -0.2591066 0.3109472 0.2973206 -0.2526749 0.3148239 -0.2900398 0.3724768 0.03999996 -0.3 0.3624119 0.04996025 -0.2800011 0.3824305 0.04996025 -0.2949173 0.3692694 0.04147034 -0.2868408 0.3773534 0.0414704 -0.2929654 0.3753968 0.04257613 -0.2970324 0.3722379 0.04996246 -0.2985297 0.3656191 0.04508268 -0.2961171 0.373735 0.04523563 -0.2832001 0.3809632 0.04508268 -0.2898167 0.3794604 0.04996246 -0.2913082 0.3785482 0.04523557 0.2900398 0.3724768 0.03999996 0.2800011 0.3824305 0.04996025 0.3 0.3624119 0.04996025 0.2868408 0.3773534 0.0414704 0.2949173 0.3692694 0.04147034 0.2929654 0.3753968 0.04257613 0.2898167 0.3794604 0.04996252 0.2832001 0.3809633 0.04508268 0.2913082 0.3785483 0.04523557 0.2985297 0.3656191 0.04508268 0.2970324 0.3722379 0.04996252 0.2961171 0.373735 0.04523563 0.2800011 0.1585178 0.5959084 0.3 0.1782282 0.5987645 0.2900006 0.1611585 0.5962911 0.2973207 0.168373 0.5973365 -0.2800011 0.1585178 0.5959084 -0.3 0.1782282 0.5987645 -0.2900006 0.1611585 0.5962911 -0.2973207 0.168373 0.5973365 -0.2800008 -0.3617325 0.4633336 -0.3 -0.3417361 0.4585715 -0.2900004 -0.3590534 0.4626956 -0.2973207 -0.3517343 0.4609526 0.2800008 -0.3617325 0.4633336 0.3 -0.3417368 0.4585717 0.2900004 -0.3590536 0.4626957 0.2973207 -0.3517346 0.4609526 0.2800011 0.1867337 0.8934363 0.3 0.2060326 0.8880858 0.2900006 0.1893193 0.8927195 0.2973207 0.1963831 0.890761 -0.2800011 0.1867337 0.8934363 -0.3 0.2060326 0.8880858 -0.2900006 0.1893193 0.8927195 -0.2973207 0.1963831 0.890761 -0.3 -0.269731 0.5122264 -0.2800009 -0.2719026 0.5322608 -0.2973207 -0.2708168 0.5222436 -0.2900005 -0.2716117 0.5295767 0.3 0.1473626 0.5038126 0.2800011 0.1431631 0.5238036 0.2973207 0.1452628 0.5138081 0.2900006 0.1437258 0.5211253 0.3 0.1695015 0.6561067 0.2800011 0.149549 0.654626 0.2973207 0.1595253 0.6553663 0.2900006 0.1522221 0.6548243 -0.3 0.185423 0.5489489 -0.2800011 0.1652265 0.5497063 -0.2973207 0.1753247 0.5493276 -0.2900006 0.1679323 0.5496048 0.3 0.2223814 0.9424166 0.2800011 0.20406 0.9511158 0.2973207 0.2132207 0.9467661 0.2900006 0.2065147 0.9499503 -0.3 0.18555 0.8096153 -0.2800011 0.1660212 0.8139838 -0.2973207 0.1757856 0.8117995 -0.2900006 0.1686376 0.8133985 -0.3 -0.3410977 0.425767 -0.2800007 -0.3608877 0.4198988 -0.2973206 -0.3509927 0.4228329 -0.2900004 -0.3582363 0.420685 0.3 -0.3277315 0.4857113 0.2800009 -0.343415 0.4988121 0.2973206 -0.3355732 0.4922617 0.2900004 -0.3413138 0.497057 -0.2999204 -0.2251545 0.264549 -0.2799203 -0.2448555 0.2602789 -0.297241 -0.235005 0.2624137 -0.2899204 -0.2422161 0.2608507 0.3 -0.281383 0.3592905 0.2800004 -0.2951071 0.3446732 0.2973206 -0.288245 0.3519819 0.2900002 -0.2932684 0.3466315 -0.2980101 -0.2170984 0.1228044 -0.2780093 -0.2370977 0.1224805 -0.2953305 -0.2270981 0.1226423 -0.2880097 -0.2344183 0.1225238 0.30199 -0.2170956 0.1228072 0.2819892 -0.2370977 0.1224882 0.2993103 -0.2270966 0.1226478 0.2919895 -0.2344179 0.122531 -0.3 -0.06875646 0.5078538 -0.280001 -0.06808686 0.5278604 -0.2973207 -0.06842166 0.5178571 -0.2900005 -0.06817656 0.52518 0.3 -0.2697311 0.5122267 0.2800009 -0.2719026 0.5322608 0.2973207 -0.2708169 0.5222437 0.2900005 -0.2716117 0.5295768 0.3 -0.06875646 0.5078539 0.280001 -0.06808686 0.5278604 0.2973207 -0.06842166 0.5178571 0.2900005 -0.06817656 0.52518 -0.3 0.1473626 0.5038124 -0.2800011 0.1431631 0.5238036 -0.2973207 0.1452628 0.513808 -0.2900006 0.1437258 0.5211253 -0.3 0.2836887 0.9873634 -0.2800011 0.2829127 1.008086 -0.2973207 0.2833007 0.9977248 -0.2900006 0.2830167 1.00531 0.3 0.2836887 0.9873634 0.2800011 0.2829127 1.008086 0.2973207 0.2833007 0.9977248 0.2900006 0.2830167 1.00531 -0.3 0.3444448 0.9393808 -0.2800011 0.3639624 0.9454306 -0.2973207 0.3542037 0.9424057 -0.2900006 0.3613476 0.9446201 0.3 0.3444448 0.9393808 0.2800011 0.3639624 0.9454306 0.2973207 0.3542037 0.9424057 0.2900006 0.3613476 0.9446201 -0.3 0.3582507 0.6981167 -0.2800011 0.3782723 0.6985726 -0.2973207 0.3682615 0.6983447 -0.2900006 0.3755899 0.6985116 0.3 0.3582507 0.6981167 0.2800011 0.3782723 0.6985726 0.2973207 0.3682615 0.6983447 0.2900006 0.3755899 0.6985116 -0.3 -0.2813819 0.3592917 -0.2800004 -0.2951071 0.3446731 -0.2973206 -0.2882445 0.3519824 -0.2900002 -0.2932683 0.3466317 0.3000797 -0.2251543 0.2645559 0.2800795 -0.244859 0.2602977 0.2974002 -0.2350066 0.262427 0.2900796 -0.2422191 0.2608684 0.3 0.3622583 0.2823296 0.2800011 0.3822777 0.2823882 0.2973207 0.372268 0.2823589 0.2900005 0.3795956 0.2823804 -0.3 0.3622583 0.2823296 -0.2800011 0.3822777 0.2823882 -0.2973207 0.372268 0.2823589 -0.2900005 0.3795956 0.2823804 0.3 0.185423 0.5489489 0.2800011 0.1652265 0.5497063 0.2973207 0.1753247 0.5493276 0.2900006 0.1679323 0.5496048 -0.3 0.1695016 0.6561067 -0.2800011 0.149549 0.654626 -0.2973207 0.1595253 0.6553663 -0.2900006 0.1522222 0.6548243 -0.3 -0.3277311 0.485711 -0.2800009 -0.343415 0.4988121 -0.2973206 -0.335573 0.4922616 -0.2900004 -0.3413137 0.497057 0.3 -0.3410986 0.4257668 0.2800007 -0.3608877 0.4198988 0.2973206 -0.3509931 0.4228328 0.2900004 -0.3582364 0.4206849 0.3 0.18555 0.8096153 0.2800011 0.1660212 0.8139838 0.2973207 0.1757856 0.8117995 0.2900006 0.1686376 0.8133985 -0.3 0.2223814 0.9424166 -0.2800011 0.20406 0.9511158 -0.2973207 0.2132207 0.9467661 -0.2900006 0.2065147 0.9499503 -0.2800009 -0.2871924 0.4683416 -0.3 -0.2959522 0.4869409 -0.2900005 -0.288366 0.4708335 -0.2973207 -0.2915723 0.4776413 0.2800009 -0.2871924 0.4683416 0.3 -0.295952 0.4869406 0.2900005 -0.288366 0.4708334 0.2973207 -0.2915722 0.4776411 -0.2800011 0.2102604 0.4914494 -0.3 0.1934667 0.5052828 -0.2900006 0.2080104 0.4933027 -0.2973207 0.2018636 0.4983661 0.2800011 0.2102604 0.4914494 0.3 0.1934668 0.5052828 0.2900006 0.2080105 0.4933027 0.2973207 0.2018636 0.4983661 -0.2800011 0.2096658 0.7217835 -0.3 0.189756 0.7236793 -0.2900006 0.2069984 0.7220374 -0.2973207 0.1997109 0.7227314 0.2800011 0.2096658 0.7217835 0.3 0.189756 0.7236793 0.2900006 0.2069984 0.7220374 0.2973207 0.1997109 0.7227314 -0.2800011 0.2690891 0.9433338 -0.3 0.2562368 0.9604918 -0.2900006 0.2673673 0.9456325 -0.2973207 0.262663 0.9519128 0.2800011 0.2690891 0.9433338 0.3 0.2562368 0.9604918 0.2900006 0.2673673 0.9456325 0.2973207 0.262663 0.9519128 -0.2800006 -0.2906737 0.4181419 -0.3 -0.3058903 0.4047462 -0.2900003 -0.2927123 0.4163472 -0.2973206 -0.298282 0.411444 0.2800006 -0.2906737 0.4181419 0.3 -0.3058896 0.4047468 0.2900003 -0.2927122 0.4163473 0.2973206 -0.2982817 0.4114444 -0.2793629 -0.1791003 0.1986189 -0.2993633 -0.1990761 0.1974242 -0.289363 -0.1817767 0.198459 -0.2966837 -0.1890882 0.1980218 0.2806364 -0.1790995 0.1986035 0.3006368 -0.1990779 0.1974186 0.2906367 -0.1817761 0.1984446 0.2979573 -0.1890887 0.1980109 -0.2862191 -0.1866234 0.03999996 -0.2963978 -0.1967164 0.04995787 -0.2763971 -0.1767161 0.04996007 -0.291128 -0.189839 0.04146945 -0.2830888 -0.1817532 0.0414707 -0.2892132 -0.183714 0.04257142 -0.2934289 -0.1868994 0.04990166 -0.294821 -0.1935008 0.04508233 -0.2924137 -0.1853864 0.04521387 -0.2795274 -0.1781609 0.04508209 -0.2862126 -0.1796833 0.04990243 -0.2876152 -0.1805747 0.0452131 0.2938604 -0.1866234 0.03999996 0.2836014 -0.1767161 0.04996007 0.3036022 -0.1967186 0.04995787 0.2905914 -0.1817538 0.04147028 0.2987064 -0.189841 0.04147046 0.2967163 -0.1837159 0.04258257 0.2934162 -0.1796845 0.0500527 0.2868705 -0.1781605 0.04508274 0.2949992 -0.180575 0.04526847 0.3022384 -0.1935011 0.04508072 0.3006325 -0.1869013 0.05005186 0.2998191 -0.185387 0.04526734 -0.3 -0.1978475 0.4921862 -0.280001 -0.198212 0.472253 -0.2973206 -0.1980297 0.4822195 -0.2900005 -0.1981631 0.4749235 0.280001 -0.198212 0.472253 0.3 -0.1978475 0.492186 0.2900005 -0.1981631 0.4749235 0.2973206 -0.1980297 0.4822195 0.3 0.06482928 0.4834264 0.2800011 0.06461721 0.4634557 0.2973207 0.06472325 0.4734411 0.2900006 0.06464558 0.4661313 -0.3 0.06482928 0.4834265 -0.2800011 0.06461721 0.4634557 -0.2973207 0.06472325 0.4734411 -0.2900006 0.06464558 0.4661313 -0.3 0.3127421 0.9647577 -0.2800011 0.2985589 0.9462373 -0.2973207 0.3056505 0.9554975 -0.2900006 0.3004591 0.9487186 0.2800011 0.2985589 0.9462373 0.3 0.3127421 0.9647577 0.2900006 0.3004591 0.9487186 0.2973207 0.3056505 0.9554975 -0.3 0.3335292 0.8515862 -0.2800011 0.3135291 0.8503085 -0.2973207 0.3235292 0.8509473 -0.2900006 0.3162087 0.8504797 0.2800011 0.3135291 0.8503085 0.3 0.3335292 0.8515862 0.2900006 0.3162087 0.8504797 0.2973207 0.3235292 0.8509473 -0.3 0.3411812 0.4977566 -0.2800011 0.3211617 0.4975611 -0.2973207 0.3311715 0.4976589 -0.2900006 0.3238438 0.4975873 0.2800011 0.3211617 0.4975611 0.3 0.3411812 0.4977566 0.2900006 0.3238438 0.4975873 0.2973207 0.3311715 0.4976589 -0.3 -0.2275441 0.3299736 -0.2800002 -0.210077 0.3405059 -0.2973206 -0.2188106 0.3352398 -0.2900002 -0.2124171 0.3390949 0.3 -0.2275424 0.3299726 0.2800002 -0.2100744 0.3405016 0.2973206 -0.2188084 0.3352371 0.2900002 -0.2124146 0.339091 -0.2900398 0.3323991 0.03999996 -0.2800011 0.3224323 0.04996025 -0.3 0.3424496 0.04996025 -0.2868408 0.3275207 0.04147034 -0.2949174 0.3356019 0.04147034 -0.2929654 0.3294747 0.04257577 -0.2898167 0.3254023 0.04995799 -0.2832 0.323906 0.04508268 -0.2913082 0.3263205 0.04523396 -0.2985297 0.3392469 0.04508268 -0.2970324 0.3326243 0.04995799 -0.2961171 0.3311328 0.04523396 0.2900398 0.3323991 0.03999996 0.3 0.3424496 0.04996025 0.2800011 0.3224323 0.04996025 0.2949174 0.3356019 0.04147034 0.2868408 0.3275207 0.04147034 0.2929654 0.3294747 0.04257577 0.2970324 0.3326243 0.04995799 0.2985297 0.3392469 0.04508268 0.2961171 0.3311327 0.04523396 0.2832 0.323906 0.04508268 0.2898167 0.3254023 0.04995799 0.2913082 0.3263204 0.04523396 0.3 0.1981274 0.601648 0.2800011 0.217897 0.6045128 0.2973207 0.2080122 0.6030804 0.2900006 0.2152484 0.604129 -0.3 0.1981273 0.601648 -0.2800011 0.217897 0.6045128 -0.2973207 0.2080122 0.6030804 -0.2900006 0.2152484 0.604129 -0.3 -0.3235927 0.4542507 -0.2800008 -0.3033658 0.4494337 -0.2973207 -0.3134793 0.4518422 -0.2900004 -0.3060757 0.450079 0.3 -0.3235921 0.4542506 0.2800008 -0.3033658 0.4494337 0.2973207 -0.313479 0.4518421 0.2900004 -0.3060757 0.450079 0.3 0.2254413 0.8827048 0.2800011 0.244551 0.8774067 0.2973207 0.2349961 0.8800558 0.2900006 0.2419908 0.8781166 -0.3 0.2254413 0.8827048 -0.2800011 0.244551 0.8774067 -0.2973207 0.2349961 0.8800558 -0.2900006 0.2419908 0.8781166 -0.280001 -0.265437 0.4726105 -0.3 -0.2675965 0.4925336 -0.2900005 -0.2657263 0.4752797 -0.2973206 -0.2665167 0.4825721 0.2800011 0.1554975 0.4650872 0.3 0.1513164 0.4849909 0.2900006 0.1549373 0.4677538 0.2973207 0.1534069 0.4750391 0.2800011 0.2093842 0.6590664 0.3 0.1894271 0.6575854 0.2900006 0.2067105 0.658868 0.2973207 0.1994057 0.6583259 -0.2800011 0.2251826 0.5474577 -0.3 0.2049238 0.5482175 -0.2900006 0.2224684 0.5475595 -0.2973207 0.2150532 0.5478376 0.2800011 0.2582591 0.9253814 0.3 0.2401561 0.9339769 0.2900006 0.2558338 0.9265329 0.2973207 0.2492076 0.9296792 -0.2800011 0.2245728 0.8008859 -0.3 0.2051634 0.8052278 -0.2900006 0.2219724 0.8014676 -0.2973207 0.2148681 0.8030568 -0.2800007 -0.3033652 0.4369556 -0.3 -0.3235772 0.4309623 -0.2900004 -0.3060731 0.4361526 -0.2973206 -0.3134712 0.4339589 0.2800009 -0.297368 0.4603478 0.3 -0.3130651 0.47346 0.2900004 -0.299471 0.4621046 0.2973207 -0.3052166 0.466904 -0.2799203 -0.1862177 0.2729891 -0.2999204 -0.2058997 0.2687231 -0.2899204 -0.1888546 0.2724178 -0.2972409 -0.1960587 0.2708563 0.2800005 -0.2540389 0.3884147 0.3 -0.2677581 0.3738024 0.2900003 -0.255877 0.386457 0.2973206 -0.2608985 0.3811085 -0.2780094 -0.1771069 0.1234523 -0.2980101 -0.1971055 0.1231284 -0.2880098 -0.1797862 0.123409 -0.2953305 -0.1871062 0.1232904 0.2819893 -0.1771069 0.1234446 0.30199 -0.1971079 0.1231256 0.2919896 -0.1797865 0.1234017 0.2993104 -0.1871073 0.123285 -0.280001 -0.07009375 0.4678952 -0.3 -0.06942635 0.4878363 -0.2900005 -0.07000434 0.4705668 -0.2973207 -0.06976008 0.4778658 0.280001 -0.265437 0.4726105 0.3 -0.2675964 0.4925334 0.2900005 -0.2657263 0.4752797 0.2973206 -0.2665167 0.482572 0.280001 -0.07009375 0.4678952 0.3 -0.06942635 0.4878362 0.2900005 -0.07000434 0.4705668 0.2973207 -0.06976008 0.4778657 -0.2800011 0.1554975 0.4650872 -0.3 0.1513164 0.484991 -0.2900006 0.1549373 0.4677538 -0.2973207 0.1534069 0.4750391 -0.2800011 0.2851577 0.9481284 -0.3 0.2843832 0.9688146 -0.2900006 0.2850539 0.9508999 -0.2973207 0.2847704 0.9584715 0.2800011 0.2851577 0.9481284 0.3 0.2843832 0.9688146 0.2900006 0.2850539 0.9508999 0.2973207 0.2847704 0.9584715 -0.2800011 0.3066541 0.927667 -0.3 0.326237 0.933737 -0.2900006 0.3092778 0.9284803 -0.2973207 0.3164456 0.930702 0.2800011 0.3066541 0.927667 0.3 0.326237 0.933737 0.2900006 0.3092778 0.9284803 0.2973207 0.3164456 0.930702 -0.2800011 0.3182888 0.6972066 -0.3 0.3383085 0.6976625 -0.2900006 0.320971 0.6972677 -0.2973207 0.3282987 0.6974346 0.2800011 0.3182888 0.6972066 0.3 0.3383085 0.6976625 0.2900006 0.320971 0.6972677 0.2973207 0.3282987 0.6974346 -0.2800005 -0.2540389 0.3884147 -0.3 -0.267759 0.3738015 -0.2900003 -0.2558771 0.3864569 -0.2973206 -0.260899 0.3811081 0.2800796 -0.1862142 0.2729703 0.3000797 -0.2058995 0.2687162 0.2900796 -0.1888515 0.2724002 0.2974001 -0.1960569 0.270843 0.2800011 0.3222795 0.2822124 0.3 0.3422975 0.2822711 0.2900005 0.3249614 0.2822203 0.2973207 0.3322885 0.2822418 -0.2800011 0.3222795 0.2822124 -0.3 0.3422975 0.2822711 -0.2900005 0.3249614 0.2822203 -0.2973207 0.3322885 0.2822418 0.2800011 0.2251826 0.5474577 0.3 0.2049238 0.5482175 0.2900006 0.2224684 0.5475595 0.2973207 0.2150532 0.5478376 -0.2800011 0.2093842 0.6590664 -0.3 0.1894271 0.6575854 -0.2900006 0.2067105 0.658868 -0.2973207 0.1994057 0.6583259 -0.2800009 -0.297368 0.4603478 -0.3 -0.3130654 0.4734603 -0.2900004 -0.299471 0.4621046 -0.2973207 -0.3052167 0.4669041 0.2800007 -0.3033652 0.4369556 0.3 -0.3235765 0.4309625 0.2900004 -0.306073 0.4361526 0.2973206 -0.3134709 0.433959 0.2800011 0.2245728 0.8008859 0.3 0.2051634 0.8052278 0.2900006 0.2219724 0.8014676 0.2973207 0.2148681 0.8030568 -0.2800011 0.2582591 0.9253814 -0.3 0.2401561 0.9339769 -0.2900006 0.2558338 0.926533 -0.2973207 0.2492076 0.9296792 0.2714613 -0.2266615 0.03999996 0.2938207 -0.2066624 0.03999996 0.282641 -0.2239821 0.03999996 0.2908251 -0.2166619 0.03999996 -0.2861794 -0.2066624 0.03999996 -0.2638199 -0.2266615 0.03999996 -0.2831838 -0.2166619 0.03999996 -0.2749997 -0.2239821 0.03999996 -0.2638199 -0.186663 0.03999996 -0.2861794 -0.2066621 0.03999996 -0.2749997 -0.1893423 0.03999996 -0.2831838 -0.1966626 0.03999996 0.2938207 -0.2066621 0.03999996 0.2714613 -0.186663 0.03999996 0.2908251 -0.1966626 0.03999996 0.282641 -0.1893423 0.03999996 -0.2676406 0.3724371 0.03999996 -0.29 0.352438 0.03999996 -0.2788203 0.3697577 0.03999996 -0.2870045 0.3624375 0.03999996 0.29 0.352438 0.03999996 0.2676406 0.3724371 0.03999996 0.2870045 0.3624375 0.03999996 0.2788203 0.3697577 0.03999996 0.2676406 0.3324389 0.03999996 0.29 0.352438 0.03999996 0.2788203 0.3351182 0.03999996 0.2870045 0.3424385 0.03999996 -0.29 0.352438 0.03999996 -0.2676406 0.3324389 0.03999996 -0.2870045 0.3424385 0.03999996 -0.2788203 0.3351182 0.03999996 -0.2438199 -0.2264982 0 -0.2661794 -0.2064991 0 -0.2549996 -0.2238188 0 -0.2631838 -0.2164987 0 0.2738207 -0.2064991 0 0.2514612 -0.2264982 0 0.2708251 -0.2164987 0 0.262641 -0.2238188 0 0.2476406 0.3726008 0 0.2700001 0.3526017 0 0.2588202 0.3699215 0 0.2670044 0.3626012 0 -0.2700001 0.3526017 0 -0.2476406 0.3726008 0 -0.2670044 0.3626012 0 -0.2588202 0.3699215 0 -0.2661794 -0.2064988 0 -0.2438199 -0.1864997 0 -0.2631838 -0.1964992 0 -0.2549996 -0.189179 0 0.2514612 -0.1864997 0 0.2738207 -0.2064988 0 0.262641 -0.189179 0 0.2708251 -0.1964992 0 0.2700001 0.3526017 0 0.2476406 0.3326026 0 0.2670044 0.3426022 0 0.2588203 0.335282 0 -0.2476406 0.3326026 0 -0.2700001 0.3526017 0 -0.2588203 0.335282 0 -0.2670044 0.3426022 0</float_array>
          <technique_common>
            <accessor source="#Plane_001-mesh-positions-array" count="656" stride="3">
              <param name="X" type="float"/>
              <param name="Y" type="float"/>
              <param name="Z" type="float"/>
            </accessor>
          </technique_common>
        </source>
        <source id="Plane_001-mesh-normals">
          <float_array id="Plane_001-mesh-normals-array" count="1926">-0.9979223 -0.04996019 0.04068231 -0.9893242 0.03430294 -0.1416372 -0.9930832 -0.01672428 0.1162157 0.9926387 -0.1210393 -0.004242122 0.9912773 0.1304978 0.01843327 0.9914184 -0.1293101 -0.01919656 -0.9905888 -0.1365119 -0.009918689 -0.9923984 0.1225047 -0.01174992 -0.9922927 0.1235712 0.009247183 0.991271 -0.1269302 0.03564667 0.9917297 0.1252213 -0.02813893 0.9914331 0.1259815 -0.03448617 -0.9898332 -0.1273877 0.06326651 -0.9956 0.05704051 -0.07434493 -0.9928358 0.1093792 -0.04809749 -0.9894105 -0.1116707 0.09271812 -0.9943752 0.1026664 -0.0260328 -0.9891676 -0.1430144 0.03308314 -0.9898431 -0.1078225 -0.0926547 -0.9948921 0.09656238 0.02942037 -0.9931448 0.08633786 0.07879966 -0.9939504 -0.09363299 -0.05740666 -0.9906826 0.09332758 0.09918725 -0.9895528 0.1239077 0.0737037 -0.9927706 -0.116398 -0.02929782 -0.991006 0.1337333 -0.004760921 -0.9917193 -0.1267765 -0.02050882 -0.9911339 0.1316588 -0.01788407 -0.9913613 -0.1292801 -0.02212655 -0.9833844 0.1187191 -0.1373356 -0.9832928 -0.1182002 -0.1384344 -0.1308677 -0.7623469 0.6337987 0.1309864 -0.4275676 0.8944432 -0.1309864 -0.4275676 0.8944432 -0.9914671 0.004333674 0.1302851 -0.9915496 -0.002502501 -0.1297041 -0.9912886 0.002227842 0.1316896 0.9912886 0.002227842 0.1316896 0.9925125 0.01162773 -0.1215882 0.9915496 -0.002502501 -0.1297041 0.9930832 -0.01672428 0.1162157 0.9911479 -9.46101e-4 -0.1327593 0.9893242 0.03430294 -0.1416372 -0.9887979 -0.003936946 0.1492093 -0.9888102 -0.08816891 0.1203357 -0.9893941 0.1377015 0.04623621 -0.9970817 -0.04629707 -0.06070196 -0.9884346 0.09152507 0.1209144 0.1318407 -0.02887064 0.9908505 -0.134681 0.599274 0.7891336 -0.1318407 -0.02887064 0.9908505 -0.9913796 0.1309876 0.002990841 -0.9917845 -0.1276926 -0.007629811 -0.9910921 0.132878 0.008941948 0.1308361 0.94097 0.3121816 -0.1304094 0.9892255 0.06653225 -0.1308361 0.94097 0.3121816 -0.9914082 0.1308042 3.0519e-5 -0.9915116 -0.1300123 -0.00125128 -0.9914153 0.1307441 0.001281797 -0.992083 -0.08569747 -0.09180128 0.9939543 -0.09427428 -0.05627769 0.9906798 0.09335786 0.09918695 0.9920803 -0.08572781 -0.09180104 0.1305924 0.9911782 0.02261483 -0.130622 0.9913848 0.009705066 -0.1305924 0.9911782 0.02261483 -0.9860765 0.1191776 -0.1159731 -0.9914843 -0.1302263 -3.66233e-4 -0.9895084 0.1441094 -0.01028478 -0.9882767 0.1175299 -0.09744817 -0.9926387 -0.1210393 -0.004242122 -0.9912773 0.1304978 0.01843327 -0.9941242 0.04532063 -0.09830152 -0.9937544 0.08520859 -0.07205498 0.9894105 -0.1116707 0.09271812 0.9943752 0.1026664 -0.0260328 0.9937544 0.08520859 -0.07205498 -0.9910718 -0.1301327 0.02902346 -0.9905108 -0.136819 0.01300126 -0.991271 -0.1269302 0.03564667 -0.9917297 0.1252213 -0.02813893 -0.1300727 -0.007416129 -0.9914767 0.1302256 -0.03317439 -0.9909293 -0.1302256 -0.03317439 -0.9909293 0.1315072 0.9868077 -0.09442639 -0.1301928 0.9674124 -0.2171711 0.1301928 0.9674124 -0.2171711 -0.1302267 0.9816598 0.13923 0.1301013 0.9893253 -0.06564575 -0.1301013 0.9893253 -0.06564575 0.1439893 0.6062321 -0.7821444 -0.1372728 0.07480114 -0.9877049 0.1372728 0.07480114 -0.9877049 -0.1295851 0.9564762 -0.2614592 -0.1338252 0.7308046 0.6693397 0.1300117 0.6794791 0.7220839 -0.1300117 0.6794791 0.7220839 0.1384021 0.9592018 -0.2465298 -0.1356265 0.7553153 -0.6411741 0.1356265 0.7553153 -0.6411741 -0.1312604 0.991274 0.01211583 0.129796 0.9895996 0.06201398 0.1302541 0.991311 0.01834177 -0.1308366 0.8498121 0.5105892 -0.1185978 0.9865041 -0.1128907 0.1298292 0.9680728 0.2144287 -0.1306502 0.9896883 0.05871778 -0.130318 0.9682294 0.2134224 -0.1302853 -0.01947104 -0.9912855 0.131841 0.09314322 -0.9868851 -0.131841 0.09314322 -0.9868851 -0.1366972 0.4126553 -0.9005718 0.1302853 -0.01947104 -0.9912855 0.1300727 -0.007416129 -0.9914767 -0.1302568 0.228804 -0.9647186 0.1302568 0.228804 -0.9647186 0.1584241 -0.5974403 -0.7861088 -0.1352901 -0.9602149 -0.2443034 0.1352901 -0.9602149 -0.2443034 -0.1439893 0.6062321 -0.7821444 0.1321789 0.9089853 -0.3953158 -0.1321789 0.9089853 -0.3953158 0.1310777 -0.989599 -0.05926728 -0.1307727 -0.9911566 -0.0225228 0.1307727 -0.9911566 -0.0225228 -0.1584241 -0.5974403 -0.7861088 0.130682 -0.9913769 -0.009705007 -0.1308675 -0.9913946 -0.003235042 0.1308675 -0.9913946 -0.003235042 -0.1310777 -0.989599 -0.05926728 0.1307438 0.849774 0.5106762 0.1338252 0.7308046 0.6693397 -0.1408131 0.946689 0.2897442 0.1408131 0.946689 0.2897442 -0.1194197 -0.9859683 -0.1166425 -0.130682 -0.9913769 -0.009705007 0.1302267 0.9816598 0.13923 -0.1314775 0.9885229 0.07440626 0.1314775 0.9885229 0.07440626 -0.1363301 0.7632904 -0.6315076 -0.1384021 0.9592018 -0.2465298 0.1363301 0.7632904 -0.6315076 0.1295851 0.9564762 -0.2614592 -0.1315072 0.9868077 -0.09442639 -0.1506125 -0.9854057 -0.07931953 0.05942183 -0.7136723 -0.6979547 0.1506125 -0.9854057 -0.07931953 0.1305013 -0.9913645 -0.01287919 -0.1185665 -0.9853071 -0.1229307 0.1193001 -0.9855609 -0.1201546 0.1301962 -0.1144176 0.9848642 -0.1305013 0.01693826 0.9913035 -0.1302261 -0.1144171 0.9848604 -0.9916622 0.001800596 0.1288523 -0.9914028 -0.004364132 -0.130773 0.9979223 -0.04996019 0.04068231 0.9895084 0.1441094 -0.01028478 0.1297354 -0.9889004 -0.07242107 -0.1300406 -0.9806911 -0.1460629 0.1300406 -0.9806911 -0.1460629 0.9910718 -0.1301327 0.02902346 0.9923984 0.1225047 -0.01174992 -0.9914184 -0.1293101 -0.01919656 0.134377 -0.1356893 0.9815964 -0.1704509 -0.7657628 0.6201241 -0.134377 -0.1356893 0.9815964 0.1304684 -0.8890773 0.4387705 -0.1305013 -0.9546189 0.2677169 0.1305013 -0.9546189 0.2677169 0.9887979 -0.003936946 0.1492093 0.9956 0.05704051 -0.07434493 0.9940117 0.007538199 -0.1090147 -0.9914331 0.1259815 -0.03448617 -0.1298877 -0.9870979 0.09363144 -0.1297354 -0.9889004 -0.07242107 -0.1315987 -0.9518623 -0.2768393 0.131264 -0.965543 0.2247145 -0.131264 -0.965543 0.2247145 0.9931448 0.08633786 0.07879966 0.9898431 -0.1078225 -0.0926547 0.9891676 -0.1430144 0.03308314 0.9948921 0.09656238 0.02942037 0.9902952 -0.01614475 0.1380395 0.9941242 0.04532063 -0.09830152 -0.1330927 -0.9697362 -0.2046899 0.1361782 -0.8474975 -0.5130337 -0.136298 -0.8473912 -0.5131774 0.991703 -0.1284224 0.005737483 0.9910642 0.1317187 0.02102738 0.9909954 0.1322405 0.02099734 0.9901961 0.1353527 0.03451722 0.9895475 0.1233272 0.07474094 0.9890736 -0.1416102 -0.04098755 0.1308338 0.9914011 0.002533018 -0.1194227 0.9861149 -0.1153941 -0.1308338 0.9914011 0.002533018 0.1325137 -0.9700785 -0.20344 -0.1313528 -0.9895715 -0.05911487 0.1305299 -0.9898856 -0.05557519 0.9912862 -0.1306211 0.01702952 0.9883073 0.1194526 -0.0947625 -0.9925125 0.01162773 -0.1215882 -0.9902952 -0.01614475 0.1380395 0.9927671 -0.1183544 -0.02014279 -0.9911479 -9.46101e-4 -0.1327593 0.1306235 0.03317469 0.9908769 0.1305013 0.01693826 0.9913035 0.1326042 -0.9903352 -0.04065102 0.1704509 -0.7657628 0.6201241 0.9914671 0.004333674 0.1302851 0.9914028 -0.004364132 -0.130773 -0.130833 0.01413005 0.9913038 0.130833 0.01413005 0.9913038 -0.1306235 0.03317469 0.9908769 0.9882767 0.1175299 -0.09744817 0.134681 0.599274 0.7891336 0.9970817 -0.04629707 -0.06070196 0.9884346 0.09152507 0.1209144 -0.132757 -0.5878849 0.7979768 -0.1304684 -0.8890773 0.4387705 -0.1314464 -0.6763676 -0.7247406 0.130379 -0.7509611 -0.6473476 -0.130379 -0.7509611 -0.6473476 0.9893941 0.1377015 0.04623621 0.9934028 -0.1109986 -0.0288102 0.9910921 0.132878 0.008941948 0.9917845 -0.1276926 -0.007629811 -0.9940117 0.007538199 -0.1090147 0.1304094 0.9892255 0.06653225 0.9913796 0.1309876 0.002990841 0.9915564 -0.1296439 -0.002929806 0.9914153 0.1307441 0.001281797 0.9915116 -0.1300123 -0.00125128 -0.9934028 -0.1109986 -0.0288102 0.130622 0.9913848 0.009705066 0.9914082 0.1308042 3.0519e-5 0.9914843 -0.1302263 -3.66233e-4 0.1315987 -0.9518623 -0.2768393 0.1314464 -0.6763676 -0.7247406 -0.2058209 -0.2061871 -0.9566215 0.2119838 0.2116481 -0.9540798 0.2110081 -0.2103978 -0.9545724 0.2090886 0.2090581 -0.9552888 -0.2089324 -0.2088714 -0.9553638 -0.2090886 0.2090581 -0.9552888 -0.9902144 0.1371517 0.02578842 0.9922927 0.1235712 0.009247183 0.9905888 -0.1365119 -0.009918689 0.9860765 0.1191776 -0.1159731 0.9860519 -0.1189342 -0.1164315 -0.9915564 -0.1296439 -0.002929806 0.130193 -0.9677194 0.2157981 0.1298877 -0.9870979 0.09363144 -0.1326042 -0.9903352 -0.04065102 0.9905108 -0.136819 0.01300126 -0.9890736 -0.1416102 -0.04098755 0.9894565 -0.06262499 0.1305907 0.1308677 -0.7623469 0.6337987 -0.1314754 -0.9911319 -0.01928794 0.9928358 0.1093792 -0.04809749 0.9898332 -0.1273877 0.06326651 0.132757 -0.5878849 0.7979768 -0.130193 -0.9677194 0.2157981 0.9888102 -0.08816891 0.1203357 0.1366972 0.4126553 -0.9005718 0.9916622 0.001800596 0.1288523 -0.8881985 0.1246706 -0.4422223 -0.5518732 -0.04620558 -0.832647 -0.8877258 -0.1251917 -0.4430236 -0.1506121 -0.9854034 -0.07934987 0.05942052 -0.7136572 -0.6979705 0.1506121 -0.9854034 -0.07934987 0.2776058 0.6290689 -0.7260906 0.5060081 0.3558842 -0.7856859 0.5049102 -0.3542673 -0.7871217 0.5059506 0.3558866 -0.7857218 0.551481 0.07718288 -0.8306092 -0.3721255 -0.9092704 -0.1864137 -0.6326605 0.7585517 -0.1560135 -0.6658028 0.1066334 -0.7384686 0.9832004 -0.09363234 -0.1566846 0.6335574 0.7578335 -0.1558638 0.9207345 0.200908 -0.3344907 0.1508253 0.9859799 -0.07138407 -0.05960363 0.7164955 -0.6950407 -0.1508253 0.9859799 -0.07138407 0.1508256 0.985982 -0.07135373 -0.1508256 0.985982 -0.07135373 0.8877742 -0.1247626 -0.4430478 0.8881503 0.1250997 -0.4421982 -0.5257312 -0.5249072 -0.6693872 -0.5711654 -0.1441113 -0.8080854 -0.1453012 -0.5749486 -0.8051843 -0.5021304 -0.8179113 -0.280867 -0.4883636 -0.8721696 -0.02865725 -0.1394431 -0.8914412 -0.4311476 -0.8168404 -0.5013962 -0.2852609 -0.8867272 -0.1389831 -0.4409068 -0.8714717 -0.4890374 -0.03714168 0.5345177 -0.5359215 -0.653513 0.1474364 -0.5792169 -0.8017296 0.585304 -0.1494237 -0.7969265 0.8245452 -0.5054639 -0.2542274 0.8722519 -0.489047 0.003112971 0.9005404 -0.1412444 -0.4111899 0.9882629 -0.1192373 -0.09549361 0.5043061 -0.8229614 -0.2615531 0.1406012 -0.8931702 -0.427175 0.4899789 -0.8716772 -0.009979605 -0.5319123 0.531485 -0.6592368 -0.147224 0.5790081 -0.8019195 -0.5789113 0.1469786 -0.8020344 -0.8217014 0.5033852 -0.2672269 -0.872183 0.4890121 -0.01281809 -0.89402 0.1402037 -0.4255247 -0.4896446 0.8718323 -0.01251268 -0.1404476 0.8941708 -0.4251271 -0.5039607 0.8213891 -0.2671025 0.5319123 0.531485 -0.6592368 0.5789113 0.1469786 -0.8020344 0.147224 0.5790081 -0.8019195 0.5039607 0.8213891 -0.2671025 0.4896446 0.8718323 -0.01251268 0.1404476 0.8941708 -0.4251271 0.1194227 0.9861149 -0.1153941 0.8217014 0.5033852 -0.2672269 0.89402 0.1402037 -0.4255247 0.872183 0.4890121 -0.01281809 -0.2068281 0.2074385 -0.9561337 -0.52841 0.5270367 -0.665594 -0.1465821 0.5783326 -0.8025242 -0.5722543 0.1446582 -0.807217 -0.8181163 0.502003 -0.2804979 -0.8714975 0.4893399 -0.03222793 -0.8872309 0.1393213 -0.4397853 -0.4885852 0.8723058 -0.01916617 -0.1399598 0.8947537 -0.4240604 -0.5031998 0.8198055 -0.2733296 0.5370783 0.5379633 -0.6497249 0.5862528 0.1499127 -0.7961368 0.1486898 0.5825822 -0.7990553 0.5051337 0.8247373 -0.2542607 0.4900134 0.8717147 -6.71418e-4 0.1410907 0.8964435 -0.4200982 0.1193313 0.9867261 -0.1101449 0.8721436 0.4891902 0.007660269 0.9008702 0.1414572 -0.4103937 0.8256731 0.5058293 -0.2498016 -0.531556 -0.5312203 -0.6597374 -0.5787726 -0.146921 -0.8021451 -0.1470416 -0.5785837 -0.8022592 -0.5038387 -0.8211756 -0.2679876 -0.4896138 -0.8718318 -0.01370292 -0.1403586 -0.8937599 -0.4260199 -0.8720645 -0.4891973 -0.01376426 -0.8939651 -0.1401742 -0.4256497 -0.9860519 -0.1189342 -0.1164315 -0.8215438 -0.5033516 -0.2677746 0.2089324 -0.2088714 -0.9553638 0.531556 -0.5312203 -0.6597374 0.1470416 -0.5785837 -0.8022592 0.5787726 -0.146921 -0.8021451 0.821537 -0.5033475 -0.2678029 0.8720645 -0.4891973 -0.01376426 0.8939651 -0.1401742 -0.4256497 0.5038387 -0.8211756 -0.2679876 0.1403586 -0.8937599 -0.4260199 0.4896138 -0.8718318 -0.01370292 0.1194197 -0.9859683 -0.1166425 -0.8651013 0.008545398 0.5015244 -0.8592351 -0.05920708 0.5081433 -0.4992663 0.01477134 0.8663227 -0.4943149 -0.1003462 0.8634717 -0.9894565 -0.06262499 0.1305907 -0.8552197 -0.2237695 0.4674684 -0.4923447 -0.3754235 0.7852733 0.8788877 -0.06604319 0.4724349 0.8675296 0.007049858 0.4973356 0.515983 -0.1169484 0.848578 0.5016357 0.01232951 0.8649912 0.9361964 -0.2732658 0.2210481 0.626688 -0.6059957 0.48993 0.8655059 -0.4954555 -0.0736438 0.8605109 -0.5080786 -0.03711098 0.4989303 -0.8571969 -0.1276013 0.4946307 -0.8667864 -0.06341964 0.8601772 -0.5077136 0.04818946 0.4945903 -0.8652431 0.08206546 -0.8747756 -0.4841587 -0.01892197 -0.8655059 -0.4954555 -0.0736438 -0.5099797 -0.8594577 -0.03540253 -0.4989303 -0.8571969 -0.1276013 -0.9361964 -0.2732658 0.2210481 -0.626688 -0.6059957 0.48993 0.8649744 -0.483149 0.1355966 0.8568837 -0.4620281 0.2286488 0.4991454 -0.8343098 0.2340535 0.4928903 -0.7802011 0.3851564 0.8531431 -0.3089187 0.4203761 0.493154 -0.5158905 0.7004685 -0.8649744 -0.483149 0.1355966 -0.863609 -0.4920652 0.1097785 -0.4991454 -0.8343098 0.2340535 -0.4976716 -0.8465636 0.1888204 -0.8601772 -0.5077136 0.04818946 -0.4945903 -0.8652431 0.08206546 -0.8538973 -0.5069549 0.1177126 -0.8536653 -0.5001866 -0.1451514 -0.4917239 -0.8480955 0.1973365 -0.491995 -0.8359735 -0.243083 -0.8568532 -0.3907051 -0.3363811 -0.4927366 -0.6591287 -0.5681198 0.8549019 -0.3990377 0.3315293 0.8538841 -0.5069775 0.1177108 0.491934 -0.6695234 0.5565425 0.4917007 -0.8481083 0.1973395 0.8552197 -0.2237695 0.4674684 0.4923447 -0.3754235 0.7852733 -0.8859938 -0.3963487 -0.2406719 -0.8759506 -0.4711492 -0.1035808 -0.5249685 -0.7278631 -0.4411615 -0.5116189 -0.8402769 -0.1793901 -0.8685504 -0.4939558 -0.04034656 -0.5030739 -0.8623732 -0.05682623 0.8859439 -0.3970862 -0.2396373 0.8705072 -0.3358058 -0.3597941 0.5247718 -0.728363 -0.4405702 0.5048798 -0.5889299 -0.6310769 0.8568348 -0.3907411 -0.3363859 0.4927049 -0.6591272 -0.5681489 -0.8663396 -0.4987396 -0.02673453 -0.5009371 -0.8650885 -0.02615463 0.8666145 -0.4989228 0.007446587 0.5011801 -0.8653306 -0.00463885 0.8681557 -0.4960018 -0.01696878 0.5018556 -0.8638728 -0.04318445 -0.8675295 0.007080376 0.4973356 -0.8662341 0.01669412 0.4993596 -0.5016129 0.01232969 0.8650044 -0.5003352 0.02896291 0.8653473 0.8592351 -0.05920708 0.5081433 0.4943149 -0.1003462 0.8634717 0.8650881 0.008545279 0.5015472 0.4992663 0.01477134 0.8663227 0.8662341 0.01669412 0.4993596 0.5003352 0.02896291 0.8653473 -0.8788877 -0.06604319 0.4724349 -0.515983 -0.1169484 0.848578 -0.852407 -0.01458823 0.5226754 -0.8526237 0.3156939 0.4163777 -0.4913829 -0.02520847 0.8705788 -0.4952053 0.5253583 0.6919324 -0.8531431 -0.3089187 0.4203761 -0.493154 -0.5158905 0.7004685 0.852407 -0.01458823 0.5226754 0.4913829 -0.02520847 0.8705788 0.8526237 0.3156939 0.4163777 0.4952053 0.5253583 0.6919324 -0.8638799 0.5025616 0.03381538 -0.8547879 0.4923087 0.1642249 -0.4981645 0.8651272 0.05820006 -0.4918179 0.8263701 0.2742766 0.8547879 0.4923087 0.1642249 0.4918179 0.8263701 0.2742766 0.8638799 0.5025616 0.03381538 0.4981645 0.8651272 0.05820006 -0.8659115 0.5001735 0.004882991 -0.8656853 0.5004585 0.01141428 -0.5000569 0.8659514 0.008453786 -0.4998432 0.8658902 0.0197764 0.8656853 0.5004585 0.01141428 0.4998432 0.8658902 0.0197764 0.8659115 0.5001735 0.004882991 0.5000569 0.8659514 0.008453786 -0.8705241 -0.3358006 -0.359758 -0.5049123 -0.5889322 -0.6310488 0.8757003 -0.4733738 -0.09521794 0.5107657 -0.8418355 -0.1744465 0.8660579 0.4999434 7.01953e-4 0.5001787 0.8659204 0.001770079 -0.8660579 0.4999434 7.01953e-4 -0.5001787 0.8659204 0.001770079 0.8747756 -0.4841587 -0.01892197 0.5099797 -0.8594577 -0.03540253 -0.8605109 -0.5080786 -0.03711098 -0.4946307 -0.8667864 -0.06341964 -0.8549019 -0.3990377 0.3315293 -0.491934 -0.6695234 0.5565425 0.8536522 -0.5002095 -0.1451492 0.491995 -0.8359735 -0.243083 0.863609 -0.4920652 0.1097785 0.4976716 -0.8465636 0.1888204 -0.8568837 -0.4620281 0.2286488 -0.4928903 -0.7802011 0.3851564 -0.4999966 -0.01696866 -0.8658612 -0.5078701 0.08096742 -0.8576202 -0.8664668 -0.009766101 -0.4991393 -0.8734654 0.04599273 -0.4847092 -0.526863 0.354182 -0.7726387 -0.8874651 0.1924229 -0.4187832 0.4904451 0.2012442 -0.8479177 0.4977415 -0.006470084 -0.8673014 0.8539828 0.1211299 -0.5060051 0.8639533 -0.003723263 -0.5035582 0.4975277 0.6683144 -0.553012 0.8530085 0.4019364 -0.3329021 0.49865 0.8582248 0.1216487 0.5059762 0.8601198 0.06466996 0.8648198 0.4971256 0.07037705 0.8718151 0.4884619 0.03665369 0.5065874 0.8582596 -0.08221858 0.8725146 0.4863546 -0.04666388 -0.4908716 0.8693103 -0.05783396 -0.49865 0.8582248 0.1216487 -0.854846 0.5176686 -0.03546339 -0.8648198 0.4971256 0.07037705 -0.4975277 0.6683144 -0.553012 -0.8530085 0.4019364 -0.3329021 0.4980462 0.8364453 -0.2287124 0.5101268 0.7887053 -0.3430958 0.8652595 0.4835516 -0.1323022 0.8757163 0.4424665 -0.1932472 0.5520002 0.5107382 -0.6591224 0.9029021 0.2627068 -0.3402249 -0.4980462 0.8364453 -0.2287124 -0.5006738 0.8445991 -0.1896792 -0.8652595 0.4835516 -0.1323022 -0.8674751 0.4853758 -0.1090753 -0.5065874 0.8582596 -0.08221858 -0.8725146 0.4863546 -0.04666388 -0.5319238 0.8201192 -0.210859 -0.5403087 0.8045423 0.2465326 -0.8903334 0.4410924 -0.1128901 -0.8956054 0.4253714 0.1301933 -0.5152953 0.6319113 0.578929 -0.8789233 0.3518867 0.3219779 0.5223997 0.6501233 -0.5517594 0.5318886 0.8201425 -0.2108571 0.884189 0.3563674 -0.3020135 0.8903151 0.4411289 -0.1128916 0.5268505 0.3541737 -0.772651 0.8874651 0.1924229 -0.4187832 -0.4924283 0.7461653 0.4480533 -0.4940727 0.8493754 0.1856168 -0.8556225 0.443941 0.2661326 -0.8588067 0.5010011 0.1069998 -0.4983807 0.8657115 0.04648095 -0.8638284 0.503404 0.01962339 0.4922789 0.7459871 0.4485139 0.4955435 0.5952505 0.6325452 0.8555549 0.4435408 0.2670156 0.8612194 0.3483148 0.3701055 0.5152539 0.6319284 0.5789472 0.8789146 0.3518832 0.3220052 -0.4994444 0.8663446 0.00149542 -0.8648298 0.5019535 -0.01059025 0.499651 0.8659356 0.02246171 0.8651245 0.5010318 0.02295035 0.4970976 0.8656786 0.05911576 0.8634251 0.5027465 0.04175055 -0.4977415 -0.006470084 -0.8673014 -0.4991976 -0.02896243 -0.8660042 -0.8639533 -0.003723263 -0.5035582 -0.8655503 -0.0167244 -0.5005427 0.5078701 0.08096742 -0.8576202 0.8734654 0.04599273 -0.4847092 0.4999964 -0.01699918 -0.8658608 0.8664668 -0.009766101 -0.4991393 0.4991976 -0.02896243 -0.8660042 0.8655503 -0.0167244 -0.5005427 -0.4904451 0.2012442 -0.8479177 -0.8539828 0.1211299 -0.5060051 -0.5273209 0.06430518 -0.8472294 -0.5939674 -0.4869361 -0.6403874 -0.8870602 0.0339064 -0.460407 -0.9229611 -0.2331665 -0.3062294 -0.5520002 0.5107382 -0.6591224 -0.9029021 0.2627068 -0.3402249 0.5273209 0.06430518 -0.8472294 0.8870602 0.0339064 -0.460407 0.5939674 -0.4869361 -0.6403874 0.9229611 -0.2331665 -0.3062294 -0.5027387 -0.8628929 -0.05166858 -0.5196818 -0.8280788 -0.2102776 -0.8684678 -0.4948591 -0.02963352 -0.8816153 -0.4572729 -0.116859 0.5196818 -0.8280788 -0.2102776 0.8816153 -0.4572729 -0.116859 0.5027387 -0.8628929 -0.05166858 0.8684678 -0.4948591 -0.02963352 -0.5006731 -0.8655953 -0.008453905 -0.5010044 -0.8652215 -0.01965439 -0.8665602 -0.4990488 -0.00488305 -0.8668679 -0.4984093 -0.01132261 0.5010044 -0.8652215 -0.01965439 0.8668679 -0.4984093 -0.01132261 0.5006731 -0.8655953 -0.008453905 0.8665602 -0.4990488 -0.00488305 -0.4955756 0.5952218 0.6325471 -0.8612285 0.348288 0.3701094 0.4933116 0.8489208 0.1896765 0.8585158 0.4998802 0.1143263 0.5004849 -0.8657391 -0.0032655 0.8662553 -0.4995983 -0.001831114 -0.5004849 -0.8657391 -0.0032655 -0.8662553 -0.4995983 -0.001831114 0.4908716 0.8693103 -0.05783396 0.854846 0.5176686 -0.03546339 -0.5059762 0.8601198 0.06466996 -0.8718151 0.4884619 0.03665369 -0.5224219 0.6501129 -0.5517506 -0.8841987 0.3563407 -0.3020167 0.5403087 0.8045423 0.2465326 0.8955958 0.4253813 0.1302269 0.5006609 0.8446078 -0.1896743 0.8674751 0.4853758 -0.1090753 -0.5101494 0.788693 -0.3430904 -0.8757163 0.4424665 -0.1932472 0.2768069 -0.6264321 -0.7286706 0.4993818 -0.82859 -0.2530938 0.7922428 -0.462546 -0.3979983 0.6659309 0.1066344 -0.7383531 0.05960363 0.7164955 -0.6950407 0.5007256 0.8296293 -0.2469599 0.7938393 0.4623684 -0.3950122 0.4993857 -0.8285964 -0.2530652 0.5478522 -0.09146636 -0.8315598 -0.7922428 -0.462546 -0.3979983 -0.5049102 -0.3542673 -0.7871217 -0.4993818 -0.82859 -0.2530938 -0.2768069 -0.6264321 -0.7286706 -0.7938393 0.4623684 -0.3950122 -0.5059854 0.3558897 -0.785698 -0.5007256 0.8296293 -0.2469599 -0.2776058 0.6290689 -0.7260906 -0.5059506 0.3558866 -0.7857218 -0.5598782 0.1264723 -0.8188657 -0.05942183 -0.7136723 -0.6979547 -0.4993857 -0.8285964 -0.2530652 -0.05942052 -0.7136572 -0.6979705 -0.892966 -0.06546401 -0.4453385</float_array>
          <technique_common>
            <accessor source="#Plane_001-mesh-normals-array" count="642" stride="3">
              <param name="X" type="float"/>
              <param name="Y" type="float"/>
              <param name="Z" type="float"/>
            </accessor>
          </technique_common>
        </source>
        <source id="Plane_001-mesh-map-0">
          <float_array id="Plane_001-mesh-map-0-array" count="7632">0.05640012 1.423717 0.02985733 1.370778 0.05633884 1.372455 0.9397813 1.425491 0.9676794 1.494884 0.939938 1.494934 0.05725795 1.580403 0.02994966 1.67382 0.02978157 1.582631 0.9407109 1.91166 0.9682222 1.800695 0.9684949 1.911189 0.05788534 2.001569 0.03468871 2.049168 0.03119421 2.006526 0.05591249 0.6838102 0.03087252 0.6478989 0.05584073 0.6416746 0.05564802 0.5129414 0.03133553 0.561248 0.02921563 0.5176677 0.05533003 0.3618146 0.02801775 0.4381329 0.02963113 0.3560819 0.05533945 0.2995193 0.02846294 0.203866 0.05600351 0.204882 0.05598837 0.2063555 0.03014898 0.1042666 0.05772644 0.1050126 0.05771869 0.105413 0.03222805 0.01350045 0.05980992 0.01414114 0.111034 0.6898618 0.8837403 0.7422612 0.1111141 0.743418 0.05641132 1.082732 0.02849727 0.9055047 0.05613505 0.9050303 0.9392003 0.9027769 0.966238 0.8060061 0.9668373 0.9022371 0.939893 1.378625 0.9673346 1.264589 0.9658932 1.383924 0.05815345 2.129363 0.03500258 2.081686 0.05809998 2.074026 0.05842685 2.2832 0.03874319 2.230745 0.05832993 2.222911 0.8858272 2.136216 0.1133121 2.211915 0.1132005 2.137372 0.05871701 2.630968 0.03092759 2.418306 0.05838865 2.417372 0.8860551 2.2886 0.113618 2.41639 0.1134285 2.289757 0.0595861 3.205376 0.03160381 2.908049 0.0591374 2.907882 0.05544072 0.4335143 0.02899914 0.4996742 0.02802711 0.4319278 0.9383785 0.3604955 0.9659237 0.4367284 0.9384972 0.4353064 0.8865661 2.629963 0.1143533 2.907673 0.1139393 2.63112 0.06002455 3.497669 0.03204655 3.205602 0.05958622 3.2055 0.05665272 1.383946 0.02976453 1.433312 0.04169631 1.373175 0.05711972 1.426813 0.02942979 1.496289 0.03063201 1.421988 0.05590194 0.6959481 0.03040313 0.7316562 0.03015029 0.7016007 0.9387623 0.6824882 0.963696 0.646502 0.9644882 0.6767135 0.05751073 1.799123 0.02996069 1.683658 0.05736911 1.681174 0.05764472 1.912981 0.02980136 1.802098 0.05751216 1.801088 1.027881 2.115089 1.800205 2.302303 1.027579 2.301049 1.801369 1.585049 1.028923 1.472737 1.801549 1.473991 1.028479 1.746502 1.800976 1.827114 1.02835 1.825859 1.801885 1.267111 1.029297 1.242721 1.801923 1.243976 1.029101 1.363624 1.801549 1.473991 1.028923 1.472737 1.026956 2.68481 1.799475 2.751157 1.02685 2.749902 1.79966 2.637542 1.027062 2.619103 1.799688 2.620359 1.028954 3.145232 1.799878 3.042764 1.801576 3.146499 1.799475 2.751157 1.026705 2.839612 1.02685 2.749902 1.801576 3.146499 1.03103 3.237101 1.028954 3.145232 1.799277 2.939691 1.027256 3.041486 1.026654 2.938409 1.027291 2.477914 1.799767 2.571919 1.027141 2.570664 1.027091 2.60125 1.799688 2.620359 1.027062 2.619103 1.799917 2.479168 1.027579 2.301049 1.800204 2.302303 1.800507 2.116344 1.028084 1.989683 1.80071 1.990937 1.801953 1.2253 1.029372 1.196098 1.801998 1.19735 1.029259 1.265858 1.801838 1.296038 1.029212 1.294785 1.802172 1.090198 1.029888 0.8776128 1.802514 0.8788646 1.029327 1.224048 1.801923 1.243976 1.029297 1.242721 1.80296 0.603388 1.030816 0.3050199 1.803442 0.3062713 1.029546 1.088947 1.801998 1.19735 1.029372 1.196098 1.026654 2.938409 1.799329 2.840874 1.799277 2.939691 1.799581 2.686066 1.027006 2.653499 1.799632 2.654755 1.031289 0.01297324 1.803441 0.3062713 1.030816 0.3050199 1.030334 0.602137 1.802514 0.8788645 1.029888 0.8776128 1.801105 1.747756 1.028602 1.670325 1.801229 1.671579 1.02822 1.905829 1.80071 1.990937 1.028084 1.989683 1.027034 2.636283 1.799632 2.654755 1.027007 2.653499 1.800847 1.907083 1.02835 1.825859 1.800976 1.827114 1.801726 1.364878 1.029212 1.294785 1.801838 1.296038 1.028743 1.583794 1.801228 1.671579 1.028603 1.670325 8.73419e-5 0.07487177 0.06362539 0.8933604 8.8103e-5 0.9251289 0.8855291 0.1045724 0.1149924 0.01475191 0.8876133 0.01359575 0.8838269 0.8001747 0.1113553 0.9045149 0.1112008 0.8013315 0.8837403 0.7422612 0.1112008 0.8013315 0.1111142 0.743418 0.05669599 1.267407 0.02877801 1.082737 0.05641126 1.082707 0.9401196 1.382624 0.9671553 1.431908 0.9402394 1.431251 0.8849903 1.576975 0.1122412 1.496181 0.8848676 1.495024 0.9405044 1.797803 0.967709 1.682255 0.9682137 1.796756 0.0571714 1.496052 0.02976065 1.573984 0.02943092 1.495881 0.884685 1.373039 0.1121032 1.403968 0.1120585 1.374196 0.8856161 1.995261 0.1128653 1.913325 0.8854917 1.912169 0.9408502 2.128042 0.9638584 2.080296 0.9654033 2.120762 0.05764937 1.913998 0.03088623 1.988221 0.02986854 1.914633 0.8849903 1.576975 0.1125143 1.678636 0.1123638 1.578131 0.110862 0.5748357 0.8835772 0.6336165 0.1109516 0.6347735 0.9384829 0.4321932 0.9651256 0.4982728 0.9385969 0.5024417 0.938614 0.6264289 0.9628663 0.5878204 0.9635176 0.619944 0.9390043 0.7966604 0.9645861 0.7534007 0.9661199 0.7932466 0.110556 0.2962368 0.8831771 0.3667877 0.110553 0.3679369 0.9389865 0.2060708 0.9683031 0.1049156 0.9665045 0.2074543 0.9384121 0.3728474 0.9654181 0.2888978 0.9641265 0.3785227 0.9385139 0.5116195 0.9629734 0.5598528 0.9386034 0.5663263 0.8874255 3.2042 0.1152362 3.497588 0.1147989 3.205356 0.8831793 0.2951073 0.11119 0.2058594 0.8838123 0.2047247 0.9407088 0.1054427 0.970376 0.01479017 0.9682739 0.1063532 0.05613476 0.9040994 0.02880787 0.8074098 0.05597239 0.8044173 0.9383518 0.2986764 0.9665588 0.2033911 0.9653005 0.3022035 0.05686742 1.379948 0.0290848 1.265994 0.05669081 1.26637 0.8842483 1.081479 0.1113553 0.9045149 0.8839814 0.9033578 0.8847711 1.430611 0.1121032 1.403968 0.8847296 1.402811 0.9394587 1.08141 0.9668422 0.9040995 0.9670923 1.081382 0.884685 1.373039 0.1118976 1.266705 0.8845242 1.265548 0.8842483 1.081479 0.1118976 1.266705 0.1116219 1.082636 0.9404911 1.422392 0.9668752 1.369375 0.9556148 1.432928 0.8860551 2.2886 0.113312 2.211915 0.8859387 2.210759 0.9407344 2.144689 0.9603487 2.191537 0.9408282 2.199534 0.8856161 1.995261 0.1130921 2.064898 0.1129897 1.996418 0.1106532 0.4350714 0.8833871 0.5068227 0.1107621 0.5079792 0.9410368 2.281879 0.9605634 2.229365 0.9665881 2.275648 0.9414671 2.414065 0.9670963 2.299171 0.9689213 2.412945 0.05831879 2.146009 0.03884464 2.192916 0.03389227 2.153703 0.8865661 2.629963 0.113618 2.41639 0.8862447 2.415233 0.9417876 2.629646 0.9689405 2.416902 0.9693072 2.629371 0.9421958 2.906306 0.9693089 2.630301 0.9697292 2.906137 0.05839222 2.415387 0.03241926 2.30057 0.05820035 2.295371 0.8874254 3.2042 0.1143533 2.907673 0.8869799 2.906516 0.942638 3.204054 0.9697301 2.906645 0.9701777 3.203951 0.1108619 0.5748357 0.8833871 0.5068227 0.8834875 0.5736787 0.1106532 0.4350714 0.8831771 0.3667877 0.8832779 0.4339154 2.646405 0.01414644 1.846077 0.06944179 1.846077 0.01414626 2.646404 0.0977348 1.846077 0.1530292 1.846077 0.09773433 0.0553174 0.3740841 0.02830988 0.2901453 0.05532312 0.2931761 0.9399369 1.494731 0.9675812 1.57258 0.9401004 1.574756 0.9430744 3.496348 0.970178 3.204197 0.9706162 3.496306 0.05913704 2.907627 0.03119808 2.631705 0.05871778 2.631434 0.8853223 1.798886 0.1125143 1.678636 0.8851407 1.67748 0.8847711 1.430611 0.1122412 1.496181 0.1121448 1.431768 0.9401028 1.579082 0.9676906 1.672418 0.9402839 1.674921 0.05589252 0.6277505 0.03152656 0.5892148 0.05582416 0.582482 0.9388094 0.6946257 0.9644166 0.7302576 0.9388584 0.7360171 0.111034 0.6898617 0.8835772 0.6336165 0.8836598 0.6887046 0.1129075 0.1057179 0.8838123 0.2047247 0.11119 0.2058593 0.9407094 1.912677 0.9676946 1.986819 0.9408641 1.990956 0.8858272 2.136216 0.1130921 2.064898 0.8857187 2.063741 0.8853223 1.798886 0.1128653 1.913325 0.1126958 1.800041 0.9407355 2.000247 0.9640743 2.047777 0.9408552 2.05506 1.799717 2.602507 1.027141 2.570664 1.799767 2.571919 0.9397273 1.266085 0.9670922 1.081332 0.9673302 1.266663 0.0951336 8.73348e-5 0.0953924 0.07112413 0.09513306 8.73348e-5 0.1908724 0.07487142 0.2544093 0.8933593 0.1908721 0.9251276 0.3136876 0.9111174 0.3020601 0.9241174 0.2702929 0.9241173 0.1112761 0.9241185 0.0953927 0.9288768 0.07950878 0.9241186 0.2859173 8.73348e-5 0.2861773 0.07112377 0.2861773 0.07112377 0.2859163 0.9999124 0.2861765 0.9288757 0.2859163 0.9999124 0.1906974 0.9251292 0.1271601 0.1066406 0.1906974 0.07487219 0.3814815 0.9251279 0.3179443 0.1066402 0.3814815 0.07487189 0.09513276 0.9999127 0.0953927 0.9288768 0.0951333 0.9999127 2.646405 0.01414644 2.650537 0.01008641 2.653178 0.01853698 0.1057459 0.004083395 0.09949821 0.002282023 0.09729808 0.00546056 0.101451 0.01463353 0.1106659 0.008630573 0.1149924 0.01475191 0.101451 0.01463353 0.08753812 0.008656919 0.09950792 0.008778452 0.06437557 0.008094668 0.07335507 0.01425772 0.05980992 0.01414114 0.06955587 0.00188446 0.07555133 0.008433997 0.06437557 0.008094668 0.09729808 0.00546056 0.09949821 0.002282023 0.08753812 0.008656919 1.846077 0.01414626 1.842138 0.01008892 1.850588 0.007406592 0.9335905 0.003459334 0.9274422 0.001334726 0.9251167 0.004710674 0.9292538 0.0140174 0.9385116 0.007996737 0.9428005 0.01416683 0.9292538 0.0140174 0.9153386 0.007870078 0.9273268 0.008027017 0.8921152 0.007461965 0.9011558 0.01362746 0.8876133 0.01359575 0.8972415 0.001088142 0.9033316 0.007645785 0.8921152 0.007461965 0.9251167 0.004710674 0.9274422 0.001334726 0.9153386 0.007870078 1.846077 0.09773433 1.842041 0.09370559 1.850491 0.0910061 0.06949412 3.50833 0.07565665 3.51017 0.07794684 3.506928 0.07358127 3.497647 0.06445431 3.503796 0.06002455 3.497669 0.08764392 3.497624 0.07565152 3.503587 0.07358127 3.497647 0.1108317 3.503726 0.1016937 3.497603 0.1152362 3.497588 0.1058182 3.510126 0.09964478 3.503549 0.1108317 3.503726 0.07794684 3.506928 0.07565665 3.51017 0.0876528 3.503567 2.646404 0.0977348 2.65044 0.09370607 2.653133 0.1021599 0.8973155 3.507088 0.9034819 3.508932 0.9057633 3.505684 0.9014054 3.496407 0.8922857 3.502557 0.8878628 3.496432 0.9014054 3.496407 0.915464 3.502324 0.903472 3.502346 0.9386631 3.502488 0.9295178 3.496366 0.9430744 3.496348 0.933641 3.508886 0.9274653 3.502313 0.9386631 3.502488 0.9057633 3.505684 0.9034819 3.508932 0.9154639 3.502324 2.646405 0.06944191 2.650536 0.0734561 2.642086 0.07616144 0.02304983 0.002519071 0.01695829 6.79622e-4 0.01456284 0.003650426 0.01869088 0.01303267 0.02796888 0.00725609 0.03222805 0.01350045 0.004648864 0.01252293 0.01677292 0.007095813 0.01869088 0.01303267 1.026701 3.243181 1.017487 3.237131 1.03103 3.237101 1.021777 3.249536 1.015543 3.242984 1.026701 3.243181 0.01456284 0.003650426 0.01695829 6.79622e-4 0.004781842 0.006708383 1.846077 0.06944179 1.842137 0.07345324 1.839391 0.06500244 1.813277 3.248951 1.819356 3.250833 1.82173 3.247561 1.817192 3.238244 1.808151 3.244451 1.803651 3.238357 0.9979605 0.0156722 0.9927378 0.009665489 0.9938629 0.01571571 0.9749175 0.008826732 0.9839134 0.01529461 0.970376 0.01479017 0.9800757 0.002541482 0.9861038 0.009381473 0.9749175 0.008826732 1.82173 3.247561 1.819356 3.250833 1.831374 3.244104 1.846077 0.1530292 1.842041 0.157064 1.839348 0.1486104 1.021869 0.002278089 1.015709 4.23416e-4 1.013417 0.003652811 1.017746 0.012946 1.026885 0.006831586 1.031289 0.01297324 0.004865407 3.497761 0.01023435 3.503685 0.008962988 3.497747 0.0280689 3.50385 0.01892715 3.497733 0.03248286 3.49771 0.02304488 3.510248 0.01687383 3.503676 0.0280689 3.50385 1.013417 0.003652811 1.015709 4.23416e-4 1.003706 0.006978273 2.646404 0.1530292 2.65044 0.157064 2.64199 0.1597599 0.9800875 3.506967 0.9862577 3.508807 0.988538 3.505564 0.9841719 3.496289 0.9750484 3.502433 0.9706162 3.496306 0.9841719 3.496289 0.9982426 3.50221 0.986243 3.502225 1.808338 0.008097171 1.817457 0.01424115 1.803915 0.01422446 1.813372 0.001715183 1.819525 0.008303463 1.808338 0.008097171 0.988538 3.505564 0.9862577 3.508807 0.9982426 3.50221 0.05597239 0.8044173 0.06994891 0.9045605 0.05613476 0.9040994 0.06979042 0.8028951 0.09755909 0.9045307 0.06994891 0.9045605 0.09740519 0.8017536 0.1113553 0.9045149 0.09755909 0.9045307 0.05592477 0.7493396 0.06981045 0.7996776 0.05601257 0.7979825 0.06972324 0.7463995 0.09740388 0.8008924 0.06981045 0.7996776 0.09731906 0.7442209 0.1112008 0.8013315 0.09740388 0.8008924 0.9397296 1.265048 0.9260851 1.375811 0.9259225 1.265537 0.9259225 1.265537 0.8984822 1.373777 0.8983204 1.265541 0.8983204 1.265541 0.884685 1.373039 0.8845242 1.265548 0.9403987 1.371132 0.9264065 1.412581 0.926338 1.372065 0.926338 1.372065 0.8985298 1.405425 0.8984807 1.372774 0.8984807 1.372774 0.8847297 1.402811 0.884685 1.373039 0.9401004 1.574756 0.9261987 1.494907 0.9399369 1.494731 0.9263415 1.575845 0.8986637 1.494989 0.9261987 1.494907 0.8987861 1.576668 0.8848676 1.495024 0.8986637 1.494989 0.9402839 1.674921 0.9263427 1.578008 0.9401028 1.579082 0.9265084 1.67618 0.8987869 1.577248 0.9263427 1.578008 0.8989363 1.677127 0.8849903 1.576975 0.8987869 1.577248 0.05717086 1.496255 0.07083612 1.429311 0.07091003 1.496188 0.07091003 1.496188 0.0983476 1.431114 0.09844499 1.496187 0.09844499 1.496187 0.1121448 1.431768 0.1122412 1.496181 0.05667835 1.432574 0.07058173 1.393978 0.07061547 1.432192 0.07061547 1.432192 0.09830296 1.401295 0.09834879 1.431886 0.09834879 1.431886 0.1121032 1.403968 0.1121448 1.431768 0.9408641 1.990956 0.9268972 1.912148 0.9407094 1.912677 0.9270363 1.993088 0.899288 1.912159 0.9268972 1.912148 0.8994114 1.994675 0.8854917 1.912169 0.899288 1.912159 0.9408552 2.05506 0.9269719 1.997734 0.9407355 2.000247 0.9270831 2.05938 0.8994132 1.99592 0.9269719 1.997734 0.899513 2.062569 0.8856161 1.995261 0.8994132 1.99592 0.05751216 1.801088 0.07146 1.913428 0.05764472 1.912981 0.07130789 1.800585 0.09906917 1.913357 0.07146 1.913428 0.0988999 1.800191 0.1128653 1.913325 0.09906917 1.913357 0.05736911 1.681174 0.07130712 1.799603 0.05751073 1.799123 0.07114553 1.679925 0.09889954 1.799928 0.07130712 1.799603 0.09871864 1.678986 0.1126958 1.800041 0.09889954 1.799928 0.05582416 0.582482 0.06962573 0.6312826 0.05589252 0.6277505 0.06954669 0.5786795 0.09715384 0.6338422 0.06962573 0.6312826 0.09706711 0.5758697 0.1109516 0.6347735 0.09715384 0.6338422 0.05572283 0.5676479 0.06940859 0.5104809 0.06949603 0.5712625 0.06949603 0.5712625 0.09696662 0.5086536 0.09706413 0.5738822 0.09706413 0.5738822 0.1107621 0.5079792 0.1108619 0.5748357 0.9387076 0.6403523 0.9250074 0.6855757 0.9249387 0.6369637 0.9249387 0.6369637 0.8974549 0.6878621 0.8973749 0.6345092 0.8973749 0.6345092 0.8836598 0.6887046 0.8835772 0.6336165 0.9388584 0.7360171 0.925031 0.6916446 0.9388094 0.6946257 0.9250956 0.7391185 0.8974574 0.6894883 0.925031 0.6916446 0.8975353 0.7414151 0.8836598 0.6887046 0.8974574 0.6894883 0.05532312 0.2931761 0.06913816 0.3710262 0.0553174 0.3740841 0.0691424 0.294722 0.09675747 0.3687754 0.06913816 0.3710262 0.09675842 0.2958415 0.110553 0.3679369 0.09675747 0.3687754 0.05600351 0.204882 0.06914967 0.297869 0.05533945 0.2995193 0.0697984 0.2053616 0.09675973 0.2967172 0.06914967 0.297869 0.09739255 0.2057691 0.1105561 0.2962368 0.09675973 0.2967172 0.9384972 0.4353064 0.9245745 0.3636211 0.9383785 0.3604955 0.9246841 0.4345902 0.8969725 0.3659352 0.9245745 0.3636211 0.8970747 0.4340922 0.8831771 0.3667877 0.8969725 0.3659352 0.9385969 0.5024417 0.924677 0.4330337 0.9384829 0.4321932 0.9247885 0.5046116 0.8970742 0.4336751 0.924677 0.4330337 0.8971828 0.5062261 0.8832779 0.4339154 0.8970742 0.4336751 2.646405 0.01414644 1.850588 0.007406592 2.642087 0.007405877 0.1057432 0.002272665 0.8921152 0.007461965 0.1106659 0.008630573 0.1106659 0.008630573 0.8876133 0.01359575 0.1149924 0.01475191 0.05772644 0.1050126 0.06979238 0.2060601 0.05598837 0.2063555 0.07151859 0.105415 0.09739297 0.2060041 0.06979238 0.2060601 0.09911018 0.1057384 0.11119 0.2058593 0.09739297 0.2060041 0.05980992 0.01414114 0.07151859 0.105415 0.05771869 0.105413 0.07335507 0.01425772 0.09911018 0.1057384 0.07151859 0.105415 0.101451 0.01463353 0.1129075 0.1057179 0.09911018 0.1057384 0.9407088 0.1054427 0.9292538 0.0140174 0.9428005 0.01416683 0.926918 0.1048781 0.9011558 0.01362746 0.9292538 0.0140174 0.8993263 0.104551 0.8876133 0.01359575 0.9011558 0.01362746 0.9407234 0.1047236 0.9251946 0.2054451 0.926918 0.1048781 0.9251946 0.2054451 0.8993263 0.104551 0.926918 0.1048781 0.8976097 0.2048269 0.8855291 0.1045724 0.8993263 0.104551 0.05641126 1.082707 0.07049942 1.266818 0.05669599 1.267407 0.07022047 1.082698 0.09810143 1.26674 0.07049942 1.266818 0.09782576 1.082657 0.1118976 1.266705 0.09810143 1.26674 0.05613505 0.9050303 0.07022047 1.082698 0.05641132 1.082732 0.06994891 0.9045605 0.09782576 1.082657 0.07022047 1.082698 0.09755909 0.9045307 0.111622 1.082636 0.09782576 1.082657 0.9389464 0.7480175 0.9252117 0.7983969 0.9251396 0.7451187 0.9251396 0.7451187 0.8976224 0.7996943 0.8975377 0.7430229 0.8975377 0.7430229 0.8838269 0.8001747 0.8837403 0.7422612 0.9390638 0.8030949 0.9253877 0.9032794 0.9252415 0.8016142 0.9252415 0.8016142 0.8977777 0.9033324 0.8976237 0.8005554 0.8976237 0.8005554 0.8839815 0.9033579 0.8838269 0.8001747 0.9392027 0.903708 0.9256497 1.081417 0.9253877 0.9032794 0.9253877 0.9032794 0.8980445 1.081459 0.8977777 0.9033324 0.8977777 0.9033324 0.8842483 1.081479 0.8839814 0.9033578 0.9394586 1.081385 0.9259225 1.265537 0.9256497 1.081417 0.9256497 1.081417 0.8983204 1.265541 0.8980445 1.081459 0.8980445 1.081459 0.8845242 1.265548 0.8842483 1.081479 0.05633884 1.372455 0.07045543 1.413863 0.05640012 1.423717 0.07040256 1.373346 0.09831094 1.406623 0.07045543 1.413863 0.09826201 1.373972 0.1121032 1.403968 0.09831094 1.406623 0.05669081 1.26637 0.07066684 1.377092 0.05686742 1.379948 0.07049942 1.266818 0.0982635 1.374976 0.07066684 1.377092 0.09810143 1.26674 0.1120585 1.374196 0.0982635 1.374976 0.05838906 2.200855 0.07196348 2.141711 0.07205444 2.206406 0.07205444 2.206406 0.09940606 2.138538 0.09951364 2.210443 0.09951364 2.210443 0.1132005 2.137372 0.1133121 2.211915 0.05809998 2.074026 0.07188081 2.133388 0.05815345 2.129363 0.07179987 2.069483 0.09940272 2.136308 0.07188081 2.133388 0.09929776 2.06613 0.1132005 2.137372 0.09940272 2.136308 0.940738 2.072705 0.9271349 2.132108 0.9270246 2.068203 0.9270246 2.068203 0.8996217 2.135111 0.8995165 2.064933 0.8995165 2.064933 0.8858272 2.136216 0.8857187 2.063741 0.9408282 2.199534 0.9270769 2.140432 0.9407344 2.144689 0.9271796 2.205126 0.899625 2.137341 0.9270769 2.140432 0.8997325 2.209245 0.8858272 2.136216 0.899625 2.137341 0.05820035 2.295371 0.07220894 2.415909 0.05839222 2.415387 0.07201832 2.292584 0.09982162 2.416265 0.07220894 2.415909 0.09963345 2.290519 0.113618 2.41639 0.09982162 2.416265 0.05832993 2.222911 0.07213151 2.286499 0.05842685 2.2832 0.07202488 2.217433 0.09963101 2.288888 0.07213151 2.286499 0.09951806 2.213398 0.1134285 2.289757 0.09963101 2.288888 0.9409534 2.22159 0.9273421 2.285219 0.9272422 2.216154 0.9272422 2.216154 0.89985 2.28769 0.899737 2.2122 0.899737 2.2122 0.8860551 2.2886 0.8859387 2.210759 0.9412997 2.294049 0.9276521 2.414628 0.9274736 2.291304 0.9274736 2.291304 0.9000406 2.415067 0.8998524 2.289321 0.8998524 2.289321 0.8862447 2.415233 0.8860551 2.2886 0.05871778 2.631434 0.07294911 2.907734 0.05913704 2.907627 0.07253223 2.631181 0.1005572 2.907693 0.07294911 2.907734 0.1001432 2.63114 0.1143533 2.907673 0.1005572 2.907693 0.05838865 2.417372 0.07253223 2.631181 0.05871701 2.630968 0.07220715 2.416901 0.1001432 2.63114 0.07253223 2.631181 0.09982204 2.416531 0.1139394 2.63112 0.1001432 2.63114 0.9414768 2.41605 0.9279732 2.6299 0.9276569 2.415621 0.9276569 2.415621 0.9003622 2.629942 0.900041 2.415333 0.900041 2.415333 0.8865661 2.629963 0.8862447 2.415233 0.9417884 2.630112 0.9283842 2.906454 0.9279732 2.6299 0.9279732 2.6299 0.9007761 2.906495 0.9003622 2.629942 0.9003622 2.629942 0.8869799 2.906516 0.8865661 2.629963 0.05553758 0.5037631 0.0692504 0.4343134 0.0693534 0.5058918 0.0693534 0.5058918 0.09685629 0.4348723 0.09696477 0.5074239 0.09696477 0.5074239 0.1106532 0.4350714 0.1107621 0.5079792 0.05543601 0.4366284 0.06914472 0.3648962 0.06924802 0.4358705 0.06924802 0.4358705 0.09675502 0.3671261 0.09685689 0.4352895 0.09685689 0.4352895 0.110553 0.3679369 0.1106532 0.4350714 0.9390137 0.2040369 0.9245609 0.2969009 0.9252086 0.2043898 0.9252086 0.2043898 0.896977 0.2955449 0.8976094 0.2045919 0.8976094 0.2045919 0.8831793 0.2951073 0.8838123 0.2047247 0.9384112 0.2919467 0.9245911 0.3698018 0.924592 0.2935115 0.924592 0.2935115 0.8969751 0.3675845 0.8969756 0.294669 0.8969756 0.294669 0.8831771 0.3667877 0.8831792 0.2951073 1.846077 0.09773433 2.64199 0.09100663 2.646404 0.0977348 0.1058182 3.510126 0.8922857 3.502557 0.8973182 3.508941 0.1108317 3.503726 0.8878628 3.496432 0.8922857 3.502557 0.9421962 2.90656 0.928828 3.204137 0.9283842 2.906454 0.9283842 2.906454 0.9012215 3.204178 0.9007761 2.906495 0.9007761 2.906495 0.8874254 3.2042 0.8869799 2.906516 0.9426383 3.204178 0.9295178 3.496366 0.928828 3.204137 0.928828 3.204137 0.9014054 3.496407 0.9012215 3.204178 0.9014054 3.496407 0.8874255 3.2042 0.9012215 3.204178 0.05958622 3.2055 0.07358127 3.497647 0.06002455 3.497669 0.07339638 3.205418 0.1016937 3.497603 0.07358127 3.497647 0.1016937 3.497603 0.1147989 3.205356 0.1152362 3.497588 0.0591374 2.907882 0.07339638 3.205418 0.0595861 3.205376 0.07294911 2.907734 0.1010028 3.205376 0.07339638 3.205418 0.1005572 2.907693 0.1147989 3.205356 0.1010028 3.205376 0.9402394 1.431251 0.9262207 1.392697 0.9401196 1.382624 0.9263014 1.43091 0.8985217 1.400097 0.9262207 1.392697 0.8985674 1.430688 0.8847296 1.402811 0.8985217 1.400097 0.939938 1.494934 0.9260723 1.42803 0.9397813 1.425491 0.9261987 1.494907 0.8985663 1.429916 0.9260723 1.42803 0.8986637 1.494989 0.8847711 1.430611 0.8985663 1.429916 0.05736362 1.676242 0.07101476 1.579288 0.07114279 1.67746 0.07114279 1.67746 0.09856808 1.578446 0.09871762 1.678325 0.09871762 1.678325 0.1123638 1.578131 0.1125143 1.678636 0.05724751 1.576077 0.07091003 1.496188 0.07100951 1.577125 0.07100951 1.577125 0.09844499 1.496187 0.09856724 1.577866 0.09856724 1.577866 0.1122412 1.496181 0.1123638 1.578131 0.05597716 0.7373388 0.06967175 0.6929256 0.06974947 0.7403991 0.06974947 0.7403991 0.09723895 0.6906868 0.09731668 0.7426132 0.09731668 0.7426132 0.111034 0.6898618 0.1111141 0.743418 0.05584073 0.6416746 0.06967699 0.6868567 0.05591249 0.6838102 0.0695998 0.6382448 0.09723657 0.6890606 0.06967699 0.6868567 0.09715664 0.6357077 0.111034 0.6898617 0.09723657 0.6890606 0.9386034 0.5663263 0.924747 0.5092005 0.9385139 0.5116195 0.9248418 0.5699819 0.8971846 0.5074558 0.924747 0.5092005 0.8972824 0.5726841 0.8833871 0.5068227 0.8971846 0.5074558 0.9385465 0.5811598 0.924892 0.630002 0.9248134 0.5773986 0.9248134 0.5773986 0.8973722 0.6326439 0.8972854 0.5746714 0.8972854 0.5746714 0.8835772 0.6336165 0.8834875 0.5736787 0.9402931 1.679853 0.9267095 1.798324 0.9265131 1.678646 0.9265131 1.678646 0.8991183 1.798731 0.8989373 1.677788 0.8989373 1.677788 0.8853223 1.798886 0.8851407 1.67748 0.9405087 1.799768 0.9268972 1.912148 0.9267116 1.799306 0.9267116 1.799306 0.899288 1.912159 0.8991187 1.798995 0.8991187 1.798995 0.8854917 1.912169 0.8853223 1.798886 0.05792969 2.056382 0.07164132 1.999014 0.07171469 2.060661 0.07171469 2.060661 0.09919458 1.997117 0.09929424 2.063766 0.09929424 2.063766 0.1129897 1.996418 0.1130921 2.064898 0.057729 1.992278 0.07146 1.913428 0.07156318 1.994368 0.07156318 1.994368 0.09906917 1.913357 0.09919273 1.995873 0.09919273 1.995873 0.1128653 1.913325 0.1129897 1.996418 1.027141 2.570664 1.013495 2.477843 1.027291 2.477914 0.001325428 0.8104374 0.01474541 0.9034149 9.94323e-4 0.9031875 0.01506668 0.8089236 0.02849674 0.9036422 0.01474541 0.9034149 1.027091 2.60125 1.013345 2.570324 1.027141 2.570664 0.0025599 0.7607107 0.01516622 0.7929642 0.001444995 0.7912785 0.01643097 0.7577551 0.02888751 0.79465 0.01516622 0.7929642 1.800507 2.116344 1.814505 1.991666 1.814303 2.116261 0.9948844 1.264236 0.9796409 1.386726 0.9811102 1.264359 0.9811102 1.264359 0.9658932 1.383924 0.9673346 1.264589 1.80071 1.990937 1.81464 1.908793 1.814508 1.99006 0.994717 1.368403 0.9679304 1.441507 0.9808745 1.368446 0.9808745 1.368446 0.9556148 1.432928 0.9668752 1.369375 1.801229 1.671579 1.814901 1.747739 1.801105 1.747756 0.9951053 1.570402 0.9814569 1.49435 0.9952367 1.494264 0.9813433 1.571491 0.9676771 1.494477 0.9814569 1.49435 1.801369 1.585049 1.815024 1.671891 1.801228 1.671579 0.9951696 1.669907 0.9813491 1.582302 0.9951123 1.583376 0.9814301 1.671162 0.9675858 1.581228 0.9813491 1.582302 1.028479 1.746502 1.014555 1.825223 1.014683 1.746542 0.001870214 1.496259 0.0168733 1.419481 0.01564949 1.496305 0.01564949 1.496305 0.03063201 1.421988 0.02942979 1.496289 1.02835 1.825859 1.014427 1.904135 1.014553 1.826665 0.001965284 1.433267 0.02951669 1.364404 0.01578444 1.433696 0.01578444 1.433696 0.04169631 1.373175 0.02976453 1.433312 1.801838 1.296038 1.815522 1.364929 1.801726 1.364878 0.9950206 1.982606 0.9821693 1.9135 0.9958465 1.913772 0.9813576 1.984713 0.968492 1.913228 0.9821693 1.9135 1.801885 1.267111 1.815634 1.296429 1.801838 1.296038 0.9922959 2.038924 0.9810407 2.007609 0.9946402 2.010093 0.9781851 2.043351 0.9674413 2.005125 0.9810407 2.007609 1.028923 1.472737 1.015304 1.363546 1.029101 1.363624 0.002378642 1.803098 0.01618057 1.912403 0.002501785 1.912212 0.01609003 1.802598 0.02985924 1.912594 0.01618057 1.912403 1.028743 1.583794 1.015127 1.472591 1.028923 1.472737 0.002479791 1.686149 0.01608633 1.797683 0.002374231 1.797206 0.01622021 1.684903 0.02979844 1.79816 0.01608633 1.797683 1.027007 2.653499 1.013239 2.63537 1.027034 2.636283 0.003496468 0.596982 0.01707977 0.6177679 0.003188312 0.6141951 0.01751154 0.5930984 0.03097134 0.6213408 0.01707977 0.6177679 1.027006 2.653499 1.013159 2.685267 1.013212 2.652306 0.003201842 0.5538648 0.01544886 0.5201293 0.01726871 0.5575564 0.01726871 0.5575564 0.02921563 0.5176677 0.03133553 0.561248 1.79966 2.637542 1.813485 2.619655 1.813454 2.638584 0.9915513 0.6533573 0.9782549 0.6736232 0.9776236 0.6499297 0.9776236 0.6499297 0.9644882 0.6767135 0.963696 0.646502 1.799717 2.602507 1.813483 2.621166 1.799688 2.620359 0.9920874 0.7240222 0.9783698 0.7031853 0.9921602 0.706169 0.978252 0.72714 0.9645794 0.7002015 0.9783698 0.7031853 1.026654 2.938409 1.012907 2.840349 1.026705 2.839612 7.04108e-4 0.2875001 0.01586711 0.3827939 0.002116799 0.3850585 0.01450347 0.2885914 0.02960675 0.3797636 0.01586711 0.3827939 1.027256 3.041486 1.012856 2.938825 1.026654 2.938409 8.72352e-4 0.2028768 0.01454299 0.3042781 7.46836e-4 0.3053853 0.01466649 0.2033276 0.02834218 0.3026881 0.01454299 0.3042781 1.799475 2.751157 1.813127 2.840148 1.799329 2.840874 0.9935339 0.4378846 0.9777844 0.3515729 0.9915239 0.3492147 0.9797319 0.4374443 0.9640619 0.3546801 0.9777844 0.3515729 1.799581 2.686066 1.813272 2.750912 1.799475 2.751157 0.9927553 0.4939311 0.9796965 0.4296844 0.9934946 0.4291115 0.9789405 0.496102 0.9658954 0.4305245 0.9796965 0.4296844 1.803651 3.238357 1.026701 3.243181 1.03103 3.237101 1.808151 3.244451 1.021777 3.249536 1.026701 3.243181 1.850587 0.07616043 2.646405 0.06944191 2.642086 0.07616144 1.027256 3.041486 1.015157 3.145172 1.013458 3.041586 8.33229e-4 0.2068943 0.01635664 0.1038258 0.01463025 0.2069703 0.01635664 0.1038258 0.02843266 0.2068102 0.01463025 0.2069703 1.028954 3.145232 1.017487 3.237131 1.015157 3.145246 0.002547442 0.1044109 0.01869088 0.01303267 0.0163384 0.1048205 0.0163384 0.1048205 0.03222805 0.01350045 0.03013348 0.1050674 1.803651 3.238357 1.815373 3.146558 1.817192 3.238244 0.9979569 0.01582306 0.9820637 0.1068828 0.9839134 0.01529461 0.9839134 0.01529461 0.9682739 0.1063532 0.970376 0.01479017 1.801576 3.146499 1.813675 3.042908 1.815373 3.146483 0.9958961 0.1053951 0.9802914 0.2082152 0.9821001 0.1050793 0.9821001 0.1050793 0.9665045 0.2074543 0.9683031 0.1049156 1.027579 2.301049 1.014084 2.115149 1.027881 2.115089 0.001250028 1.082769 0.01532161 1.268397 0.001547932 1.268645 0.01501405 1.082752 0.02909517 1.268068 0.01532161 1.268397 1.027291 2.477914 1.013782 2.301028 1.027579 2.301049 9.95208e-4 0.9059767 0.01501417 1.082814 0.001250207 1.08284 0.01474618 0.9057406 0.02877813 1.082787 0.01501417 1.082814 1.799717 2.602507 1.813563 2.571624 1.813512 2.603456 0.9923453 0.7592288 0.9798358 0.7915197 0.9784657 0.7563148 0.9784657 0.7563148 0.9661199 0.7932466 0.9645861 0.7534007 1.799767 2.571919 1.813714 2.479143 1.813562 2.57236 0.993729 0.8089513 0.9805876 0.9019685 0.9799835 0.8074787 0.9799835 0.8074787 0.9668373 0.9022371 0.966238 0.8060061 1.799917 2.479168 1.814 2.302328 1.813714 2.479249 0.9943453 0.9044892 0.9808561 1.081368 0.9805938 0.9042943 0.9805938 0.9042943 0.9670923 1.081382 0.9668422 0.9040995 1.800205 2.302303 1.814303 2.116448 1.814001 2.302324 0.9946199 1.081282 0.9811047 1.266951 0.980856 1.081306 0.980856 1.081306 0.9673302 1.266663 0.9670922 1.081332 1.028084 1.989683 1.014421 1.907494 1.02822 1.905829 0.002012431 1.369889 0.0290181 1.442913 0.01642864 1.449868 0.01585513 1.369891 0.0413081 1.434297 0.0290181 1.442913 1.027881 2.115089 1.014287 1.990367 1.028084 1.989683 0.001534044 1.265723 0.0171445 1.388167 0.003394782 1.390304 0.01530861 1.265806 0.03088355 1.385324 0.0171445 1.388167 1.029327 1.224048 1.015499 1.243375 1.015534 1.221908 0.00902605 2.180804 0.02027171 2.157993 0.02393531 2.18686 0.02393531 2.18686 0.03389227 2.153703 0.03884464 2.192916 1.029259 1.265858 1.015502 1.241743 1.029297 1.242721 0.006929039 2.090997 0.01987588 2.118138 0.006172716 2.11412 0.02096581 2.086342 0.03357899 2.122156 0.01987588 2.118138 1.801885 1.267111 1.815721 1.243042 1.815679 1.268503 0.99196 2.089522 0.9790943 2.116702 0.9779092 2.084909 0.9779092 2.084909 0.9654033 2.120762 0.9638584 2.080296 1.801953 1.2253 1.815718 1.244674 1.801923 1.243976 0.9901309 2.179336 0.978817 2.156559 0.9924504 2.160809 0.9752398 2.185437 0.9651837 2.15231 0.978817 2.156559 1.029372 1.196098 1.01575 1.088833 1.029546 1.088947 0.004690945 2.306162 0.01711964 2.413826 0.003304302 2.413304 0.0185551 2.303366 0.03093481 2.414349 0.01711964 2.413826 1.029327 1.224048 1.015577 1.195658 1.029372 1.196098 0.008860051 2.242696 0.01910644 2.273736 0.005355954 2.270426 0.02380162 2.23672 0.032857 2.277045 0.01910644 2.273736 1.801953 1.2253 1.815795 1.196955 1.815745 1.227413 0.9904821 2.241227 0.9803286 2.272297 0.9755228 2.235296 0.9755228 2.235296 0.9665881 2.275648 0.9605634 2.229365 1.801998 1.19735 1.815968 1.090129 1.815793 1.19817 0.9948411 2.30468 0.9827349 2.412381 0.9809687 2.301926 0.9809687 2.301926 0.9689213 2.412945 0.9670963 2.299171 1.029888 0.8776128 1.016538 0.6020976 1.030334 0.602137 0.003571391 2.631978 0.01779222 2.907498 0.003981351 2.907454 0.0173847 2.631842 0.03160315 2.907541 0.01779222 2.907498 1.029546 1.088947 1.016092 0.8775597 1.029888 0.8776128 0.003293454 2.419247 0.01738291 2.630678 0.003569185 2.630581 0.01711058 2.418776 0.03119659 2.630775 0.01738291 2.630678 1.802172 1.090198 1.81631 0.8788563 1.815968 1.090342 0.9965773 2.41776 0.9831205 2.629233 0.9827588 2.417331 0.9827588 2.417331 0.9693072 2.629371 0.9689405 2.416902 1.802514 0.8788645 1.816756 0.6033932 1.81631 0.8789179 0.9969363 2.630491 0.9835399 2.906052 0.9831226 2.630396 0.9831226 2.630396 0.9697292 2.906137 0.9693089 2.630301 1.026956 2.68481 1.013054 2.749612 1.01316 2.684164 0.001355111 0.495415 0.01422256 0.4311289 0.01517713 0.4975446 0.01517713 0.4975446 0.02802711 0.4319278 0.02899914 0.4996742 1.02685 2.749902 1.012909 2.838841 1.013053 2.750155 4.09405e-4 0.4393726 0.01589804 0.3530185 0.01421087 0.4388905 0.01421087 0.4388905 0.02963113 0.3560819 0.02801775 0.4381329 1.799878 3.042764 1.813073 2.94015 1.813675 3.042653 0.9941604 0.2029809 0.9790745 0.304036 0.9803595 0.2030969 0.9803595 0.2030969 0.9653005 0.3022035 0.9665588 0.2033911 1.799277 2.939691 1.813124 2.841656 1.813075 2.939243 0.993022 0.2862673 0.9778655 0.3815599 0.9792234 0.2873442 0.9792234 0.2873442 0.9641265 0.3785227 0.9654181 0.2888978 1.803915 0.01422446 1.026885 0.006831586 1.808338 0.008097171 1.026885 0.006831586 1.813372 0.001715183 1.808338 0.008097171 1.850491 0.1597599 2.646404 0.1530292 2.64199 0.1597599 1.80296 0.603388 1.817237 0.3062853 1.816756 0.6034272 0.9973519 2.90673 0.9839869 3.203899 0.983541 2.906688 0.983541 2.906688 0.9701777 3.203951 0.9697301 2.906645 1.803441 0.3062713 1.817457 0.01424115 1.817238 0.3063014 0.9977967 3.204217 0.9841719 3.496289 0.9839874 3.204207 0.9839874 3.204207 0.9706162 3.496306 0.970178 3.204197 1.030816 0.3050199 1.017746 0.012946 1.031289 0.01297324 0.004428148 3.205704 0.01892715 3.497733 0.004865407 3.497755 0.01823735 3.205653 0.03248286 3.49771 0.01892715 3.497733 1.030334 0.602137 1.01702 0.3049892 1.030816 0.3050199 0.003982365 2.908217 0.01823687 3.205345 0.004427611 3.205334 0.01779305 2.908133 0.03204625 3.205355 0.01823687 3.205345 1.800976 1.827114 1.814645 1.905434 1.800847 1.907083 0.9949541 1.431779 0.9671969 1.363 0.9796796 1.355831 0.9811363 1.43225 0.9550437 1.371808 0.9671969 1.363 1.801105 1.747756 1.814773 1.826522 1.800976 1.827114 0.995239 1.494772 0.980006 1.418039 0.9937688 1.416105 0.9814597 1.494859 0.9662548 1.420586 0.980006 1.418039 1.028743 1.583794 1.014806 1.670593 1.014948 1.583438 0.00246334 1.671392 0.0160216 1.583747 0.0162065 1.672606 0.0162065 1.672606 0.02978157 1.582631 0.02994966 1.67382 1.028602 1.670325 1.014683 1.746439 1.014807 1.670004 0.002230405 1.571887 0.01565092 1.495796 0.0159955 1.572936 0.0159955 1.572936 0.02943092 1.495881 0.02976065 1.573984 1.027091 2.60125 1.013265 2.619865 1.013296 2.600377 0.00271362 0.7255036 0.01636868 0.7046259 0.0165584 0.7285799 0.0165584 0.7285799 0.03015029 0.7016007 0.03040313 0.7316562 1.027034 2.636283 1.013267 2.618354 1.027062 2.619103 0.003037154 0.6548378 0.01639431 0.6750639 0.002618074 0.6720148 0.01695483 0.6513683 0.03017067 0.6781129 0.01639431 0.6750639 1.799632 2.654755 1.813376 2.686568 1.799581 2.686066 0.9910835 0.5523857 0.9787363 0.5186873 0.9925096 0.5211074 0.9770284 0.5561192 0.964963 0.5162671 0.9787363 0.5186873 1.799632 2.654755 1.813458 2.636674 1.813426 2.655885 0.9909185 0.5955033 0.9773979 0.6163297 0.9768924 0.5916618 0.9768924 0.5916618 0.9635176 0.619944 0.9628663 0.5878204 1.801369 1.585049 1.815346 1.473889 1.815165 1.585408 0.9951971 1.684664 0.9819243 1.796238 0.9814531 1.68346 0.9814531 1.68346 0.9682137 1.796756 0.967709 1.682255 1.801549 1.473991 1.815523 1.364845 1.815345 1.474143 0.9956476 1.801612 0.982173 1.910957 0.9819349 1.801154 0.9819349 1.801154 0.9684949 1.911189 0.9682222 1.800695 1.029259 1.265858 1.015415 1.29513 1.015465 1.264347 0.006440639 2.0404 0.0176022 2.009051 0.02056467 2.044784 0.02056467 2.044784 0.03119421 2.006526 0.03468871 2.049168 1.029212 1.294785 1.015304 1.36363 1.015417 1.294154 0.003547608 1.98409 0.01619219 1.914946 0.01721698 1.986155 0.01721698 1.986155 0.02986854 1.914633 0.03088623 1.988221 0.03222805 0.01350045 0.06437557 0.008094668 0.05980992 0.01414114 0.02796888 0.00725609 0.06955587 0.00188446 0.06437557 0.008094668 2.653177 0.06500542 2.646405 0.01414644 2.653178 0.01853698 1.846077 0.01414626 1.839391 0.06500244 1.839392 0.01853984 0.9336256 0.001476526 0.9749175 0.008826732 0.9385116 0.007996737 0.9385116 0.007996737 0.970376 0.01479017 0.9428005 0.01416683 1.846077 0.1530292 1.839348 0.1021595 1.846077 0.09773433 0.02304488 3.510248 0.06445431 3.503796 0.06949555 3.510179 0.0280689 3.50385 0.06002455 3.497669 0.06445431 3.503796 0.9430744 3.496348 0.9750484 3.502433 0.9386631 3.502488 0.9386631 3.502488 0.9800917 3.508816 0.933641 3.508886 2.653133 0.1021599 2.646404 0.1530292 2.646404 0.0977348 0.1908721 0.9251276 0.2544267 0.9111174 0.1908895 0.9428858 0.1908895 0.9428858 0.2544093 0.9288757 0.1928274 0.9596663 0.2700328 0.9977846 0.2861765 0.9288757 0.2859163 0.9999124 0.3814815 0.9251279 0.317961 0.9111174 0.3179436 0.8933593 0.3814989 0.9428861 0.3179436 0.9288757 0.317961 0.9111174 0.3017999 0.9977844 0.2861765 0.9288757 0.30206 0.9267477 8.8103e-5 0.9251289 0.06364274 0.9111186 1.05492e-4 0.9428871 1.05492e-4 0.9428871 0.06362539 0.9288768 0.002043247 0.9596678 0.07924938 0.9977847 0.09539216 0.9288768 0.09513276 0.9999127 0.1906974 0.9251292 0.1271769 0.9111186 0.1271595 0.8933603 0.1907148 0.9428874 0.1271595 0.9288768 0.1271769 0.9111186 0.1110167 0.9977849 0.0953927 0.9288768 0.1112761 0.9267489 0.2861773 0.07112377 0.2700338 0.002215206 0.2859173 8.73348e-5 0.2702938 0.07325178 0.2541794 0.008044421 0.2700338 0.002215206 0.2544277 0.08888196 0.1908724 0.07487142 0.1908898 0.05711323 0.2861773 0.07112377 0.3018008 0.002215266 0.3020608 0.07325178 0.3020608 0.07325178 0.3177133 0.008013308 0.3179443 0.07112377 0.3179617 0.08888208 0.3814815 0.07487189 0.3179443 0.1066402 0.1906974 0.07487219 0.1271775 0.08888238 0.1907148 0.05711388 0.1269297 0.008013367 0.1112766 0.07325214 0.1110172 0.002215266 0.1110172 0.002215266 0.095393 0.07112413 0.0951336 8.73348e-5 8.73419e-5 0.07487177 0.06364262 0.08888232 0.06362527 0.1066406 0.06339496 0.008044421 0.07950884 0.07325208 0.06362527 0.07112407 0.0792495 0.002215206 0.0953924 0.07112413 0.07950884 0.07325208 0.05601257 0.7979825 0.03030204 0.7547994 0.05592477 0.7493396 0.05640012 1.423717 0.0413081 1.434297 0.02985733 1.370778 0.9397813 1.425491 0.9662548 1.420586 0.9676794 1.494884 0.05725795 1.580403 0.05736362 1.676242 0.02994966 1.67382 0.9407109 1.91166 0.9405087 1.799768 0.9682222 1.800695 0.05788534 2.001569 0.05792969 2.056382 0.03468871 2.049168 0.05591249 0.6838102 0.03017067 0.6781129 0.03087252 0.6478989 0.05564802 0.5129414 0.05572283 0.5676479 0.03133553 0.561248 0.05533003 0.3618146 0.05543601 0.4366284 0.02801775 0.4381329 0.05533945 0.2995193 0.02834218 0.3026881 0.02846294 0.203866 0.05598837 0.2063555 0.02843266 0.2068102 0.03014898 0.1042666 0.05771869 0.105413 0.03013348 0.1050674 0.03222805 0.01350045 0.111034 0.6898618 0.8836598 0.6887046 0.8837403 0.7422612 0.05641132 1.082732 0.02877813 1.082787 0.02849727 0.9055047 0.9392003 0.9027769 0.9390638 0.8030949 0.966238 0.8060061 0.939893 1.378625 0.9397296 1.265048 0.9673346 1.264589 0.05815345 2.129363 0.03357899 2.122156 0.03500258 2.081686 0.05842685 2.2832 0.032857 2.277045 0.03874319 2.230745 0.8858272 2.136216 0.8859387 2.210759 0.1133121 2.211915 0.05871701 2.630968 0.03119659 2.630775 0.03092759 2.418306 0.8860551 2.2886 0.8862447 2.415233 0.113618 2.41639 0.0595861 3.205376 0.03204625 3.205355 0.03160381 2.908049 0.05544072 0.4335143 0.05553758 0.5037631 0.02899914 0.4996742 0.9383785 0.3604955 0.9640619 0.3546801 0.9659237 0.4367284 0.8865661 2.629963 0.8869799 2.906516 0.1143533 2.907673 0.06002455 3.497669 0.03248286 3.49771 0.03204655 3.205602 0.05665272 1.383946 0.05667835 1.432574 0.02976453 1.433312 0.05711972 1.426813 0.05717086 1.496255 0.02942979 1.496289 0.05590194 0.6959481 0.05597716 0.7373388 0.03040313 0.7316562 0.9387623 0.6824882 0.9387076 0.6403523 0.963696 0.646502 0.05751073 1.799123 0.02979844 1.79816 0.02996069 1.683658 0.05764472 1.912981 0.02985924 1.912594 0.02980136 1.802098 1.027881 2.115089 1.800507 2.116344 1.800205 2.302303 1.801369 1.585049 1.028743 1.583794 1.028923 1.472737 1.028479 1.746502 1.801105 1.747756 1.800976 1.827114 1.801885 1.267111 1.029259 1.265858 1.029297 1.242721 1.029101 1.363624 1.801726 1.364878 1.801549 1.473991 1.026956 2.68481 1.799581 2.686066 1.799475 2.751157 1.79966 2.637542 1.027034 2.636283 1.027062 2.619103 1.028954 3.145232 1.027256 3.041486 1.799878 3.042764 1.799475 2.751157 1.799329 2.840874 1.026705 2.839612 1.801576 3.146499 1.803651 3.238357 1.03103 3.237101 1.799277 2.939691 1.799878 3.042764 1.027256 3.041486 1.027291 2.477914 1.799917 2.479168 1.799767 2.571919 1.027091 2.60125 1.799717 2.602507 1.799688 2.620359 1.799917 2.479168 1.027291 2.477914 1.027579 2.301049 1.800507 2.116344 1.027881 2.115089 1.028084 1.989683 1.801953 1.2253 1.029327 1.224048 1.029372 1.196098 1.029259 1.265858 1.801885 1.267111 1.801838 1.296038 1.802172 1.090198 1.029546 1.088947 1.029888 0.8776128 1.029327 1.224048 1.801953 1.2253 1.801923 1.243976 1.80296 0.603388 1.030334 0.602137 1.030816 0.3050199 1.029546 1.088947 1.802172 1.090199 1.801998 1.19735 1.026654 2.938409 1.026705 2.839612 1.799329 2.840874 1.799581 2.686066 1.026956 2.68481 1.027006 2.653499 1.031289 0.01297324 1.803915 0.01422446 1.803441 0.3062713 1.030334 0.602137 1.80296 0.603388 1.802514 0.8788645 1.801105 1.747756 1.028479 1.746502 1.028602 1.670325 1.02822 1.905829 1.800847 1.907083 1.80071 1.990937 1.027034 2.636283 1.79966 2.637542 1.799632 2.654755 1.800847 1.907083 1.02822 1.905829 1.02835 1.825859 1.801726 1.364878 1.029101 1.363624 1.029212 1.294785 1.028743 1.583794 1.801369 1.585049 1.801228 1.671579 8.73419e-5 0.07487177 0.06362527 0.1066406 0.06362539 0.8933604 0.8855291 0.1045724 0.1129075 0.1057179 0.1149924 0.01475191 0.8838269 0.8001747 0.8839815 0.9033579 0.1113553 0.9045149 0.8837403 0.7422612 0.8838269 0.8001747 0.1112008 0.8013315 0.05669599 1.267407 0.02909517 1.268068 0.02877801 1.082737 0.9401196 1.382624 0.9550437 1.371808 0.9671553 1.431908 0.8849903 1.576975 0.1123638 1.578131 0.1122412 1.496181 0.9405044 1.797803 0.9402931 1.679853 0.967709 1.682255 0.0571714 1.496052 0.05724751 1.576077 0.02976065 1.573984 0.884685 1.373039 0.8847297 1.402811 0.1121032 1.403968 0.8856161 1.995261 0.1129897 1.996418 0.1128653 1.913325 0.9408502 2.128042 0.940738 2.072705 0.9638584 2.080296 0.05764937 1.913998 0.057729 1.992278 0.03088623 1.988221 0.8849903 1.576975 0.8851406 1.67748 0.1125143 1.678636 0.110862 0.5748357 0.8834875 0.5736787 0.8835772 0.6336165 0.9384829 0.4321932 0.9658954 0.4305245 0.9651256 0.4982728 0.938614 0.6264289 0.9385465 0.5811598 0.9628663 0.5878204 0.9390043 0.7966604 0.9389464 0.7480175 0.9645861 0.7534007 0.110556 0.2962368 0.8831792 0.2951073 0.8831771 0.3667877 0.9389865 0.2060708 0.9407234 0.1047236 0.9683031 0.1049156 0.9384121 0.3728474 0.9384112 0.2919467 0.9654181 0.2888978 0.9385139 0.5116195 0.964963 0.5162671 0.9629734 0.5598528 0.8874255 3.2042 0.8878628 3.496432 0.1152362 3.497588 0.8831793 0.2951073 0.1105561 0.2962368 0.11119 0.2058594 0.9407088 0.1054427 0.9428005 0.01416683 0.970376 0.01479017 0.05613476 0.9040994 0.02849674 0.9036422 0.02880787 0.8074098 0.9383518 0.2986764 0.9390137 0.2040369 0.9665588 0.2033911 0.05686742 1.379948 0.03088355 1.385324 0.0290848 1.265994 0.8842483 1.081479 0.111622 1.082636 0.1113553 0.9045149 0.8847711 1.430611 0.1121448 1.431768 0.1121032 1.403968 0.9394587 1.08141 0.9392027 0.903708 0.9668422 0.9040995 0.884685 1.373039 0.1120585 1.374196 0.1118976 1.266705 0.8842483 1.081479 0.8845242 1.265548 0.1118976 1.266705 0.9404911 1.422392 0.9403987 1.371132 0.9668752 1.369375 0.8860551 2.2886 0.1134285 2.289757 0.113312 2.211915 0.9407344 2.144689 0.9651837 2.15231 0.9603487 2.191537 0.8856161 1.995261 0.8857186 2.063741 0.1130921 2.064898 0.1106532 0.4350714 0.8832779 0.4339154 0.8833871 0.5068227 0.9410368 2.281879 0.9409534 2.22159 0.9605634 2.229365 0.9414671 2.414065 0.9412997 2.294049 0.9670963 2.299171 0.05831879 2.146009 0.05838906 2.200855 0.03884464 2.192916 0.8865661 2.629963 0.1139394 2.63112 0.113618 2.41639 0.9417876 2.629646 0.9414768 2.41605 0.9689405 2.416902 0.9421958 2.906306 0.9417884 2.630112 0.9693089 2.630301 0.05839222 2.415387 0.03093481 2.414349 0.03241926 2.30057 0.8874254 3.2042 0.1147989 3.205356 0.1143533 2.907673 0.942638 3.204054 0.9421962 2.90656 0.9697301 2.906645 0.1108619 0.5748357 0.1107621 0.5079792 0.8833871 0.5068227 0.1106532 0.4350714 0.110553 0.3679369 0.8831771 0.3667877 2.646405 0.01414644 2.646405 0.06944191 1.846077 0.06944179 2.646404 0.0977348 2.646404 0.1530292 1.846077 0.1530292 0.0553174 0.3740841 0.02960675 0.3797636 0.02830988 0.2901453 0.9399369 1.494731 0.9676771 1.494477 0.9675812 1.57258 0.9430744 3.496348 0.9426383 3.204178 0.970178 3.204197 0.05913704 2.907627 0.03160315 2.907541 0.03119808 2.631705 0.8853223 1.798886 0.1126958 1.800041 0.1125143 1.678636 0.8847711 1.430611 0.8848676 1.495024 0.1122412 1.496181 0.9401028 1.579082 0.9675858 1.581228 0.9676906 1.672418 0.05589252 0.6277505 0.03097134 0.6213408 0.03152656 0.5892148 0.9388094 0.6946257 0.9645794 0.7002015 0.9644166 0.7302576 0.111034 0.6898617 0.1109516 0.6347735 0.8835772 0.6336165 0.1129075 0.1057179 0.8855291 0.1045724 0.8838123 0.2047247 0.9407094 1.912677 0.968492 1.913228 0.9676946 1.986819 0.8858272 2.136216 0.1132005 2.137372 0.1130921 2.064898 0.8853223 1.798886 0.8854917 1.912169 0.1128653 1.913325 0.9407355 2.000247 0.9674413 2.005125 0.9640743 2.047777 1.799717 2.602507 1.027091 2.60125 1.027141 2.570664 0.9397273 1.266085 0.9394586 1.081385 0.9670922 1.081332 0.0951336 8.73348e-5 0.095393 0.07112413 0.0953924 0.07112413 0.1908724 0.07487142 0.2544102 0.1066402 0.2544093 0.8933593 0.2861773 0.07112377 0.2861773 0.07112377 0.3020608 0.07588213 0.3020608 0.07588213 0.3136883 0.08888208 0.2586662 0.08888196 0.3136883 0.08888208 0.3179443 0.1066402 0.2544102 0.1066402 0.3179443 0.1066402 0.3179436 0.8933593 0.2544102 0.1066402 0.3179436 0.8933593 0.3136876 0.9111174 0.2544094 0.8933593 0.2544102 0.1066402 0.3179436 0.8933593 0.2544094 0.8933593 0.3020601 0.9241174 0.2861765 0.9288757 0.2861765 0.9288757 0.2861765 0.9288757 0.2702929 0.9241173 0.3020601 0.9241174 0.2702929 0.9241173 0.2586653 0.9111174 0.3136876 0.9111174 0.2586653 0.9111174 0.2544094 0.8933593 0.3136876 0.9111174 0.2544102 0.1066402 0.2586662 0.08888196 0.3136883 0.08888208 0.2586662 0.08888196 0.2702938 0.07588213 0.3020608 0.07588213 0.2702938 0.07588213 0.2861773 0.07112377 0.3020608 0.07588213 0.0953927 0.9288768 0.09539216 0.9288768 0.07950878 0.9241186 0.07950878 0.9241186 0.06788128 0.9111186 0.1229036 0.9111186 0.06788128 0.9111186 0.06362539 0.8933603 0.1229036 0.9111186 0.06362539 0.8933603 0.06362527 0.1066405 0.1271601 0.1066406 0.06362527 0.1066405 0.06788122 0.08888232 0.1271601 0.1066406 0.1271601 0.1066406 0.06788122 0.08888232 0.1229042 0.08888238 0.06788122 0.08888232 0.07950884 0.07588243 0.1112766 0.07588243 0.07950884 0.07588243 0.0953924 0.07112413 0.1112766 0.07588243 0.0953924 0.07112413 0.095393 0.07112413 0.1112766 0.07588243 0.1112766 0.07588243 0.1229042 0.08888238 0.06788122 0.08888232 0.1271601 0.1066406 0.1271595 0.8933604 0.06362539 0.8933603 0.1271595 0.8933604 0.1229036 0.9111186 0.06362539 0.8933603 0.1229036 0.9111186 0.1112761 0.9241185 0.07950878 0.9241186 0.2859173 8.73348e-5 0.2859173 8.73348e-5 0.2861773 0.07112377 0.2859163 0.9999124 0.2861765 0.9288757 0.2861765 0.9288757 0.1906974 0.9251292 0.1271595 0.8933603 0.1271601 0.1066406 0.3814815 0.9251279 0.3179436 0.8933593 0.3179443 0.1066402 0.09513276 0.9999127 0.09539216 0.9288768 0.0953927 0.9288768 2.646405 0.01414644 2.642087 0.007405877 2.650537 0.01008641 0.1057459 0.004083395 0.1106563 0.002265334 0.09949821 0.002282023 0.101451 0.01463353 0.09950792 0.008778452 0.1106659 0.008630573 0.101451 0.01463353 0.08740365 0.01452308 0.08753812 0.008656919 0.06437557 0.008094668 0.07555133 0.008433997 0.07335507 0.01425772 0.06955587 0.00188446 0.07800412 0.002077996 0.07555133 0.008433997 1.846077 0.01414626 1.839392 0.01853984 1.842138 0.01008892 0.9335905 0.003459334 0.9386214 0.001591026 0.9274422 0.001334726 0.9292538 0.0140174 0.9273268 0.008027017 0.9385116 0.007996737 0.9292538 0.0140174 0.9152007 0.01388984 0.9153386 0.007870078 0.8921152 0.007461965 0.9033316 0.007645785 0.9011558 0.01362746 0.8972415 0.001088142 0.9056922 0.001075506 0.9033316 0.007645785 1.846077 0.09773433 1.839348 0.1021595 1.842041 0.09370559 0.06949412 3.50833 0.06445926 3.510187 0.07565665 3.51017 0.07358127 3.497647 0.07565152 3.503587 0.06445431 3.503796 0.08764392 3.497624 0.0876528 3.503567 0.07565152 3.503587 0.1108317 3.503726 0.09964478 3.503549 0.1016937 3.497603 0.1058182 3.510126 0.09736835 3.510138 0.09964478 3.503549 2.646404 0.0977348 2.64199 0.09100663 2.65044 0.09370607 0.8973155 3.507088 0.8922952 3.508949 0.9034819 3.508932 0.9014054 3.496407 0.903472 3.502346 0.8922857 3.502557 0.9014054 3.496407 0.9154551 3.49638 0.915464 3.502324 0.9386631 3.502488 0.9274653 3.502313 0.9295178 3.496366 0.933641 3.508886 0.9251872 3.508899 0.9274653 3.502313 2.646405 0.06944191 2.653177 0.06500542 2.650536 0.0734561 0.02304983 0.002519071 0.02815085 9.36012e-4 0.01695829 6.79622e-4 0.01869088 0.01303267 0.01677292 0.007095813 0.02796888 0.00725609 0.004648864 0.01252293 0.004781842 0.006708383 0.01677292 0.007095813 1.026701 3.243181 1.015543 3.242984 1.017487 3.237131 1.021777 3.249536 1.013327 3.249522 1.015543 3.242984 1.846077 0.06944179 1.850587 0.07616043 1.842137 0.07345324 1.813277 3.248951 1.808141 3.250814 1.819356 3.250833 1.817192 3.238244 1.819367 3.244221 1.808151 3.244451 0.9979605 0.0156722 0.9980974 0.009706795 0.9927378 0.009665489 0.9749175 0.008826732 0.9861038 0.009381473 0.9839134 0.01529461 0.9800757 0.002541482 0.9885242 0.002735197 0.9861038 0.009381473 1.846077 0.1530292 1.850491 0.1597599 1.842041 0.157064 1.021869 0.002278089 1.026895 4.41533e-4 1.015709 4.23416e-4 1.017746 0.012946 1.015698 0.007001698 1.026885 0.006831586 0.004865407 3.497761 0.004874289 3.5037 0.01023435 3.503685 0.0280689 3.50385 0.01687383 3.503676 0.01892715 3.497733 0.02304488 3.510248 0.01459133 3.510261 0.01687383 3.503676 2.646404 0.1530292 2.653133 0.1486105 2.65044 0.157064 0.9800875 3.506967 0.9750627 3.508824 0.9862577 3.508807 0.9841719 3.496289 0.986243 3.502225 0.9750484 3.502433 0.9841719 3.496289 0.9982337 3.496269 0.9982426 3.50221 1.808338 0.008097171 1.819525 0.008303463 1.817457 0.01424115 1.813372 0.001715183 1.821822 0.001728892 1.819525 0.008303463 0.05597239 0.8044173 0.06979042 0.8028951 0.06994891 0.9045605 0.06979042 0.8028951 0.09740519 0.8017536 0.09755909 0.9045307 0.09740519 0.8017536 0.1112008 0.8013315 0.1113553 0.9045149 0.05592477 0.7493396 0.06972324 0.7463995 0.06981045 0.7996776 0.06972324 0.7463995 0.09731906 0.7442209 0.09740388 0.8008924 0.09731906 0.7442209 0.1111142 0.743418 0.1112008 0.8013315 0.9397296 1.265048 0.939893 1.378625 0.9260851 1.375811 0.9259225 1.265537 0.9260851 1.375811 0.8984822 1.373777 0.8983204 1.265541 0.8984822 1.373777 0.884685 1.373039 0.9403987 1.371132 0.9404911 1.422392 0.9264065 1.412581 0.926338 1.372065 0.9264065 1.412581 0.8985298 1.405425 0.8984807 1.372774 0.8985298 1.405425 0.8847297 1.402811 0.9401004 1.574756 0.9263415 1.575845 0.9261987 1.494907 0.9263415 1.575845 0.8987861 1.576668 0.8986637 1.494989 0.8987861 1.576668 0.8849903 1.576975 0.8848676 1.495024 0.9402839 1.674921 0.9265084 1.67618 0.9263427 1.578008 0.9265084 1.67618 0.8989363 1.677127 0.8987869 1.577248 0.8989363 1.677127 0.8851406 1.67748 0.8849903 1.576975 0.05717086 1.496255 0.05711972 1.426813 0.07083612 1.429311 0.07091003 1.496188 0.07083612 1.429311 0.0983476 1.431114 0.09844499 1.496187 0.0983476 1.431114 0.1121448 1.431768 0.05667835 1.432574 0.05665272 1.383946 0.07058173 1.393978 0.07061547 1.432192 0.07058173 1.393978 0.09830296 1.401295 0.09834879 1.431886 0.09830296 1.401295 0.1121032 1.403968 0.9408641 1.990956 0.9270363 1.993088 0.9268972 1.912148 0.9270363 1.993088 0.8994114 1.994675 0.899288 1.912159 0.8994114 1.994675 0.8856161 1.995261 0.8854917 1.912169 0.9408552 2.05506 0.9270831 2.05938 0.9269719 1.997734 0.9270831 2.05938 0.899513 2.062569 0.8994132 1.99592 0.899513 2.062569 0.8857186 2.063741 0.8856161 1.995261 0.05751216 1.801088 0.07130789 1.800585 0.07146 1.913428 0.07130789 1.800585 0.0988999 1.800191 0.09906917 1.913357 0.0988999 1.800191 0.1126958 1.800041 0.1128653 1.913325 0.05736911 1.681174 0.07114553 1.679925 0.07130712 1.799603 0.07114553 1.679925 0.09871864 1.678986 0.09889954 1.799928 0.09871864 1.678986 0.1125143 1.678636 0.1126958 1.800041 0.05582416 0.582482 0.06954669 0.5786795 0.06962573 0.6312826 0.06954669 0.5786795 0.09706711 0.5758697 0.09715384 0.6338422 0.09706711 0.5758697 0.110862 0.5748357 0.1109516 0.6347735 0.05572283 0.5676479 0.05564802 0.5129414 0.06940859 0.5104809 0.06949603 0.5712625 0.06940859 0.5104809 0.09696662 0.5086536 0.09706413 0.5738822 0.09696662 0.5086536 0.1107621 0.5079792 0.9387076 0.6403523 0.9387623 0.6824882 0.9250074 0.6855757 0.9249387 0.6369637 0.9250074 0.6855757 0.8974549 0.6878621 0.8973749 0.6345092 0.8974549 0.6878621 0.8836598 0.6887046 0.9388584 0.7360171 0.9250956 0.7391185 0.925031 0.6916446 0.9250956 0.7391185 0.8975353 0.7414151 0.8974574 0.6894883 0.8975353 0.7414151 0.8837403 0.7422612 0.8836598 0.6887046 0.05532312 0.2931761 0.0691424 0.294722 0.06913816 0.3710262 0.0691424 0.294722 0.09675842 0.2958415 0.09675747 0.3687754 0.09675842 0.2958415 0.110556 0.2962368 0.110553 0.3679369 0.05600351 0.204882 0.0697984 0.2053616 0.06914967 0.297869 0.0697984 0.2053616 0.09739255 0.2057691 0.09675973 0.2967172 0.09739255 0.2057691 0.11119 0.2058594 0.1105561 0.2962368 0.9384972 0.4353064 0.9246841 0.4345902 0.9245745 0.3636211 0.9246841 0.4345902 0.8970747 0.4340922 0.8969725 0.3659352 0.8970747 0.4340922 0.8832779 0.4339154 0.8831771 0.3667877 0.9385969 0.5024417 0.9247885 0.5046116 0.924677 0.4330337 0.9247885 0.5046116 0.8971828 0.5062261 0.8970742 0.4336751 0.8971828 0.5062261 0.8833871 0.5068227 0.8832779 0.4339154 2.646405 0.01414644 1.846077 0.01414626 1.850588 0.007406592 0.1057432 0.002272665 0.8972415 0.001088142 0.8921152 0.007461965 0.1106659 0.008630573 0.8921152 0.007461965 0.8876133 0.01359575 0.05772644 0.1050126 0.07151859 0.105415 0.06979238 0.2060601 0.07151859 0.105415 0.09911018 0.1057384 0.09739297 0.2060041 0.09911018 0.1057384 0.1129075 0.1057179 0.11119 0.2058593 0.05980992 0.01414114 0.07335507 0.01425772 0.07151859 0.105415 0.07335507 0.01425772 0.101451 0.01463353 0.09911018 0.1057384 0.101451 0.01463353 0.1149924 0.01475191 0.1129075 0.1057179 0.9407088 0.1054427 0.926918 0.1048781 0.9292538 0.0140174 0.926918 0.1048781 0.8993263 0.104551 0.9011558 0.01362746 0.8993263 0.104551 0.8855291 0.1045724 0.8876133 0.01359575 0.9407234 0.1047236 0.9389865 0.2060708 0.9251946 0.2054451 0.9251946 0.2054451 0.8976097 0.2048269 0.8993263 0.104551 0.8976097 0.2048269 0.8838123 0.2047247 0.8855291 0.1045724 0.05641126 1.082707 0.07022047 1.082698 0.07049942 1.266818 0.07022047 1.082698 0.09782576 1.082657 0.09810143 1.26674 0.09782576 1.082657 0.1116219 1.082636 0.1118976 1.266705 0.05613505 0.9050303 0.06994891 0.9045605 0.07022047 1.082698 0.06994891 0.9045605 0.09755909 0.9045307 0.09782576 1.082657 0.09755909 0.9045307 0.1113553 0.9045149 0.111622 1.082636 0.9389464 0.7480175 0.9390043 0.7966604 0.9252117 0.7983969 0.9251396 0.7451187 0.9252117 0.7983969 0.8976224 0.7996943 0.8975377 0.7430229 0.8976224 0.7996943 0.8838269 0.8001747 0.9390638 0.8030949 0.9392003 0.9027769 0.9253877 0.9032794 0.9252415 0.8016142 0.9253877 0.9032794 0.8977777 0.9033324 0.8976237 0.8005554 0.8977777 0.9033324 0.8839815 0.9033579 0.9392027 0.903708 0.9394587 1.08141 0.9256497 1.081417 0.9253877 0.9032794 0.9256497 1.081417 0.8980445 1.081459 0.8977777 0.9033324 0.8980445 1.081459 0.8842483 1.081479 0.9394586 1.081385 0.9397273 1.266085 0.9259225 1.265537 0.9256497 1.081417 0.9259225 1.265537 0.8983204 1.265541 0.8980445 1.081459 0.8983204 1.265541 0.8845242 1.265548 0.05633884 1.372455 0.07040256 1.373346 0.07045543 1.413863 0.07040256 1.373346 0.09826201 1.373972 0.09831094 1.406623 0.09826201 1.373972 0.1120585 1.374196 0.1121032 1.403968 0.05669081 1.26637 0.07049942 1.266818 0.07066684 1.377092 0.07049942 1.266818 0.09810143 1.26674 0.0982635 1.374976 0.09810143 1.26674 0.1118976 1.266705 0.1120585 1.374196 0.05838906 2.200855 0.05831879 2.146009 0.07196348 2.141711 0.07205444 2.206406 0.07196348 2.141711 0.09940606 2.138538 0.09951364 2.210443 0.09940606 2.138538 0.1132005 2.137372 0.05809998 2.074026 0.07179987 2.069483 0.07188081 2.133388 0.07179987 2.069483 0.09929776 2.06613 0.09940272 2.136308 0.09929776 2.06613 0.1130921 2.064898 0.1132005 2.137372 0.940738 2.072705 0.9408502 2.128042 0.9271349 2.132108 0.9270246 2.068203 0.9271349 2.132108 0.8996217 2.135111 0.8995165 2.064933 0.8996217 2.135111 0.8858272 2.136216 0.9408282 2.199534 0.9271796 2.205126 0.9270769 2.140432 0.9271796 2.205126 0.8997325 2.209245 0.899625 2.137341 0.8997325 2.209245 0.8859387 2.210759 0.8858272 2.136216 0.05820035 2.295371 0.07201832 2.292584 0.07220894 2.415909 0.07201832 2.292584 0.09963345 2.290519 0.09982162 2.416265 0.09963345 2.290519 0.1134285 2.289757 0.113618 2.41639 0.05832993 2.222911 0.07202488 2.217433 0.07213151 2.286499 0.07202488 2.217433 0.09951806 2.213398 0.09963101 2.288888 0.09951806 2.213398 0.113312 2.211915 0.1134285 2.289757 0.9409534 2.22159 0.9410368 2.281879 0.9273421 2.285219 0.9272422 2.216154 0.9273421 2.285219 0.89985 2.28769 0.899737 2.2122 0.89985 2.28769 0.8860551 2.2886 0.9412997 2.294049 0.9414671 2.414065 0.9276521 2.414628 0.9274736 2.291304 0.9276521 2.414628 0.9000406 2.415067 0.8998524 2.289321 0.9000406 2.415067 0.8862447 2.415233 0.05871778 2.631434 0.07253223 2.631181 0.07294911 2.907734 0.07253223 2.631181 0.1001432 2.63114 0.1005572 2.907693 0.1001432 2.63114 0.1139393 2.63112 0.1143533 2.907673 0.05838865 2.417372 0.07220715 2.416901 0.07253223 2.631181 0.07220715 2.416901 0.09982204 2.416531 0.1001432 2.63114 0.09982204 2.416531 0.113618 2.41639 0.1139394 2.63112 0.9414768 2.41605 0.9417876 2.629646 0.9279732 2.6299 0.9276569 2.415621 0.9279732 2.6299 0.9003622 2.629942 0.900041 2.415333 0.9003622 2.629942 0.8865661 2.629963 0.9417884 2.630112 0.9421958 2.906306 0.9283842 2.906454 0.9279732 2.6299 0.9283842 2.906454 0.9007761 2.906495 0.9003622 2.629942 0.9007761 2.906495 0.8869799 2.906516 0.05553758 0.5037631 0.05544072 0.4335143 0.0692504 0.4343134 0.0693534 0.5058918 0.0692504 0.4343134 0.09685629 0.4348723 0.09696477 0.5074239 0.09685629 0.4348723 0.1106532 0.4350714 0.05543601 0.4366284 0.05533003 0.3618146 0.06914472 0.3648962 0.06924802 0.4358705 0.06914472 0.3648962 0.09675502 0.3671261 0.09685689 0.4352895 0.09675502 0.3671261 0.110553 0.3679369 0.9390137 0.2040369 0.9383518 0.2986764 0.9245609 0.2969009 0.9252086 0.2043898 0.9245609 0.2969009 0.896977 0.2955449 0.8976094 0.2045919 0.896977 0.2955449 0.8831793 0.2951073 0.9384112 0.2919467 0.9384121 0.3728474 0.9245911 0.3698018 0.924592 0.2935115 0.9245911 0.3698018 0.8969751 0.3675845 0.8969756 0.294669 0.8969751 0.3675845 0.8831771 0.3667877 1.846077 0.09773433 1.850491 0.0910061 2.64199 0.09100663 0.1058182 3.510126 0.1108317 3.503726 0.8922857 3.502557 0.1108317 3.503726 0.1152362 3.497588 0.8878628 3.496432 0.9421962 2.90656 0.942638 3.204054 0.928828 3.204137 0.9283842 2.906454 0.928828 3.204137 0.9012215 3.204178 0.9007761 2.906495 0.9012215 3.204178 0.8874254 3.2042 0.9426383 3.204178 0.9430744 3.496348 0.9295178 3.496366 0.928828 3.204137 0.9295178 3.496366 0.9014054 3.496407 0.9014054 3.496407 0.8878628 3.496432 0.8874255 3.2042 0.05958622 3.2055 0.07339638 3.205418 0.07358127 3.497647 0.07339638 3.205418 0.1010028 3.205376 0.1016937 3.497603 0.1016937 3.497603 0.1010028 3.205376 0.1147989 3.205356 0.0591374 2.907882 0.07294911 2.907734 0.07339638 3.205418 0.07294911 2.907734 0.1005572 2.907693 0.1010028 3.205376 0.1005572 2.907693 0.1143533 2.907673 0.1147989 3.205356 0.9402394 1.431251 0.9263014 1.43091 0.9262207 1.392697 0.9263014 1.43091 0.8985674 1.430688 0.8985217 1.400097 0.8985674 1.430688 0.8847711 1.430611 0.8847296 1.402811 0.939938 1.494934 0.9261987 1.494907 0.9260723 1.42803 0.9261987 1.494907 0.8986637 1.494989 0.8985663 1.429916 0.8986637 1.494989 0.8848676 1.495024 0.8847711 1.430611 0.05736362 1.676242 0.05725795 1.580403 0.07101476 1.579288 0.07114279 1.67746 0.07101476 1.579288 0.09856808 1.578446 0.09871762 1.678325 0.09856808 1.578446 0.1123638 1.578131 0.05724751 1.576077 0.0571714 1.496052 0.07091003 1.496188 0.07100951 1.577125 0.07091003 1.496188 0.09844499 1.496187 0.09856724 1.577866 0.09844499 1.496187 0.1122412 1.496181 0.05597716 0.7373388 0.05590194 0.6959481 0.06967175 0.6929256 0.06974947 0.7403991 0.06967175 0.6929256 0.09723895 0.6906868 0.09731668 0.7426132 0.09723895 0.6906868 0.111034 0.6898618 0.05584073 0.6416746 0.0695998 0.6382448 0.06967699 0.6868567 0.0695998 0.6382448 0.09715664 0.6357077 0.09723657 0.6890606 0.09715664 0.6357077 0.1109516 0.6347735 0.111034 0.6898617 0.9386034 0.5663263 0.9248418 0.5699819 0.924747 0.5092005 0.9248418 0.5699819 0.8972824 0.5726841 0.8971846 0.5074558 0.8972824 0.5726841 0.8834875 0.5736787 0.8833871 0.5068227 0.9385465 0.5811598 0.938614 0.6264289 0.924892 0.630002 0.9248134 0.5773986 0.924892 0.630002 0.8973722 0.6326439 0.8972854 0.5746714 0.8973722 0.6326439 0.8835772 0.6336165 0.9402931 1.679853 0.9405044 1.797803 0.9267095 1.798324 0.9265131 1.678646 0.9267095 1.798324 0.8991183 1.798731 0.8989373 1.677788 0.8991183 1.798731 0.8853223 1.798886 0.9405087 1.799768 0.9407109 1.91166 0.9268972 1.912148 0.9267116 1.799306 0.9268972 1.912148 0.899288 1.912159 0.8991187 1.798995 0.899288 1.912159 0.8854917 1.912169 0.05792969 2.056382 0.05788534 2.001569 0.07164132 1.999014 0.07171469 2.060661 0.07164132 1.999014 0.09919458 1.997117 0.09929424 2.063766 0.09919458 1.997117 0.1129897 1.996418 0.057729 1.992278 0.05764937 1.913998 0.07146 1.913428 0.07156318 1.994368 0.07146 1.913428 0.09906917 1.913357 0.09919273 1.995873 0.09906917 1.913357 0.1128653 1.913325 1.027141 2.570664 1.013344 2.57106 1.013495 2.477843 0.001325428 0.8104374 0.01506668 0.8089236 0.01474541 0.9034149 0.01506668 0.8089236 0.02880787 0.8074098 0.02849674 0.9036422 1.027091 2.60125 1.013293 2.602154 1.013345 2.570324 0.0025599 0.7607107 0.01643097 0.7577551 0.01516622 0.7929642 0.01643097 0.7577551 0.03030204 0.7547994 0.02888751 0.79465 1.800507 2.116344 1.80071 1.990937 1.814505 1.991666 0.9948844 1.264236 0.9933968 1.388821 0.9796409 1.386726 0.9811102 1.264359 0.9796409 1.386726 0.9658932 1.383924 1.80071 1.990937 1.800847 1.907083 1.81464 1.908793 0.994717 1.368403 0.9805405 1.448424 0.9679304 1.441507 0.9808745 1.368446 0.9679304 1.441507 0.9556148 1.432928 1.801229 1.671579 1.815025 1.671303 1.814901 1.747739 0.9951053 1.570402 0.9813433 1.571491 0.9814569 1.49435 0.9813433 1.571491 0.9675812 1.57258 0.9676771 1.494477 1.801369 1.585049 1.815166 1.584737 1.815024 1.671891 0.9951696 1.669907 0.9814301 1.671162 0.9813491 1.582302 0.9814301 1.671162 0.9676906 1.672418 0.9675858 1.581228 1.028479 1.746502 1.02835 1.825859 1.014555 1.825223 0.001870214 1.496259 0.003104925 1.417589 0.0168733 1.419481 0.01564949 1.496305 0.0168733 1.419481 0.03063201 1.421988 1.02835 1.825859 1.02822 1.905829 1.014427 1.904135 0.001965284 1.433267 0.01701241 1.357272 0.02951669 1.364404 0.01578444 1.433696 0.02951669 1.364404 0.04169631 1.373175 1.801838 1.296038 1.815635 1.295452 1.815522 1.364929 0.9950206 1.982606 0.9813576 1.984713 0.9821693 1.9135 0.9813576 1.984713 0.9676946 1.986819 0.968492 1.913228 1.801885 1.267111 1.815684 1.265645 1.815634 1.296429 0.9922959 2.038924 0.9781851 2.043351 0.9810407 2.007609 0.9781851 2.043351 0.9640743 2.047777 0.9674413 2.005125 1.028923 1.472737 1.015127 1.472844 1.015304 1.363546 0.002378642 1.803098 0.01609003 1.802598 0.01618057 1.912403 0.01609003 1.802598 0.02980136 1.802098 0.02985924 1.912594 1.028743 1.583794 1.014946 1.584109 1.015127 1.472591 0.002479791 1.686149 0.01622021 1.684903 0.01608633 1.797683 0.01622021 1.684903 0.02996069 1.683658 0.02979844 1.79816 1.027007 2.653499 1.013208 2.654585 1.013239 2.63537 0.003496468 0.596982 0.01751154 0.5930984 0.01707977 0.6177679 0.01751154 0.5930984 0.03152656 0.5892148 0.03097134 0.6213408 1.027006 2.653499 1.026956 2.68481 1.013159 2.685267 0.003201842 0.5538648 0.001682102 0.5225908 0.01544886 0.5201293 0.01726871 0.5575564 0.01544886 0.5201293 0.02921563 0.5176677 1.79966 2.637542 1.799688 2.620359 1.813485 2.619655 0.9915513 0.6533573 0.9920217 0.670533 0.9782549 0.6736232 0.9776236 0.6499297 0.9782549 0.6736232 0.9644882 0.6767135 1.799717 2.602507 1.813515 2.601679 1.813483 2.621166 0.9920874 0.7240222 0.978252 0.72714 0.9783698 0.7031853 0.978252 0.72714 0.9644166 0.7302576 0.9645794 0.7002015 1.026654 2.938409 1.012858 2.937918 1.012907 2.840349 7.04108e-4 0.2875001 0.01450347 0.2885914 0.01586711 0.3827939 0.01450347 0.2885914 0.02830988 0.2901453 0.02960675 0.3797636 1.027256 3.041486 1.013459 3.041331 1.012856 2.938825 8.72352e-4 0.2028768 0.01466649 0.2033276 0.01454299 0.3042781 0.01466649 0.2033276 0.02846294 0.203866 0.02834218 0.3026881 1.799475 2.751157 1.813271 2.751455 1.813127 2.840148 0.9935339 0.4378846 0.9797319 0.4374443 0.9777844 0.3515729 0.9797319 0.4374443 0.9659237 0.4367284 0.9640619 0.3546801 1.799581 2.686066 1.813378 2.685464 1.813272 2.750912 0.9927553 0.4939311 0.9789405 0.496102 0.9796965 0.4296844 0.9789405 0.496102 0.9651256 0.4982728 0.9658954 0.4305245 1.803651 3.238357 1.808151 3.244451 1.026701 3.243181 1.808151 3.244451 1.813274 3.250823 1.021777 3.249536 1.850587 0.07616043 1.846077 0.06944179 2.646405 0.06944191 1.027256 3.041486 1.028954 3.145232 1.015157 3.145172 8.33229e-4 0.2068943 0.002563595 0.1035204 0.01635664 0.1038258 0.01635664 0.1038258 0.03014898 0.1042666 0.02843266 0.2068102 1.028954 3.145232 1.03103 3.237101 1.017487 3.237131 0.002547442 0.1044109 0.004648864 0.01252293 0.01869088 0.01303267 0.0163384 0.1048205 0.01869088 0.01303267 0.03222805 0.01350045 1.803651 3.238357 1.801576 3.146499 1.815373 3.146558 0.9979569 0.01582306 0.9958571 0.1072643 0.9820637 0.1068828 0.9839134 0.01529461 0.9820637 0.1068828 0.9682739 0.1063532 1.801576 3.146499 1.799878 3.042764 1.813675 3.042908 0.9958961 0.1053951 0.9940821 0.2088407 0.9802914 0.2082152 0.9821001 0.1050793 0.9802914 0.2082152 0.9665045 0.2074543 1.027579 2.301049 1.013782 2.301024 1.014084 2.115149 0.001250028 1.082769 0.01501405 1.082752 0.01532161 1.268397 0.01501405 1.082752 0.02877801 1.082737 0.02909517 1.268068 1.027291 2.477914 1.013495 2.477949 1.013782 2.301028 9.95208e-4 0.9059767 0.01474618 0.9057406 0.01501417 1.082814 0.01474618 0.9057406 0.02849727 0.9055047 0.02877813 1.082787 1.799717 2.602507 1.799767 2.571919 1.813563 2.571624 0.9923453 0.7592288 0.9935517 0.7897929 0.9798358 0.7915197 0.9784657 0.7563148 0.9798358 0.7915197 0.9661199 0.7932466 1.799767 2.571919 1.799917 2.479168 1.813714 2.479143 0.993729 0.8089513 0.9943379 0.9016999 0.9805876 0.9019685 0.9799835 0.8074787 0.9805876 0.9019685 0.9668373 0.9022371 1.799917 2.479168 1.800204 2.302303 1.814 2.302328 0.9943453 0.9044892 0.99462 1.081352 0.9808561 1.081368 0.9805938 0.9042943 0.9808561 1.081368 0.9670923 1.081382 1.800205 2.302303 1.800507 2.116344 1.814303 2.116448 0.9946199 1.081282 0.994879 1.267157 0.9811047 1.266951 0.980856 1.081306 0.9811047 1.266951 0.9673302 1.266663 1.028084 1.989683 1.014289 1.988761 1.014421 1.907494 0.002012431 1.369889 0.01585513 1.369891 0.0290181 1.442913 0.01585513 1.369891 0.02985733 1.370778 0.0413081 1.434297 1.027881 2.115089 1.014085 2.114961 1.014287 1.990367 0.001534044 1.265723 0.01530861 1.265806 0.0171445 1.388167 0.01530861 1.265806 0.0290848 1.265994 0.03088355 1.385324 1.029327 1.224048 1.029297 1.242721 1.015499 1.243375 0.00902605 2.180804 0.006651043 2.162283 0.02027171 2.157993 0.02393531 2.18686 0.02027171 2.157993 0.03389227 2.153703 1.029259 1.265858 1.015461 1.267205 1.015502 1.241743 0.006929039 2.090997 0.02096581 2.086342 0.01987588 2.118138 0.02096581 2.086342 0.03500258 2.081686 0.03357899 2.122156 1.801885 1.267111 1.801923 1.243976 1.815721 1.243042 0.99196 2.089522 0.9927855 2.112643 0.9790943 2.116702 0.9779092 2.084909 0.9790943 2.116702 0.9654033 2.120762 1.801953 1.2253 1.815752 1.223204 1.815718 1.244674 0.9901309 2.179336 0.9752398 2.185437 0.978817 2.156559 0.9752398 2.185437 0.9603487 2.191537 0.9651837 2.15231 1.029372 1.196098 1.015575 1.196873 1.01575 1.088833 0.004690945 2.306162 0.0185551 2.303366 0.01711964 2.413826 0.0185551 2.303366 0.03241926 2.30057 0.03093481 2.414349 1.029327 1.224048 1.015527 1.226117 1.015577 1.195658 0.008860051 2.242696 0.02380162 2.23672 0.01910644 2.273736 0.02380162 2.23672 0.03874319 2.230745 0.032857 2.277045 1.801953 1.2253 1.801998 1.19735 1.815795 1.196955 0.9904821 2.241227 0.9940691 2.268946 0.9803286 2.272297 0.9755228 2.235296 0.9803286 2.272297 0.9665881 2.275648 1.801998 1.19735 1.802172 1.090199 1.815968 1.090129 0.9948411 2.30468 0.9965485 2.411817 0.9827349 2.412381 0.9809687 2.301926 0.9827349 2.412381 0.9689213 2.412945 1.029888 0.8776128 1.016092 0.8776215 1.016538 0.6020976 0.003571391 2.631978 0.0173847 2.631842 0.01779222 2.907498 0.0173847 2.631842 0.03119808 2.631705 0.03160315 2.907541 1.029546 1.088947 1.015749 1.089046 1.016092 0.8775597 0.003293454 2.419247 0.01711058 2.418776 0.01738291 2.630678 0.01711058 2.418776 0.03092759 2.418306 0.03119659 2.630775 1.802172 1.090198 1.802514 0.8788646 1.81631 0.8788563 0.9965773 2.41776 0.9969338 2.629095 0.9831205 2.629233 0.9827588 2.417331 0.9831205 2.629233 0.9693072 2.629371 1.802514 0.8788645 1.80296 0.603388 1.816756 0.6033932 0.9969363 2.630491 0.9973506 2.905968 0.9835399 2.906052 0.9831226 2.630396 0.9835399 2.906052 0.9697292 2.906137 1.026956 2.68481 1.02685 2.749902 1.013054 2.749612 0.001355111 0.495415 4.21887e-4 0.4305973 0.01422256 0.4311289 0.01517713 0.4975446 0.01422256 0.4311289 0.02802711 0.4319278 1.02685 2.749902 1.026705 2.839612 1.012909 2.838841 4.09405e-4 0.4393726 0.002150297 0.3507032 0.01589804 0.3530185 0.01421087 0.4388905 0.01589804 0.3530185 0.02963113 0.3560819 1.799878 3.042764 1.799277 2.939691 1.813073 2.94015 0.9941604 0.2029809 0.9928561 0.3054767 0.9790745 0.304036 0.9803595 0.2030969 0.9790745 0.304036 0.9653005 0.3022035 1.799277 2.939691 1.799329 2.840874 1.813124 2.841656 0.993022 0.2862673 0.9916156 0.3838436 0.9778655 0.3815599 0.9792234 0.2873442 0.9778655 0.3815599 0.9641265 0.3785227 1.803915 0.01422446 1.031289 0.01297324 1.026885 0.006831586 1.026885 0.006831586 1.021872 4.33398e-4 1.813372 0.001715183 1.850491 0.1597599 1.846077 0.1530292 2.646404 0.1530292 1.80296 0.603388 1.803442 0.3062713 1.817237 0.3062853 0.9973519 2.90673 0.9977961 3.203847 0.9839869 3.203899 0.983541 2.906688 0.9839869 3.203899 0.9701777 3.203951 1.803441 0.3062713 1.803915 0.01422446 1.817457 0.01424115 0.9977967 3.204217 0.9982337 3.496269 0.9841719 3.496289 0.9839874 3.204207 0.9841719 3.496289 0.9706162 3.496306 1.030816 0.3050199 1.01702 0.3050053 1.017746 0.012946 0.004428148 3.205704 0.01823735 3.205653 0.01892715 3.497733 0.01823735 3.205653 0.03204655 3.205602 0.03248286 3.49771 1.030334 0.602137 1.016538 0.6021316 1.01702 0.3049892 0.003982365 2.908217 0.01779305 2.908133 0.01823687 3.205345 0.01779305 2.908133 0.03160381 2.908049 0.03204625 3.205355 1.800976 1.827114 1.814771 1.827964 1.814645 1.905434 0.9949541 1.431779 0.9811363 1.43225 0.9671969 1.363 0.9811363 1.43225 0.9671553 1.431908 0.9550437 1.371808 1.801105 1.747756 1.814901 1.747841 1.814773 1.826522 0.995239 1.494772 0.9814597 1.494859 0.980006 1.418039 0.9814597 1.494859 0.9676794 1.494884 0.9662548 1.420586 1.028743 1.583794 1.028603 1.670325 1.014806 1.670593 0.00246334 1.671392 0.002261698 1.584862 0.0160216 1.583747 0.0162065 1.672606 0.0160216 1.583747 0.02978157 1.582631 1.028602 1.670325 1.028479 1.746502 1.014683 1.746439 0.002230405 1.571887 0.001871109 1.495751 0.01565092 1.495796 0.0159955 1.572936 0.01565092 1.495796 0.02943092 1.495881 1.027091 2.60125 1.027062 2.619103 1.013265 2.619865 0.00271362 0.7255036 0.002587139 0.7076509 0.01636868 0.7046259 0.0165584 0.7285799 0.01636868 0.7046259 0.03015029 0.7016007 1.027034 2.636283 1.013236 2.637281 1.013267 2.618354 0.003037154 0.6548378 0.01695483 0.6513683 0.01639431 0.6750639 0.01695483 0.6513683 0.03087252 0.6478989 0.03017067 0.6781129 1.799632 2.654755 1.81343 2.653607 1.813376 2.686568 0.9910835 0.5523857 0.9770284 0.5561192 0.9787363 0.5186873 0.9770284 0.5561192 0.9629734 0.5598528 0.964963 0.5162671 1.799632 2.654755 1.79966 2.637542 1.813458 2.636674 0.9909185 0.5955033 0.9912782 0.6127153 0.9773979 0.6163297 0.9768924 0.5916618 0.9773979 0.6163297 0.9635176 0.619944 1.801369 1.585049 1.801549 1.473991 1.815346 1.473889 0.9951971 1.684664 0.9956349 1.79572 0.9819243 1.796238 0.9814531 1.68346 0.9819243 1.796238 0.9682137 1.796756 1.801549 1.473991 1.801726 1.364878 1.815523 1.364845 0.9956476 1.801612 0.9958509 1.910726 0.982173 1.910957 0.9819349 1.801154 0.982173 1.910957 0.9684949 1.911189 1.029259 1.265858 1.029212 1.294785 1.015415 1.29513 0.006440639 2.0404 0.004010081 2.011575 0.0176022 2.009051 0.02056467 2.044784 0.0176022 2.009051 0.03119421 2.006526 1.029212 1.294785 1.029101 1.363624 1.015304 1.36363 0.003547608 1.98409 0.002515733 1.915259 0.01619219 1.914946 0.01721698 1.986155 0.01619219 1.914946 0.02986854 1.914633 0.03222805 0.01350045 0.02796888 0.00725609 0.06437557 0.008094668 0.02796888 0.00725609 0.02309989 8.20309e-4 0.06955587 0.00188446 2.653177 0.06500542 2.646405 0.06944191 2.646405 0.01414644 1.846077 0.01414626 1.846077 0.06944179 1.839391 0.06500244 0.9336256 0.001476526 0.9800757 0.002541482 0.9749175 0.008826732 0.9385116 0.007996737 0.9749175 0.008826732 0.970376 0.01479017 1.846077 0.1530292 1.839348 0.1486104 1.839348 0.1021595 0.02304488 3.510248 0.0280689 3.50385 0.06445431 3.503796 0.0280689 3.50385 0.03248286 3.49771 0.06002455 3.497669 0.9430744 3.496348 0.9706162 3.496306 0.9750484 3.502433 0.9386631 3.502488 0.9750484 3.502433 0.9800917 3.508816 2.653133 0.1021599 2.653133 0.1486105 2.646404 0.1530292 0.1908721 0.9251276 0.2544093 0.8933593 0.2544267 0.9111174 0.1908895 0.9428858 0.2544267 0.9111174 0.2544093 0.9288757 0.2700328 0.9977846 0.2702929 0.9267477 0.2861765 0.9288757 0.3814815 0.9251279 0.3814989 0.9428861 0.317961 0.9111174 0.3814989 0.9428861 0.3796302 0.9597187 0.3179436 0.9288757 0.3017999 0.9977844 0.2859163 0.9999124 0.2861765 0.9288757 8.8103e-5 0.9251289 0.06362539 0.8933604 0.06364274 0.9111186 1.05492e-4 0.9428871 0.06364274 0.9111186 0.06362539 0.9288768 0.07924938 0.9977847 0.07950878 0.9267488 0.09539216 0.9288768 0.1906974 0.9251292 0.1907148 0.9428874 0.1271769 0.9111186 0.1907148 0.9428874 0.188846 0.9597199 0.1271595 0.9288768 0.1110167 0.9977849 0.0951333 0.9999127 0.0953927 0.9288768 0.2861773 0.07112377 0.2702938 0.07325178 0.2700338 0.002215206 0.2702938 0.07325178 0.2544103 0.07112377 0.2541794 0.008044421 0.2544277 0.08888196 0.2544102 0.1066402 0.1908724 0.07487142 0.2861773 0.07112377 0.2859173 8.73348e-5 0.3018008 0.002215266 0.3020608 0.07325178 0.3018008 0.002215266 0.3177133 0.008013308 0.3179617 0.08888208 0.3814989 0.05711364 0.3814815 0.07487189 0.1906974 0.07487219 0.1271601 0.1066406 0.1271775 0.08888238 0.1269297 0.008013367 0.1271601 0.07112413 0.1112766 0.07325214 0.1110172 0.002215266 0.1112766 0.07325214 0.095393 0.07112413 8.73419e-5 0.07487177 1.04699e-4 0.05711352 0.06364262 0.08888232 0.06339496 0.008044421 0.0792495 0.002215206 0.07950884 0.07325208 0.0792495 0.002215206 0.09513306 8.73348e-5 0.0953924 0.07112413 0.05601257 0.7979825 0.02888751 0.79465 0.03030204 0.7547994</float_array>
          <technique_common>
            <accessor source="#Plane_001-mesh-map-0-array" count="3816" stride="2">
              <param name="S" type="float"/>
              <param name="T" type="float"/>
            </accessor>
          </technique_common>
        </source>
        <vertices id="Plane_001-mesh-vertices">
          <input semantic="POSITION" source="#Plane_001-mesh-positions"/>
        </vertices>
        <triangles material="Chair-material" count="1180">
          <input semantic="VERTEX" source="#Plane_001-mesh-vertices" offset="0"/>
          <input semantic="NORMAL" source="#Plane_001-mesh-normals" offset="1"/>
          <input semantic="TEXCOORD" source="#Plane_001-mesh-map-0" offset="2" set="0"/>
          <p>8 0 0 525 1 1 228 2 2 272 3 3 440 4 4 145 5 5 276 6 6 313 7 7 573 8 8 161 9 9 585 10 10 456 11 11 292 12 12 321 13 13 589 14 14 280 15 15 448 16 16 153 17 17 32 18 18 489 19 19 329 20 20 113 21 21 553 22 22 408 23 23 200 24 24 337 25 25 40 26 26 40 26 27 505 27 28 208 28 29 208 28 30 345 29 31 50 30 32 281 31 33 5 32 34 1 33 35 216 34 36 368 35 37 73 36 38 76 37 39 517 38 40 373 39 41 172 40 42 376 41 43 469 42 44 232 43 45 321 13 46 24 44 47 240 45 48 384 46 49 89 47 50 237 48 51 88 49 52 233 50 53 248 51 54 392 52 55 97 53 56 245 54 57 96 55 58 241 56 59 268 57 60 400 58 61 105 59 62 256 60 63 329 20 64 553 22 65 117 61 66 501 62 67 204 63 68 253 64 69 104 65 70 249 66 71 121 67 72 565 68 73 268 57 74 8 0 75 477 69 76 305 70 77 180 71 78 444 72 79 477 69 80 280 15 81 297 73 82 577 74 83 196 75 84 452 76 85 493 77 86 188 78 87 313 7 88 16 79 89 165 80 90 485 81 91 188 78 92 381 82 93 520 83 94 512 84 95 316 85 96 484 86 97 584 87 98 445 88 99 568 89 100 476 90 101 324 91 102 528 92 103 532 93 104 461 94 105 584 87 106 484 86 107 328 95 108 500 96 109 552 97 110 453 98 111 576 99 112 492 100 113 504 101 114 340 102 115 508 103 116 500 96 117 409 104 118 552 97 119 508 103 120 346 105 121 504 101 122 556 106 123 336 107 124 496 108 125 369 109 126 516 110 127 464 111 128 296 112 129 492 100 130 576 99 131 372 113 132 512 84 133 520 83 134 377 114 135 524 115 136 468 116 137 388 117 138 536 118 139 540 119 140 320 120 141 480 121 142 588 122 143 396 123 144 544 124 145 548 125 146 385 126 147 532 93 148 528 92 149 404 127 150 564 128 151 560 129 152 393 130 153 540 119 154 536 118 155 496 108 156 413 131 157 556 106 158 332 132 159 488 133 160 580 134 161 417 135 162 560 129 163 564 128 164 401 136 165 548 125 166 544 124 167 441 137 168 572 138 169 472 139 170 304 140 171 468 116 172 524 115 173 449 141 174 580 134 175 488 133 176 308 142 177 476 90 178 568 89 179 457 143 180 588 122 181 480 121 182 312 144 183 472 139 184 572 138 185 213 148 189 49 149 190 62 150 191 221 151 192 72 152 193 169 153 194 5 32 195 169 153 196 1 33 197 85 154 198 513 155 199 216 34 200 12 156 201 569 157 202 272 3 203 177 158 204 148 159 205 144 160 206 288 161 207 317 162 208 585 10 209 149 163 210 573 8 211 444 72 212 173 164 213 9 165 214 229 166 215 185 167 216 164 168 217 160 169 218 236 170 219 325 171 220 533 172 221 165 80 222 589 14 223 460 173 224 177 158 225 17 174 226 277 175 227 193 176 228 156 177 229 152 178 230 204 63 231 333 179 232 36 180 233 157 181 234 581 182 235 452 76 236 220 183 237 301 184 238 517 38 239 201 185 240 116 186 241 112 187 242 44 188 243 509 189 244 341 190 245 117 61 246 557 191 247 412 192 248 36 180 249 581 182 250 284 193 251 265 194 252 122 195 253 269 196 254 261 197 255 41 198 256 45 199 257 212 200 258 358 201 259 509 189 260 73 36 261 465 202 262 168 203 263 260 204 264 341 190 265 557 191 266 228 2 267 380 205 268 85 154 269 225 206 270 72 152 271 77 207 272 273 208 273 9 165 274 13 209 275 224 210 276 373 39 277 521 211 278 173 164 279 84 212 280 80 213 281 225 206 282 84 212 283 217 214 284 12 156 285 469 42 286 309 215 287 245 54 288 88 49 289 93 216 290 236 170 291 389 217 292 92 218 293 185 167 294 25 219 295 293 220 296 257 221 297 37 222 298 33 223 299 244 224 300 389 217 301 541 225 302 100 226 303 541 225 304 397 227 305 232 43 306 384 46 307 529 228 308 253 64 309 96 55 310 101 229 311 252 230 312 397 227 313 549 231 314 108 232 315 549 231 316 405 233 317 97 53 318 537 234 319 240 45 320 265 194 321 104 65 322 109 235 323 264 236 324 405 233 325 561 237 326 193 176 327 37 222 328 285 238 329 257 221 330 116 186 331 205 239 332 48 240 333 356 241 334 60 242 335 132 243 336 416 244 337 120 245 338 113 21 339 497 246 340 200 24 341 145 5 342 473 247 343 176 248 344 134 249 345 561 237 346 429 250 347 105 59 348 545 251 349 248 51 350 289 252 351 17 174 352 21 253 353 273 208 354 148 159 355 181 254 356 176 248 357 317 162 358 20 255 359 153 17 360 489 19 361 192 256 362 196 75 363 301 184 364 4 257 365 281 31 366 156 177 367 197 258 368 209 259 369 45 199 370 41 198 371 161 9 372 481 260 373 184 261 374 237 48 375 25 219 376 29 262 377 289 252 378 164 168 379 189 263 380 184 261 381 325 171 382 28 264 383 300 265 384 464 111 385 516 110 386 81 266 387 521 211 388 376 41 389 48 240 417 53 291 418 52 292 419 51 293 420 56 294 421 53 291 422 54 295 423 55 296 424 49 149 425 54 295 426 59 297 427 56 294 428 57 298 429 58 299 430 50 30 431 52 292 432 59 297 433 57 298 434 53 291 435 56 294 436 59 297 437 60 242 438 65 300 439 64 301 440 63 302 441 68 303 442 65 300 443 66 304 444 67 305 445 61 306 446 66 304 447 71 307 448 68 303 449 69 308 450 70 309 451 62 150 452 64 301 453 71 307 454 69 308 455 65 300 456 68 303 457 71 307 458 120 245 459 125 310 460 124 311 461 123 312 462 128 313 463 125 310 464 126 314 465 127 315 466 121 67 467 130 316 468 128 313 469 126 314 470 129 317 471 130 316 472 122 195 473 124 311 474 131 318 475 129 317 476 125 310 477 128 313 478 131 318 479 132 243 480 137 319 481 136 320 482 135 321 483 140 322 484 137 319 485 138 323 486 139 324 487 133 325 488 138 323 489 143 326 490 140 322 491 141 327 492 142 328 493 134 249 494 136 320 495 143 326 496 141 327 497 137 319 498 140 322 499 143 326 500 344 329 501 349 330 502 348 331 503 347 332 504 352 333 505 349 330 506 350 334 507 351 335 508 345 29 509 354 336 510 352 333 511 350 334 512 353 337 513 354 336 514 346 105 515 348 331 516 355 338 517 353 337 518 349 330 519 352 333 520 355 338 521 356 241 522 361 339 523 360 340 524 359 341 525 364 342 526 361 339 527 362 343 528 363 344 529 357 345 530 366 346 531 364 342 532 362 343 533 365 347 534 366 346 535 358 201 536 360 340 537 367 348 538 365 347 539 361 339 540 364 342 541 367 348 542 416 244 543 421 349 544 420 350 545 419 351 546 424 352 547 421 349 548 422 353 549 423 354 550 417 135 551 426 355 552 424 352 553 422 353 554 425 356 555 426 355 556 418 357 557 420 350 558 427 358 559 425 356 560 421 349 561 424 352 562 427 358 563 428 359 564 433 360 565 432 361 566 431 362 567 436 363 568 433 360 569 434 364 570 435 365 571 429 250 572 434 364 573 439 366 574 436 363 575 437 367 576 438 368 577 430 369 578 432 361 579 439 366 580 437 367 581 433 360 582 436 363 583 439 366 584 168 203 585 75 370 586 73 36 587 170 371 588 74 372 589 75 370 590 171 373 591 72 152 592 74 372 593 0 374 594 170 371 595 168 203 596 2 375 597 171 373 598 170 371 599 3 376 600 169 153 601 171 373 602 81 266 603 174 377 604 83 378 605 83 378 606 175 379 607 82 380 608 82 380 609 173 164 610 80 213 611 172 40 612 14 381 613 174 377 614 174 377 615 15 382 616 175 379 617 175 379 618 13 209 619 173 164 620 176 248 621 147 383 622 145 5 623 178 384 624 146 385 625 147 383 626 179 386 627 144 160 628 146 385 629 20 255 630 178 384 631 176 248 632 22 387 633 179 386 634 178 384 635 23 388 636 177 158 637 179 386 638 149 163 639 182 389 640 151 390 641 151 390 642 183 391 643 150 392 644 150 392 645 181 254 646 148 159 647 180 71 648 10 393 649 182 389 650 182 389 651 11 394 652 183 391 653 183 391 654 9 165 655 181 254 656 184 261 657 163 395 658 161 9 659 186 396 660 162 397 661 163 395 662 187 398 663 160 169 664 162 397 665 28 264 666 186 396 667 184 261 668 30 399 669 187 398 670 186 396 671 31 400 672 185 167 673 187 398 674 188 78 675 167 401 676 165 80 677 190 402 678 166 403 679 167 401 680 191 404 681 164 168 682 166 403 683 16 79 684 190 402 685 188 78 686 18 405 687 191 404 688 190 402 689 19 406 690 189 263 691 191 404 692 192 256 693 155 407 694 153 17 695 194 408 696 154 409 697 155 407 698 195 410 699 152 178 700 154 409 701 192 256 702 34 411 703 194 408 704 194 408 705 35 412 706 195 410 707 195 410 708 33 223 709 193 176 710 157 181 711 198 413 712 159 414 713 159 414 714 199 415 715 158 416 716 158 416 717 197 258 718 156 177 719 4 257 720 198 413 721 196 75 722 6 417 723 199 415 724 198 413 725 7 418 726 197 258 727 199 415 728 200 24 729 115 419 730 113 21 731 202 420 732 114 421 733 115 419 734 203 422 735 112 187 736 114 421 737 40 26 738 202 420 739 200 24 740 42 423 741 203 422 742 202 420 743 43 424 744 201 185 745 203 422 746 204 63 747 119 425 748 117 61 749 206 426 750 118 427 751 119 425 752 207 428 753 116 186 754 118 427 755 36 180 756 206 426 757 204 63 758 38 429 759 207 428 760 206 426 761 39 430 762 205 239 763 207 428 764 48 240 765 64 301 766 51 293 767 51 293 768 69 308 769 55 296 770 55 296 771 62 150 772 49 149 773 208 28 774 42 423 775 40 26 776 210 431 777 43 424 778 42 423 779 211 432 780 41 198 781 43 424 782 50 30 783 210 431 784 208 28 785 58 299 786 211 432 787 210 431 788 54 295 789 209 259 790 211 432 791 212 200 792 66 304 793 61 306 794 214 433 795 70 309 796 66 304 797 215 434 798 62 150 799 70 309 800 212 200 801 46 435 802 214 433 803 46 435 804 215 434 805 214 433 806 47 436 807 213 148 808 215 434 809 216 34 810 87 437 811 85 154 812 218 438 813 86 439 814 87 437 815 219 440 816 84 212 817 86 439 818 73 36 819 218 438 820 216 34 821 75 370 822 219 440 823 218 438 824 74 372 825 217 214 826 219 440 827 4 257 828 222 441 829 6 417 830 6 417 831 223 442 832 7 418 833 7 418 834 221 151 835 5 32 836 220 183 837 78 443 838 222 441 839 222 441 840 79 444 841 223 442 842 223 442 843 77 207 844 221 151 845 76 37 846 226 445 847 78 443 848 78 443 849 227 446 850 79 444 851 79 444 852 225 206 853 77 207 854 224 210 855 83 378 856 226 445 857 226 445 858 82 380 859 227 446 860 227 446 861 80 213 862 225 206 863 228 2 864 10 393 865 8 0 866 230 447 867 11 394 868 10 393 869 231 448 870 9 165 871 11 394 872 85 154 873 230 447 874 228 2 875 87 437 876 231 448 877 230 447 878 86 439 879 229 166 880 231 448 881 89 47 882 234 449 883 91 450 884 91 450 885 235 451 886 90 452 887 90 452 888 233 50 889 88 49 890 24 44 891 234 449 892 232 43 893 26 453 894 235 451 895 234 449 896 27 454 897 233 50 898 235 451 899 28 264 900 238 455 901 30 399 902 30 399 903 239 456 904 31 400 905 31 400 906 237 48 907 29 262 908 92 218 909 238 455 910 236 170 911 94 457 912 239 456 913 238 455 914 95 458 915 237 48 916 239 456 917 240 45 918 99 459 919 97 53 920 242 460 921 98 461 922 99 459 923 243 462 924 96 55 925 98 461 926 89 47 927 242 460 928 240 45 929 91 450 930 243 462 931 242 460 932 90 452 933 241 56 934 243 462 935 92 218 936 246 463 937 94 457 938 94 457 939 247 464 940 95 458 941 95 458 942 245 54 943 93 216 944 244 224 945 102 465 946 246 463 947 246 463 948 103 466 949 247 464 950 247 464 951 101 229 952 245 54 953 248 51 954 107 467 955 105 59 956 250 468 957 106 469 958 107 467 959 251 470 960 104 65 961 106 469 962 97 53 963 250 468 964 248 51 965 99 459 966 251 470 967 250 468 968 98 461 969 249 66 970 251 470 971 100 226 972 254 471 973 102 465 974 102 465 975 255 472 976 103 466 977 103 466 978 253 64 979 101 229 980 252 230 981 110 473 982 254 471 983 254 471 984 111 474 985 255 472 986 255 472 987 109 235 988 253 64 989 32 18 990 258 475 991 34 411 992 34 411 993 259 476 994 35 412 995 35 412 996 257 221 997 33 223 998 256 60 999 115 419 1000 258 475 1001 258 475 1002 114 421 1003 259 476 1004 259 476 1005 112 187 1006 257 221 1007 44 188 1008 262 477 1009 46 435 1010 46 435 1011 263 478 1012 47 436 1013 47 436 1014 261 197 1015 45 199 1016 260 204 1017 119 425 1018 262 477 1019 262 477 1020 118 427 1021 263 478 1022 263 478 1023 116 186 1024 261 197 1025 120 245 1026 135 321 1027 132 243 1028 124 311 1029 139 324 1030 135 321 1031 129 317 1032 133 325 1033 139 324 1034 108 232 1035 266 479 1036 110 473 1037 110 473 1038 267 480 1039 111 474 1040 111 474 1041 265 194 1042 109 235 1043 264 236 1044 142 328 1045 266 479 1046 266 479 1047 138 323 1048 267 480 1049 138 323 1050 265 194 1051 267 480 1052 268 57 1053 126 314 1054 121 67 1055 270 481 1056 130 316 1057 126 314 1058 130 316 1059 269 196 1060 122 195 1061 105 59 1062 270 481 1063 268 57 1064 107 467 1065 271 482 1066 270 481 1067 106 469 1068 269 196 1069 271 482 1070 272 3 1071 14 381 1072 12 156 1073 274 483 1074 15 382 1075 14 381 1076 275 484 1077 13 209 1078 15 382 1079 145 5 1080 274 483 1081 272 3 1082 147 383 1083 275 484 1084 274 483 1085 146 385 1086 273 208 1087 275 484 1088 16 79 1089 278 485 1090 18 405 1091 18 405 1092 279 486 1093 19 406 1094 19 406 1095 277 175 1096 17 174 1097 276 6 1098 151 390 1099 278 485 1100 278 485 1101 150 392 1102 279 486 1103 279 486 1104 148 159 1105 277 175 1106 0 374 1107 282 487 1108 2 375 1109 2 375 1110 283 488 1111 3 376 1112 3 376 1113 281 31 1114 1 33 1115 153 17 1116 282 487 1117 280 15 1118 155 407 1119 283 488 1120 282 487 1121 154 409 1122 281 31 1123 283 488 1124 284 193 1125 38 429 1126 36 180 1127 286 489 1128 39 430 1129 38 429 1130 287 490 1131 37 222 1132 39 430 1133 284 193 1134 159 414 1135 286 489 1136 286 489 1137 158 416 1138 287 490 1139 287 490 1140 156 177 1141 285 238 1142 20 255 1143 290 491 1144 22 387 1145 22 387 1146 291 492 1147 23 388 1148 23 388 1149 289 252 1150 21 253 1151 288 161 1152 163 395 1153 290 491 1154 290 491 1155 162 397 1156 291 492 1157 291 492 1158 160 169 1159 289 252 1160 24 44 1161 294 493 1162 26 453 1163 26 453 1164 295 494 1165 27 454 1166 27 454 1167 293 220 1168 25 219 1169 292 12 1170 167 401 1171 294 493 1172 294 493 1173 166 403 1174 295 494 1175 295 494 1176 164 168 1177 293 220 1178 464 111 1179 371 495 1180 369 109 1181 466 496 1182 370 497 1183 371 495 1184 467 498 1185 368 35 1186 370 497 1187 296 112 1188 466 496 1189 464 111 1190 298 499 1191 467 498 1192 466 496 1193 299 500 1194 465 202 1195 467 498 1196 377 114 1197 470 501 1198 379 502 1199 379 502 1200 471 503 1201 378 504 1202 378 504 1203 469 42 1204 376 41 1205 468 116 1206 310 505 1207 470 501 1208 470 501 1209 311 506 1210 471 503 1211 471 503 1212 309 215 1213 469 42 1214 472 139 1215 443 507 1216 441 137 1217 474 508 1218 442 509 1219 443 507 1220 475 510 1221 440 4 1222 442 509 1223 316 85 1224 474 508 1225 472 139 1226 318 511 1227 475 510 1228 474 508 1229 319 512 1230 473 247 1231 475 510 1232 445 88 1233 478 513 1234 447 514 1235 447 514 1236 479 515 1237 446 516 1238 446 516 1239 477 69 1240 444 72 1241 476 90 1242 306 517 1243 478 513 1244 478 513 1245 307 518 1246 479 515 1247 479 515 1248 305 70 1249 477 69 1250 480 121 1251 459 519 1252 457 143 1253 482 520 1254 458 521 1255 459 519 1256 483 522 1257 456 11 1258 458 521 1259 324 91 1260 482 520 1261 480 121 1262 326 523 1263 483 522 1264 482 520 1265 327 524 1266 481 260 1267 483 522 1268 484 86 1269 463 525 1270 461 94 1271 486 526 1272 462 527 1273 463 525 1274 487 528 1275 460 173 1276 462 527 1277 312 144 1278 486 526 1279 484 86 1280 314 529 1281 487 528 1282 486 526 1283 315 530 1284 485 81 1285 487 528 1286 488 133 1287 451 531 1288 449 141 1289 490 532 1290 450 533 1291 451 531 1292 491 534 1293 448 16 1294 450 533 1295 488 133 1296 330 535 1297 490 532 1298 490 532 1299 331 536 1300 491 534 1301 491 534 1302 329 20 1303 489 19 1304 453 98 1305 494 537 1306 455 538 1307 455 538 1308 495 539 1309 454 540 1310 454 540 1311 493 77 1312 452 76 1313 300 265 1314 494 537 1315 492 100 1316 302 541 1317 495 539 1318 494 537 1319 303 542 1320 493 77 1321 495 539 1322 496 108 1323 411 543 1324 409 104 1325 498 544 1326 410 545 1327 411 543 1328 499 546 1329 408 23 1330 410 545 1331 336 107 1332 498 544 1333 496 108 1334 338 547 1335 499 546 1336 498 544 1337 339 548 1338 497 246 1339 499 546 1340 500 96 1341 415 549 1342 413 131 1343 502 550 1344 414 551 1345 415 549 1346 503 552 1347 412 192 1348 414 551 1349 332 132 1350 502 550 1351 500 96 1352 334 553 1353 503 552 1354 502 550 1355 335 554 1356 501 62 1357 503 552 1358 357 345 1359 353 337 1360 346 105 1361 363 344 1362 348 331 1363 353 337 1364 359 341 1365 344 329 1366 348 331 1367 336 107 1368 506 555 1369 338 547 1370 338 547 1371 507 556 1372 339 548 1373 507 556 1374 337 25 1375 339 548 1376 504 101 1377 354 336 1378 506 555 1379 506 555 1380 350 334 1381 507 556 1382 507 556 1383 345 29 1384 505 27 1385 357 345 1386 510 557 1387 362 343 1388 362 343 1389 511 558 1390 366 346 1391 366 346 1392 509 189 1393 358 201 1394 508 103 1395 342 559 1396 510 557 1397 510 557 1398 343 560 1399 511 558 1400 511 558 1401 341 190 1402 509 189 1403 512 84 1404 383 561 1405 381 82 1406 514 562 1407 382 563 1408 383 561 1409 515 564 1410 380 205 1411 382 563 1412 369 109 1413 514 562 1414 512 84 1415 371 495 1416 515 564 1417 514 562 1418 370 497 1419 513 155 1420 515 564 1421 300 265 1422 518 565 1423 302 541 1424 302 541 1425 519 566 1426 303 542 1427 303 542 1428 517 38 1429 301 184 1430 516 110 1431 374 567 1432 518 565 1433 518 565 1434 375 568 1435 519 566 1436 519 566 1437 373 39 1438 517 38 1439 372 113 1440 522 569 1441 374 567 1442 374 567 1443 523 570 1444 375 568 1445 375 568 1446 521 211 1447 373 39 1448 520 83 1449 379 502 1450 522 569 1451 522 569 1452 378 504 1453 523 570 1454 523 570 1455 376 41 1456 521 211 1457 524 115 1458 306 517 1459 304 140 1460 526 571 1461 307 518 1462 306 517 1463 527 572 1464 305 70 1465 307 518 1466 381 82 1467 526 571 1468 524 115 1469 383 561 1470 527 572 1471 526 571 1472 382 563 1473 525 1 1474 527 572 1475 385 126 1476 530 573 1477 387 574 1478 387 574 1479 531 575 1480 386 576 1481 386 576 1482 529 228 1483 384 46 1484 320 120 1485 530 573 1486 528 92 1487 322 577 1488 531 575 1489 530 573 1490 323 578 1491 529 228 1492 531 575 1493 324 91 1494 534 579 1495 326 523 1496 326 523 1497 535 580 1498 327 524 1499 327 524 1500 533 172 1501 325 171 1502 388 117 1503 534 579 1504 532 93 1505 390 581 1506 535 580 1507 534 579 1508 391 582 1509 533 172 1510 535 580 1511 536 118 1512 395 583 1513 393 130 1514 538 584 1515 394 585 1516 395 583 1517 539 586 1518 392 52 1519 394 585 1520 385 126 1521 538 584 1522 536 118 1523 387 574 1524 539 586 1525 538 584 1526 386 576 1527 537 234 1528 539 586 1529 388 117 1530 542 587 1531 390 581 1532 390 581 1533 543 588 1534 391 582 1535 391 582 1536 541 225 1537 389 217 1538 540 119 1539 398 589 1540 542 587 1541 542 587 1542 399 590 1543 543 588 1544 543 588 1545 397 227 1546 541 225 1547 544 124 1548 403 591 1549 401 136 1550 546 592 1551 402 593 1552 403 591 1553 547 594 1554 400 58 1555 402 593 1556 393 130 1557 546 592 1558 544 124 1559 395 583 1560 547 594 1561 546 592 1562 394 585 1563 545 251 1564 547 594 1565 396 123 1566 550 595 1567 398 589 1568 398 589 1569 551 596 1570 399 590 1571 399 590 1572 549 231 1573 397 227 1574 548 125 1575 406 597 1576 550 595 1577 550 595 1578 407 598 1579 551 596 1580 551 596 1581 405 233 1582 549 231 1583 328 95 1584 554 599 1585 330 535 1586 330 535 1587 555 600 1588 331 536 1589 331 536 1590 553 22 1591 329 20 1592 552 97 1593 411 543 1594 554 599 1595 554 599 1596 410 545 1597 555 600 1598 555 600 1599 408 23 1600 553 22 1601 340 102 1602 558 601 1603 342 559 1604 342 559 1605 559 602 1606 343 560 1607 343 560 1608 557 191 1609 341 190 1610 556 106 1611 415 549 1612 558 601 1613 558 601 1614 414 551 1615 559 602 1616 559 602 1617 412 192 1618 557 191 1619 430 369 1620 423 354 1621 437 367 1622 423 354 1623 432 361 1624 437 367 1625 419 351 1626 428 359 1627 432 361 1628 404 127 1629 562 603 1630 406 597 1631 406 597 1632 563 604 1633 407 598 1634 407 598 1635 561 237 1636 405 233 1637 560 129 1638 438 368 1639 562 603 1640 562 603 1641 434 364 1642 563 604 1643 563 604 1644 429 250 1645 561 237 1646 564 128 1647 422 353 1648 417 135 1649 566 605 1650 426 355 1651 422 353 1652 567 606 1653 418 357 1654 426 355 1655 401 136 1656 566 605 1657 564 128 1658 403 591 1659 567 606 1660 566 605 1661 402 593 1662 565 68 1663 567 606 1664 568 89 1665 310 505 1666 308 142 1667 570 607 1668 311 506 1669 310 505 1670 571 608 1671 309 215 1672 311 506 1673 441 137 1674 570 607 1675 568 89 1676 443 507 1677 571 608 1678 570 607 1679 442 509 1680 569 157 1681 571 608 1682 312 144 1683 574 609 1684 314 529 1685 314 529 1686 575 610 1687 315 530 1688 315 530 1689 573 8 1690 313 7 1691 572 138 1692 447 514 1693 574 609 1694 574 609 1695 446 516 1696 575 610 1697 575 610 1698 444 72 1699 573 8 1700 296 112 1701 578 611 1702 298 499 1703 298 499 1704 579 612 1705 299 500 1706 299 500 1707 577 74 1708 297 73 1709 449 141 1710 578 611 1711 576 99 1712 451 531 1713 579 612 1714 578 611 1715 450 533 1716 577 74 1717 579 612 1718 580 134 1719 334 553 1720 332 132 1721 582 613 1722 335 554 1723 334 553 1724 583 614 1725 333 179 1726 335 554 1727 580 134 1728 455 538 1729 582 613 1730 582 613 1731 454 540 1732 583 614 1733 583 614 1734 452 76 1735 581 182 1736 316 85 1737 586 615 1738 318 511 1739 318 511 1740 587 616 1741 319 512 1742 319 512 1743 585 10 1744 317 162 1745 584 87 1746 459 519 1747 586 615 1748 586 615 1749 458 521 1750 587 616 1751 587 616 1752 456 11 1753 585 10 1754 320 120 1755 590 617 1756 322 577 1757 322 577 1758 591 618 1759 323 578 1760 323 578 1761 589 14 1762 321 13 1763 588 122 1764 463 525 1765 590 617 1766 590 617 1767 462 527 1768 591 618 1769 591 618 1770 460 173 1771 589 14 1772 345 29 1773 57 298 1774 50 30 1775 351 335 1776 52 292 1777 57 298 1778 347 332 1779 48 240 1780 52 292 1781 60 242 1782 360 340 1783 63 302 1784 63 302 1785 365 347 1786 67 305 1787 67 305 1788 358 201 1789 61 306 1790 416 244 1791 123 312 1792 120 245 1793 420 350 1794 127 315 1795 123 312 1796 425 356 1797 121 67 1798 127 315 1799 134 249 1800 435 365 1801 141 327 1802 141 327 1803 431 362 1804 136 320 1805 136 320 1806 428 359 1807 132 243 1808 168 203 1881 297 73 1882 0 374 1883 8 0 1884 305 70 1885 525 1 1886 272 3 1887 569 157 1888 440 4 1889 276 6 1890 16 79 1891 313 7 1892 161 9 1893 288 161 1894 585 10 1895 292 12 1896 24 44 1897 321 13 1898 280 15 1899 577 74 1900 448 16 1901 32 18 1902 192 256 1903 489 19 1904 113 21 1905 256 60 1906 553 22 1907 200 24 1908 497 246 1909 337 25 1910 40 26 1911 337 25 1912 505 27 1913 208 28 1914 505 27 1915 345 29 1916 281 31 1917 197 258 1918 5 32 1919 216 34 1920 513 155 1921 368 35 1922 76 37 1923 220 183 1924 517 38 1925 172 40 1926 81 266 1927 376 41 1928 232 43 1929 529 228 1930 321 13 1931 240 45 1932 537 234 1933 384 46 1934 237 48 1935 93 216 1936 88 49 1937 248 51 1938 545 251 1939 392 52 1940 245 54 1941 101 229 1942 96 55 1943 268 57 1944 565 68 1945 400 58 1946 256 60 1947 32 18 1948 329 20 1949 117 61 1950 412 192 1951 501 62 1952 253 64 1953 109 235 1954 104 65 1955 121 67 1956 418 357 1957 565 68 1958 8 0 1959 180 71 1960 477 69 1961 180 71 1962 149 163 1963 444 72 1964 280 15 1965 0 374 1966 297 73 1967 196 75 1968 157 181 1969 452 76 1970 188 78 1971 485 81 1972 313 7 1973 165 80 1974 460 173 1975 485 81 1976 381 82 1977 377 114 1978 520 83 1979 316 85 1980 312 144 1981 484 86 1982 445 88 1983 441 137 1984 568 89 1985 324 91 1986 320 120 1987 528 92 1988 461 94 1989 457 143 1990 584 87 1991 328 95 1992 332 132 1993 500 96 1994 453 98 1995 449 141 1996 576 99 1997 504 101 1998 336 107 1999 340 102 2000 500 96 2001 413 131 2002 409 104 2003 508 103 2004 357 345 2005 346 105 2006 556 106 2007 340 102 2008 336 107 2009 369 109 2010 372 113 2011 516 110 2012 296 112 2013 300 265 2014 492 100 2015 372 113 2016 369 109 2017 512 84 2018 377 114 2019 381 82 2020 524 115 2021 388 117 2022 385 126 2023 536 118 2024 320 120 2025 324 91 2026 480 121 2027 396 123 2028 393 130 2029 544 124 2030 385 126 2031 388 117 2032 532 93 2033 404 127 2034 401 136 2035 564 128 2036 393 130 2037 396 123 2038 540 119 2039 496 108 2040 409 104 2041 413 131 2042 332 132 2043 328 95 2044 488 133 2045 417 135 2046 430 369 2047 560 129 2048 401 136 2049 404 127 2050 548 125 2051 441 137 2052 445 88 2053 572 138 2054 304 140 2055 308 142 2056 468 116 2057 449 141 2058 453 98 2059 580 134 2060 308 142 2061 304 140 2062 476 90 2063 457 143 2064 461 94 2065 588 122 2066 312 144 2067 316 85 2068 472 139 2069 213 148 2073 209 259 2074 49 149 2075 221 151 2076 77 207 2077 72 152 2078 5 32 2079 221 151 2080 169 153 2081 85 154 2082 380 205 2083 513 155 2084 12 156 2085 309 215 2086 569 157 2087 177 158 2088 277 175 2089 148 159 2090 288 161 2091 20 255 2092 317 162 2093 149 163 2094 276 6 2095 573 8 2096 173 164 2097 13 209 2098 9 165 2099 185 167 2100 293 220 2101 164 168 2102 236 170 2103 28 264 2104 325 171 2105 165 80 2106 292 12 2107 589 14 2108 177 158 2109 21 253 2110 17 174 2111 193 176 2112 285 238 2113 156 177 2114 204 63 2115 501 62 2116 333 179 2117 157 181 2118 284 193 2119 581 182 2120 220 183 2121 4 257 2122 301 184 2123 201 185 2124 261 197 2125 116 186 2126 44 188 2127 212 200 2128 509 189 2129 117 61 2130 260 204 2131 557 191 2132 36 180 2133 333 179 2134 581 182 2135 265 194 2136 133 325 2137 122 195 2138 261 197 2139 201 185 2140 41 198 2141 212 200 2142 61 306 2143 358 201 2144 73 36 2145 368 35 2146 465 202 2147 260 204 2148 44 188 2149 341 190 2150 228 2 2151 525 1 2152 380 205 2153 225 206 2154 217 214 2155 72 152 2156 273 208 2157 181 254 2158 9 165 2159 224 210 2160 76 37 2161 373 39 2162 173 164 2163 229 166 2164 84 212 2165 225 206 2166 80 213 2167 84 212 2168 12 156 2169 172 40 2170 469 42 2171 245 54 2172 241 56 2173 88 49 2174 236 170 2175 533 172 2176 389 217 2177 185 167 2178 29 262 2179 25 219 2180 257 221 2181 205 239 2182 37 222 2183 244 224 2184 92 218 2185 389 217 2186 100 226 2187 244 224 2188 541 225 2189 232 43 2190 89 47 2191 384 46 2192 253 64 2193 249 66 2194 96 55 2195 252 230 2196 100 226 2197 397 227 2198 108 232 2199 252 230 2200 549 231 2201 97 53 2202 392 52 2203 537 234 2204 265 194 2205 269 196 2206 104 65 2207 264 236 2208 108 232 2209 405 233 2210 193 176 2211 33 223 2212 37 222 2213 257 221 2214 112 187 2215 116 186 2216 48 240 2217 344 329 2218 356 241 2219 132 243 2220 428 359 2221 416 244 2222 113 21 2223 408 23 2224 497 246 2225 145 5 2226 440 4 2227 473 247 2228 134 249 2229 264 236 2230 561 237 2231 105 59 2232 400 58 2233 545 251 2234 289 252 2235 189 263 2236 17 174 2237 273 208 2238 144 160 2239 148 159 2240 176 248 2241 473 247 2242 317 162 2243 153 17 2244 448 16 2245 489 19 2246 196 75 2247 493 77 2248 301 184 2249 281 31 2250 152 178 2251 156 177 2252 209 259 2253 213 148 2254 45 199 2255 161 9 2256 456 11 2257 481 260 2258 237 48 2259 233 50 2260 25 219 2261 289 252 2262 160 169 2263 164 168 2264 184 261 2265 481 260 2266 325 171 2267 300 265 2268 296 112 2269 464 111 2270 81 266 2271 224 210 2272 521 211 2273 48 240 2373 51 293 2374 53 291 2375 51 293 2376 55 296 2377 56 294 2378 54 295 2379 56 294 2380 55 296 2381 54 295 2382 58 299 2383 59 297 2384 57 298 2385 59 297 2386 58 299 2387 52 292 2388 53 291 2389 59 297 2390 60 242 2391 63 302 2392 65 300 2393 63 302 2394 67 305 2395 68 303 2396 66 304 2397 68 303 2398 67 305 2399 66 304 2400 70 309 2401 71 307 2402 69 308 2403 71 307 2404 70 309 2405 64 301 2406 65 300 2407 71 307 2408 120 245 2409 123 312 2410 125 310 2411 123 312 2412 127 315 2413 128 313 2414 126 314 2415 128 313 2416 127 315 2417 130 316 2418 131 318 2419 128 313 2420 129 317 2421 131 318 2422 130 316 2423 124 311 2424 125 310 2425 131 318 2426 132 243 2427 135 321 2428 137 319 2429 135 321 2430 139 324 2431 140 322 2432 138 323 2433 140 322 2434 139 324 2435 138 323 2436 142 328 2437 143 326 2438 141 327 2439 143 326 2440 142 328 2441 136 320 2442 137 319 2443 143 326 2444 344 329 2445 347 332 2446 349 330 2447 347 332 2448 351 335 2449 352 333 2450 350 334 2451 352 333 2452 351 335 2453 354 336 2454 355 338 2455 352 333 2456 353 337 2457 355 338 2458 354 336 2459 348 331 2460 349 330 2461 355 338 2462 356 241 2463 359 341 2464 361 339 2465 359 341 2466 363 344 2467 364 342 2468 362 343 2469 364 342 2470 363 344 2471 366 346 2472 367 348 2473 364 342 2474 365 347 2475 367 348 2476 366 346 2477 360 340 2478 361 339 2479 367 348 2480 416 244 2481 419 351 2482 421 349 2483 419 351 2484 423 354 2485 424 352 2486 422 353 2487 424 352 2488 423 354 2489 426 355 2490 427 358 2491 424 352 2492 425 356 2493 427 358 2494 426 355 2495 420 350 2496 421 349 2497 427 358 2498 428 359 2499 431 362 2500 433 360 2501 431 362 2502 435 365 2503 436 363 2504 434 364 2505 436 363 2506 435 365 2507 434 364 2508 438 368 2509 439 366 2510 437 367 2511 439 366 2512 438 368 2513 432 361 2514 433 360 2515 439 366 2516 168 203 2517 170 371 2518 75 370 2519 170 371 2520 171 373 2521 74 372 2522 171 373 2523 169 153 2524 72 152 2525 0 374 2526 2 375 2527 170 371 2528 2 375 2529 3 376 2530 171 373 2531 3 376 2532 1 33 2533 169 153 2534 81 266 2535 172 40 2536 174 377 2537 83 378 2538 174 377 2539 175 379 2540 82 380 2541 175 379 2542 173 164 2543 172 40 2544 12 156 2545 14 381 2546 174 377 2547 14 381 2548 15 382 2549 175 379 2550 15 382 2551 13 209 2552 176 248 2553 178 384 2554 147 383 2555 178 384 2556 179 386 2557 146 385 2558 179 386 2559 177 158 2560 144 160 2561 20 255 2562 22 387 2563 178 384 2564 22 387 2565 23 388 2566 179 386 2567 23 388 2568 21 253 2569 177 158 2570 149 163 2571 180 71 2572 182 389 2573 151 390 2574 182 389 2575 183 391 2576 150 392 2577 183 391 2578 181 254 2579 180 71 2580 8 0 2581 10 393 2582 182 389 2583 10 393 2584 11 394 2585 183 391 2586 11 394 2587 9 165 2588 184 261 2589 186 396 2590 163 395 2591 186 396 2592 187 398 2593 162 397 2594 187 398 2595 185 167 2596 160 169 2597 28 264 2598 30 399 2599 186 396 2600 30 399 2601 31 400 2602 187 398 2603 31 400 2604 29 262 2605 185 167 2606 188 78 2607 190 402 2608 167 401 2609 190 402 2610 191 404 2611 166 403 2612 191 404 2613 189 263 2614 164 168 2615 16 79 2616 18 405 2617 190 402 2618 18 405 2619 19 406 2620 191 404 2621 19 406 2622 17 174 2623 189 263 2624 192 256 2625 194 408 2626 155 407 2627 194 408 2628 195 410 2629 154 409 2630 195 410 2631 193 176 2632 152 178 2633 192 256 2634 32 18 2635 34 411 2636 194 408 2637 34 411 2638 35 412 2639 195 410 2640 35 412 2641 33 223 2642 157 181 2643 196 75 2644 198 413 2645 159 414 2646 198 413 2647 199 415 2648 158 416 2649 199 415 2650 197 258 2651 4 257 2652 6 417 2653 198 413 2654 6 417 2655 7 418 2656 199 415 2657 7 418 2658 5 32 2659 197 258 2660 200 24 2661 202 420 2662 115 419 2663 202 420 2664 203 422 2665 114 421 2666 203 422 2667 201 185 2668 112 187 2669 40 26 2670 42 423 2671 202 420 2672 42 423 2673 43 424 2674 203 422 2675 43 424 2676 41 198 2677 201 185 2678 204 63 2679 206 426 2680 119 425 2681 206 426 2682 207 428 2683 118 427 2684 207 428 2685 205 239 2686 116 186 2687 36 180 2688 38 429 2689 206 426 2690 38 429 2691 39 430 2692 207 428 2693 39 430 2694 37 222 2695 205 239 2696 48 240 2697 60 242 2698 64 301 2699 51 293 2700 64 301 2701 69 308 2702 55 296 2703 69 308 2704 62 150 2705 208 28 2706 210 431 2707 42 423 2708 210 431 2709 211 432 2710 43 424 2711 211 432 2712 209 259 2713 41 198 2714 50 30 2715 58 299 2716 210 431 2717 58 299 2718 54 295 2719 211 432 2720 54 295 2721 49 149 2722 209 259 2723 212 200 2724 214 433 2725 66 304 2726 214 433 2727 215 434 2728 70 309 2729 215 434 2730 213 148 2731 62 150 2732 212 200 2733 44 188 2734 46 435 2735 46 435 2736 47 436 2737 215 434 2738 47 436 2739 45 199 2740 213 148 2741 216 34 2742 218 438 2743 87 437 2744 218 438 2745 219 440 2746 86 439 2747 219 440 2748 217 214 2749 84 212 2750 73 36 2751 75 370 2752 218 438 2753 75 370 2754 74 372 2755 219 440 2756 74 372 2757 72 152 2758 217 214 2759 4 257 2760 220 183 2761 222 441 2762 6 417 2763 222 441 2764 223 442 2765 7 418 2766 223 442 2767 221 151 2768 220 183 2769 76 37 2770 78 443 2771 222 441 2772 78 443 2773 79 444 2774 223 442 2775 79 444 2776 77 207 2777 76 37 2778 224 210 2779 226 445 2780 78 443 2781 226 445 2782 227 446 2783 79 444 2784 227 446 2785 225 206 2786 224 210 2787 81 266 2788 83 378 2789 226 445 2790 83 378 2791 82 380 2792 227 446 2793 82 380 2794 80 213 2795 228 2 2796 230 447 2797 10 393 2798 230 447 2799 231 448 2800 11 394 2801 231 448 2802 229 166 2803 9 165 2804 85 154 2805 87 437 2806 230 447 2807 87 437 2808 86 439 2809 231 448 2810 86 439 2811 84 212 2812 229 166 2813 89 47 2814 232 43 2815 234 449 2816 91 450 2817 234 449 2818 235 451 2819 90 452 2820 235 451 2821 233 50 2822 24 44 2823 26 453 2824 234 449 2825 26 453 2826 27 454 2827 235 451 2828 27 454 2829 25 219 2830 233 50 2831 28 264 2832 236 170 2833 238 455 2834 30 399 2835 238 455 2836 239 456 2837 31 400 2838 239 456 2839 237 48 2840 92 218 2841 94 457 2842 238 455 2843 94 457 2844 95 458 2845 239 456 2846 95 458 2847 93 216 2848 237 48 2849 240 45 2850 242 460 2851 99 459 2852 242 460 2853 243 462 2854 98 461 2855 243 462 2856 241 56 2857 96 55 2858 89 47 2859 91 450 2860 242 460 2861 91 450 2862 90 452 2863 243 462 2864 90 452 2865 88 49 2866 241 56 2867 92 218 2868 244 224 2869 246 463 2870 94 457 2871 246 463 2872 247 464 2873 95 458 2874 247 464 2875 245 54 2876 244 224 2877 100 226 2878 102 465 2879 246 463 2880 102 465 2881 103 466 2882 247 464 2883 103 466 2884 101 229 2885 248 51 2886 250 468 2887 107 467 2888 250 468 2889 251 470 2890 106 469 2891 251 470 2892 249 66 2893 104 65 2894 97 53 2895 99 459 2896 250 468 2897 99 459 2898 98 461 2899 251 470 2900 98 461 2901 96 55 2902 249 66 2903 100 226 2904 252 230 2905 254 471 2906 102 465 2907 254 471 2908 255 472 2909 103 466 2910 255 472 2911 253 64 2912 252 230 2913 108 232 2914 110 473 2915 254 471 2916 110 473 2917 111 474 2918 255 472 2919 111 474 2920 109 235 2921 32 18 2922 256 60 2923 258 475 2924 34 411 2925 258 475 2926 259 476 2927 35 412 2928 259 476 2929 257 221 2930 256 60 2931 113 21 2932 115 419 2933 258 475 2934 115 419 2935 114 421 2936 259 476 2937 114 421 2938 112 187 2939 44 188 2940 260 204 2941 262 477 2942 46 435 2943 262 477 2944 263 478 2945 47 436 2946 263 478 2947 261 197 2948 260 204 2949 117 61 2950 119 425 2951 262 477 2952 119 425 2953 118 427 2954 263 478 2955 118 427 2956 116 186 2957 120 245 2958 124 311 2959 135 321 2960 124 311 2961 129 317 2962 139 324 2963 129 317 2964 122 195 2965 133 325 2966 108 232 2967 264 236 2968 266 479 2969 110 473 2970 266 479 2971 267 480 2972 111 474 2973 267 480 2974 265 194 2975 264 236 2976 134 249 2977 142 328 2978 266 479 2979 142 328 2980 138 323 2981 138 323 2982 133 325 2983 265 194 2984 268 57 2985 270 481 2986 126 314 2987 270 481 2988 271 482 2989 130 316 2990 130 316 2991 271 482 2992 269 196 2993 105 59 2994 107 467 2995 270 481 2996 107 467 2997 106 469 2998 271 482 2999 106 469 3000 104 65 3001 269 196 3002 272 3 3003 274 483 3004 14 381 3005 274 483 3006 275 484 3007 15 382 3008 275 484 3009 273 208 3010 13 209 3011 145 5 3012 147 383 3013 274 483 3014 147 383 3015 146 385 3016 275 484 3017 146 385 3018 144 160 3019 273 208 3020 16 79 3021 276 6 3022 278 485 3023 18 405 3024 278 485 3025 279 486 3026 19 406 3027 279 486 3028 277 175 3029 276 6 3030 149 163 3031 151 390 3032 278 485 3033 151 390 3034 150 392 3035 279 486 3036 150 392 3037 148 159 3038 0 374 3039 280 15 3040 282 487 3041 2 375 3042 282 487 3043 283 488 3044 3 376 3045 283 488 3046 281 31 3047 153 17 3048 155 407 3049 282 487 3050 155 407 3051 154 409 3052 283 488 3053 154 409 3054 152 178 3055 281 31 3056 284 193 3057 286 489 3058 38 429 3059 286 489 3060 287 490 3061 39 430 3062 287 490 3063 285 238 3064 37 222 3065 284 193 3066 157 181 3067 159 414 3068 286 489 3069 159 414 3070 158 416 3071 287 490 3072 158 416 3073 156 177 3074 20 255 3075 288 161 3076 290 491 3077 22 387 3078 290 491 3079 291 492 3080 23 388 3081 291 492 3082 289 252 3083 288 161 3084 161 9 3085 163 395 3086 290 491 3087 163 395 3088 162 397 3089 291 492 3090 162 397 3091 160 169 3092 24 44 3093 292 12 3094 294 493 3095 26 453 3096 294 493 3097 295 494 3098 27 454 3099 295 494 3100 293 220 3101 292 12 3102 165 80 3103 167 401 3104 294 493 3105 167 401 3106 166 403 3107 295 494 3108 166 403 3109 164 168 3110 464 111 3111 466 496 3112 371 495 3113 466 496 3114 467 498 3115 370 497 3116 467 498 3117 465 202 3118 368 35 3119 296 112 3120 298 499 3121 466 496 3122 298 499 3123 299 500 3124 467 498 3125 299 500 3126 297 73 3127 465 202 3128 377 114 3129 468 116 3130 470 501 3131 379 502 3132 470 501 3133 471 503 3134 378 504 3135 471 503 3136 469 42 3137 468 116 3138 308 142 3139 310 505 3140 470 501 3141 310 505 3142 311 506 3143 471 503 3144 311 506 3145 309 215 3146 472 139 3147 474 508 3148 443 507 3149 474 508 3150 475 510 3151 442 509 3152 475 510 3153 473 247 3154 440 4 3155 316 85 3156 318 511 3157 474 508 3158 318 511 3159 319 512 3160 475 510 3161 319 512 3162 317 162 3163 473 247 3164 445 88 3165 476 90 3166 478 513 3167 447 514 3168 478 513 3169 479 515 3170 446 516 3171 479 515 3172 477 69 3173 476 90 3174 304 140 3175 306 517 3176 478 513 3177 306 517 3178 307 518 3179 479 515 3180 307 518 3181 305 70 3182 480 121 3183 482 520 3184 459 519 3185 482 520 3186 483 522 3187 458 521 3188 483 522 3189 481 260 3190 456 11 3191 324 91 3192 326 523 3193 482 520 3194 326 523 3195 327 524 3196 483 522 3197 327 524 3198 325 171 3199 481 260 3200 484 86 3201 486 526 3202 463 525 3203 486 526 3204 487 528 3205 462 527 3206 487 528 3207 485 81 3208 460 173 3209 312 144 3210 314 529 3211 486 526 3212 314 529 3213 315 530 3214 487 528 3215 315 530 3216 313 7 3217 485 81 3218 488 133 3219 490 532 3220 451 531 3221 490 532 3222 491 534 3223 450 533 3224 491 534 3225 489 19 3226 448 16 3227 488 133 3228 328 95 3229 330 535 3230 490 532 3231 330 535 3232 331 536 3233 491 534 3234 331 536 3235 329 20 3236 453 98 3237 492 100 3238 494 537 3239 455 538 3240 494 537 3241 495 539 3242 454 540 3243 495 539 3244 493 77 3245 300 265 3246 302 541 3247 494 537 3248 302 541 3249 303 542 3250 495 539 3251 303 542 3252 301 184 3253 493 77 3254 496 108 3255 498 544 3256 411 543 3257 498 544 3258 499 546 3259 410 545 3260 499 546 3261 497 246 3262 408 23 3263 336 107 3264 338 547 3265 498 544 3266 338 547 3267 339 548 3268 499 546 3269 339 548 3270 337 25 3271 497 246 3272 500 96 3273 502 550 3274 415 549 3275 502 550 3276 503 552 3277 414 551 3278 503 552 3279 501 62 3280 412 192 3281 332 132 3282 334 553 3283 502 550 3284 334 553 3285 335 554 3286 503 552 3287 335 554 3288 333 179 3289 501 62 3290 357 345 3291 363 344 3292 353 337 3293 363 344 3294 359 341 3295 348 331 3296 359 341 3297 356 241 3298 344 329 3299 336 107 3300 504 101 3301 506 555 3302 338 547 3303 506 555 3304 507 556 3305 507 556 3306 505 27 3307 337 25 3308 504 101 3309 346 105 3310 354 336 3311 506 555 3312 354 336 3313 350 334 3314 507 556 3315 350 334 3316 345 29 3317 357 345 3318 508 103 3319 510 557 3320 362 343 3321 510 557 3322 511 558 3323 366 346 3324 511 558 3325 509 189 3326 508 103 3327 340 102 3328 342 559 3329 510 557 3330 342 559 3331 343 560 3332 511 558 3333 343 560 3334 341 190 3335 512 84 3336 514 562 3337 383 561 3338 514 562 3339 515 564 3340 382 563 3341 515 564 3342 513 155 3343 380 205 3344 369 109 3345 371 495 3346 514 562 3347 371 495 3348 370 497 3349 515 564 3350 370 497 3351 368 35 3352 513 155 3353 300 265 3354 516 110 3355 518 565 3356 302 541 3357 518 565 3358 519 566 3359 303 542 3360 519 566 3361 517 38 3362 516 110 3363 372 113 3364 374 567 3365 518 565 3366 374 567 3367 375 568 3368 519 566 3369 375 568 3370 373 39 3371 372 113 3372 520 83 3373 522 569 3374 374 567 3375 522 569 3376 523 570 3377 375 568 3378 523 570 3379 521 211 3380 520 83 3381 377 114 3382 379 502 3383 522 569 3384 379 502 3385 378 504 3386 523 570 3387 378 504 3388 376 41 3389 524 115 3390 526 571 3391 306 517 3392 526 571 3393 527 572 3394 307 518 3395 527 572 3396 525 1 3397 305 70 3398 381 82 3399 383 561 3400 526 571 3401 383 561 3402 382 563 3403 527 572 3404 382 563 3405 380 205 3406 525 1 3407 385 126 3408 528 92 3409 530 573 3410 387 574 3411 530 573 3412 531 575 3413 386 576 3414 531 575 3415 529 228 3416 320 120 3417 322 577 3418 530 573 3419 322 577 3420 323 578 3421 531 575 3422 323 578 3423 321 13 3424 529 228 3425 324 91 3426 532 93 3427 534 579 3428 326 523 3429 534 579 3430 535 580 3431 327 524 3432 535 580 3433 533 172 3434 388 117 3435 390 581 3436 534 579 3437 390 581 3438 391 582 3439 535 580 3440 391 582 3441 389 217 3442 533 172 3443 536 118 3444 538 584 3445 395 583 3446 538 584 3447 539 586 3448 394 585 3449 539 586 3450 537 234 3451 392 52 3452 385 126 3453 387 574 3454 538 584 3455 387 574 3456 386 576 3457 539 586 3458 386 576 3459 384 46 3460 537 234 3461 388 117 3462 540 119 3463 542 587 3464 390 581 3465 542 587 3466 543 588 3467 391 582 3468 543 588 3469 541 225 3470 540 119 3471 396 123 3472 398 589 3473 542 587 3474 398 589 3475 399 590 3476 543 588 3477 399 590 3478 397 227 3479 544 124 3480 546 592 3481 403 591 3482 546 592 3483 547 594 3484 402 593 3485 547 594 3486 545 251 3487 400 58 3488 393 130 3489 395 583 3490 546 592 3491 395 583 3492 394 585 3493 547 594 3494 394 585 3495 392 52 3496 545 251 3497 396 123 3498 548 125 3499 550 595 3500 398 589 3501 550 595 3502 551 596 3503 399 590 3504 551 596 3505 549 231 3506 548 125 3507 404 127 3508 406 597 3509 550 595 3510 406 597 3511 407 598 3512 551 596 3513 407 598 3514 405 233 3515 328 95 3516 552 97 3517 554 599 3518 330 535 3519 554 599 3520 555 600 3521 331 536 3522 555 600 3523 553 22 3524 552 97 3525 409 104 3526 411 543 3527 554 599 3528 411 543 3529 410 545 3530 555 600 3531 410 545 3532 408 23 3533 340 102 3534 556 106 3535 558 601 3536 342 559 3537 558 601 3538 559 602 3539 343 560 3540 559 602 3541 557 191 3542 556 106 3543 413 131 3544 415 549 3545 558 601 3546 415 549 3547 414 551 3548 559 602 3549 414 551 3550 412 192 3551 430 369 3552 417 135 3553 423 354 3554 423 354 3555 419 351 3556 432 361 3557 419 351 3558 416 244 3559 428 359 3560 404 127 3561 560 129 3562 562 603 3563 406 597 3564 562 603 3565 563 604 3566 407 598 3567 563 604 3568 561 237 3569 560 129 3570 430 369 3571 438 368 3572 562 603 3573 438 368 3574 434 364 3575 563 604 3576 434 364 3577 429 250 3578 564 128 3579 566 605 3580 422 353 3581 566 605 3582 567 606 3583 426 355 3584 567 606 3585 565 68 3586 418 357 3587 401 136 3588 403 591 3589 566 605 3590 403 591 3591 402 593 3592 567 606 3593 402 593 3594 400 58 3595 565 68 3596 568 89 3597 570 607 3598 310 505 3599 570 607 3600 571 608 3601 311 506 3602 571 608 3603 569 157 3604 309 215 3605 441 137 3606 443 507 3607 570 607 3608 443 507 3609 442 509 3610 571 608 3611 442 509 3612 440 4 3613 569 157 3614 312 144 3615 572 138 3616 574 609 3617 314 529 3618 574 609 3619 575 610 3620 315 530 3621 575 610 3622 573 8 3623 572 138 3624 445 88 3625 447 514 3626 574 609 3627 447 514 3628 446 516 3629 575 610 3630 446 516 3631 444 72 3632 296 112 3633 576 99 3634 578 611 3635 298 499 3636 578 611 3637 579 612 3638 299 500 3639 579 612 3640 577 74 3641 449 141 3642 451 531 3643 578 611 3644 451 531 3645 450 533 3646 579 612 3647 450 533 3648 448 16 3649 577 74 3650 580 134 3651 582 613 3652 334 553 3653 582 613 3654 583 614 3655 335 554 3656 583 614 3657 581 182 3658 333 179 3659 580 134 3660 453 98 3661 455 538 3662 582 613 3663 455 538 3664 454 540 3665 583 614 3666 454 540 3667 452 76 3668 316 85 3669 584 87 3670 586 615 3671 318 511 3672 586 615 3673 587 616 3674 319 512 3675 587 616 3676 585 10 3677 584 87 3678 457 143 3679 459 519 3680 586 615 3681 459 519 3682 458 521 3683 587 616 3684 458 521 3685 456 11 3686 320 120 3687 588 122 3688 590 617 3689 322 577 3690 590 617 3691 591 618 3692 323 578 3693 591 618 3694 589 14 3695 588 122 3696 461 94 3697 463 525 3698 590 617 3699 463 525 3700 462 527 3701 591 618 3702 462 527 3703 460 173 3704 345 29 3705 351 335 3706 57 298 3707 351 335 3708 347 332 3709 52 292 3710 347 332 3711 344 329 3712 48 240 3713 60 242 3714 356 241 3715 360 340 3716 63 302 3717 360 340 3718 365 347 3719 67 305 3720 365 347 3721 358 201 3722 416 244 3723 420 350 3724 123 312 3725 420 350 3726 425 356 3727 127 315 3728 425 356 3729 418 357 3730 121 67 3731 134 249 3732 429 250 3733 435 365 3734 141 327 3735 435 365 3736 431 362 3737 136 320 3738 431 362 3739 428 359 3740 168 203 3813 465 202 3814 297 73 3815</p>
        </triangles>
        <triangles material="Table_Edge-material" count="92">
          <input semantic="VERTEX" source="#Plane_001-mesh-vertices" offset="0"/>
          <input semantic="NORMAL" source="#Plane_001-mesh-normals" offset="1"/>
          <input semantic="TEXCOORD" source="#Plane_001-mesh-map-0" offset="2" set="0"/>
          <p>597 145 186 629 146 187 592 147 188 601 267 390 625 268 391 596 269 392 621 270 393 649 271 394 616 272 395 634 273 396 635 274 397 650 275 398 647 276 399 645 277 400 630 275 401 620 278 402 636 279 403 653 280 404 617 281 405 633 282 406 612 283 407 605 284 408 641 285 409 600 286 410 613 287 411 637 285 412 608 288 413 593 289 414 645 277 415 604 290 416 616 272 1809 651 619 1810 618 620 1811 618 620 1812 650 275 1813 619 621 1814 619 621 1815 648 622 1816 617 281 1817 613 287 1818 634 273 1819 632 623 1820 615 624 1821 635 274 1822 634 273 1823 614 625 1824 633 282 1825 635 274 1826 592 147 1827 631 619 1828 594 626 1829 594 626 1830 630 275 1831 595 621 1832 595 621 1833 628 627 1834 593 289 1835 605 284 1836 646 273 1837 644 623 1838 607 624 1839 647 276 1840 646 273 1841 606 625 1842 645 277 1843 647 276 1844 653 280 1845 622 628 1846 620 278 1847 655 629 1848 623 630 1849 622 628 1850 654 631 1851 621 270 1852 623 630 1853 636 279 1854 611 632 1855 638 633 1856 638 633 1857 610 634 1858 639 635 1859 639 635 1860 608 288 1861 637 285 1862 600 286 1863 643 635 1864 602 634 1865 602 634 1866 642 636 1867 603 632 1868 603 632 1869 640 637 1870 601 267 1871 597 145 1872 626 631 1873 624 638 1874 599 639 1875 627 629 1876 626 631 1877 598 628 1878 625 268 1879 627 629 1880 597 145 2070 624 638 2071 629 146 2072 601 267 2274 640 637 2275 625 268 2276 621 270 2277 652 640 2278 649 271 2279 653 280 2280 636 279 2281 638 633 2282 638 633 2283 639 635 2284 654 631 2285 639 635 2286 637 285 2287 652 640 2288 637 285 2289 632 623 2290 652 640 2291 632 623 2292 634 273 2293 649 271 2294 652 640 2295 632 623 2296 649 271 2297 635 274 2298 633 282 2299 648 622 2300 648 622 2301 650 275 2302 635 274 2303 650 275 2304 651 619 2305 634 273 2306 651 619 2307 649 271 2308 634 273 2309 652 640 2310 654 631 2311 639 635 2312 654 631 2313 655 629 2314 638 633 2315 655 629 2316 653 280 2317 638 633 2318 645 277 2319 628 627 2320 630 275 2321 630 275 2322 631 619 2323 646 273 2324 631 619 2325 629 146 2326 646 273 2327 629 146 2328 624 638 2329 641 285 2330 624 638 2331 626 631 2332 641 285 2333 641 285 2334 626 631 2335 643 635 2336 626 631 2337 627 629 2338 642 636 2339 627 629 2340 625 268 2341 642 636 2342 625 268 2343 640 637 2344 642 636 2345 642 636 2346 643 635 2347 626 631 2348 641 285 2349 644 623 2350 629 146 2351 644 623 2352 646 273 2353 629 146 2354 646 273 2355 647 276 2356 630 275 2357 620 278 2358 609 641 2359 636 279 2360 617 281 2361 648 622 2362 633 282 2363 605 284 2364 644 623 2365 641 285 2366 613 287 2367 632 623 2368 637 285 2369 593 289 2370 628 627 2371 645 277 2372 616 272 3741 649 271 3742 651 619 3743 618 620 3744 651 619 3745 650 275 3746 619 621 3747 650 275 3748 648 622 3749 613 287 3750 615 624 3751 634 273 3752 615 624 3753 614 625 3754 635 274 3755 614 625 3756 612 283 3757 633 282 3758 592 147 3759 629 146 3760 631 619 3761 594 626 3762 631 619 3763 630 275 3764 595 621 3765 630 275 3766 628 627 3767 605 284 3768 607 624 3769 646 273 3770 607 624 3771 606 625 3772 647 276 3773 606 625 3774 604 290 3775 645 277 3776 653 280 3777 655 629 3778 622 628 3779 655 629 3780 654 631 3781 623 630 3782 654 631 3783 652 640 3784 621 270 3785 636 279 3786 609 641 3787 611 632 3788 638 633 3789 611 632 3790 610 634 3791 639 635 3792 610 634 3793 608 288 3794 600 286 3795 641 285 3796 643 635 3797 602 634 3798 643 635 3799 642 636 3800 603 632 3801 642 636 3802 640 637 3803 597 145 3804 599 639 3805 626 631 3806 599 639 3807 598 628 3808 627 629 3809 598 628 3810 596 269 3811 625 268 3812</p>
        </triangles>
      </mesh>
    </geometry>
    <geometry id="Plane-mesh" name="Plane">
      <mesh>
        <source id="Plane-mesh-positions">
          <float_array id="Plane-mesh-positions-array" count="1968">-0.3 -0.3040426 0.5041193 -0.2800009 -0.3127565 0.5226212 -0.2973207 -0.3083996 0.5133703 -0.2900005 -0.3115891 0.5201425 0.3 -0.3040428 0.5041197 0.2800009 -0.3127565 0.5226212 0.2973207 -0.3083997 0.5133705 0.2900005 -0.3115891 0.5201425 -0.3 0.1831555 0.5137765 -0.2800011 0.1639497 0.5295969 -0.2973207 0.1735527 0.5216867 -0.2900006 0.1665229 0.5274774 0.3 0.1831555 0.5137766 0.2800011 0.1639497 0.5295969 0.2973207 0.1735526 0.5216867 0.2900006 0.1665228 0.5274774 -0.3 0.1698987 0.7255701 -0.2800011 0.1499368 0.7274709 -0.2973207 0.1599178 0.7265205 -0.2900006 0.1526112 0.7272163 0.3 0.1698987 0.7255701 0.2800011 0.1499368 0.7274709 0.2973207 0.1599177 0.7265205 0.2900006 0.1526112 0.7272163 -0.3 0.2456626 0.9746085 -0.2800011 0.2331188 0.9913547 -0.2973207 0.2393907 0.9829816 -0.2900006 0.2347993 0.9891111 0.3 0.2456626 0.9746085 0.2800011 0.2331188 0.9913547 0.2973207 0.2393907 0.9829816 0.2900006 0.2347993 0.9891111 -0.3 -0.3204983 0.3918862 -0.2800006 -0.335708 0.3784965 -0.2973207 -0.3281032 0.3851914 -0.2900003 -0.3336703 0.3802904 0.3 -0.3204993 0.3918853 0.2800006 -0.335708 0.3784965 0.2973207 -0.3281037 0.385191 0.2900003 -0.3336704 0.3802903 -0.2993633 -0.2190155 0.1962313 -0.2793627 -0.2389924 0.1950365 -0.2966837 -0.229004 0.1956337 -0.289363 -0.236316 0.1951964 0.3006368 -0.2190132 0.1962369 0.2806363 -0.2389932 0.1950519 0.2979573 -0.2290032 0.1956446 0.2906366 -0.2363164 0.1952109 -0.2862191 -0.226701 0.03999996 -0.2763996 -0.236714 0.04996007 -0.2964004 -0.216713 0.04995781 -0.2830899 -0.2315865 0.04147046 -0.2911286 -0.2235189 0.04146951 -0.2892144 -0.2296437 0.04256868 -0.2862142 -0.2337459 0.04986524 -0.2795288 -0.2352178 0.0450825 -0.2876163 -0.2328064 0.04519981 -0.2948223 -0.2198953 0.04508215 -0.2934306 -0.2265295 0.04986441 -0.2924147 -0.2279997 0.04520016 0.2938604 -0.226701 0.03999996 0.3035997 -0.2167103 0.04995781 0.2835987 -0.236714 0.04996007 0.2987062 -0.2235166 0.04147058 0.2905908 -0.2315859 0.04147005 0.2967159 -0.2296418 0.04257994 0.3006306 -0.2265291 0.0500164 0.302237 -0.2198948 0.04508054 0.2998179 -0.2279995 0.04525429 0.2868683 -0.2352181 0.0450831 0.2934142 -0.2337463 0.05001723 0.2949978 -0.2328066 0.04525583 -0.280001 -0.1971151 0.532242 -0.3 -0.1974812 0.5122177 -0.2900005 -0.1971642 0.5295593 -0.2973206 -0.1972982 0.5222299 0.3 -0.1974812 0.5122179 0.280001 -0.1971151 0.532242 0.2973206 -0.1972982 0.5222299 0.2900005 -0.1971642 0.5295593 0.2800011 0.06525444 0.5234521 0.3 0.06504184 0.5034363 0.2900006 0.06522595 0.5207704 0.2973207 0.06514811 0.5134442 -0.2800011 0.06525444 0.5234521 -0.3 0.06504184 0.5034362 -0.2900006 0.06522595 0.5207704 -0.2973207 0.06514811 0.5134442 -0.2800011 0.3350383 0.9938719 -0.3 0.3220384 0.9768968 -0.2900006 0.3332967 0.9915977 -0.2973207 0.3285384 0.9853844 0.3 0.3220384 0.9768968 0.2800011 0.3350383 0.9938719 0.2973207 0.3285384 0.9853844 0.2900006 0.3332967 0.9915977 -0.2800011 0.3734064 0.8541337 -0.3 0.3534041 0.8528559 -0.2900006 0.3707265 0.8539625 -0.2973207 0.3634052 0.8534948 0.3 0.3534041 0.8528559 0.2800011 0.3734064 0.8541337 0.2973207 0.3634052 0.8534948 0.2900006 0.3707265 0.8539625 -0.2800011 0.3811581 0.498147 -0.3 0.361137 0.4979515 -0.2900006 0.3784757 0.4981209 -0.2973207 0.3711475 0.4980493 0.3 0.361137 0.4979515 0.2800011 0.3811581 0.498147 0.2973207 0.3711475 0.4980493 0.2900006 0.3784757 0.4981209 -0.2800002 -0.2614582 0.3095238 -0.3 -0.2438871 0.3201188 -0.2900002 -0.2591041 0.3109432 -0.2973206 -0.2526726 0.3148213 0.2800002 -0.2614607 0.3095281 0.3 -0.243889 0.3201196 0.2900002 -0.2591066 0.3109472 0.2973206 -0.2526749 0.3148239 -0.2900398 0.3724768 0.03999996 -0.3 0.3624119 0.04996025 -0.2800011 0.3824305 0.04996025 -0.2949173 0.3692694 0.04147034 -0.2868408 0.3773534 0.0414704 -0.2929654 0.3753968 0.04257613 -0.2970324 0.3722379 0.04996246 -0.2985297 0.3656191 0.04508268 -0.2961171 0.373735 0.04523563 -0.2832001 0.3809632 0.04508268 -0.2898167 0.3794604 0.04996246 -0.2913082 0.3785482 0.04523557 0.2900398 0.3724768 0.03999996 0.2800011 0.3824305 0.04996025 0.3 0.3624119 0.04996025 0.2868408 0.3773534 0.0414704 0.2949173 0.3692694 0.04147034 0.2929654 0.3753968 0.04257613 0.2898167 0.3794604 0.04996252 0.2832001 0.3809633 0.04508268 0.2913082 0.3785483 0.04523557 0.2985297 0.3656191 0.04508268 0.2970324 0.3722379 0.04996252 0.2961171 0.373735 0.04523563 0.2800011 0.1585178 0.5959084 0.3 0.1782282 0.5987645 0.2900006 0.1611585 0.5962911 0.2973207 0.168373 0.5973365 -0.2800011 0.1585178 0.5959084 -0.3 0.1782282 0.5987645 -0.2900006 0.1611585 0.5962911 -0.2973207 0.168373 0.5973365 -0.2800008 -0.3617325 0.4633336 -0.3 -0.3417361 0.4585715 -0.2900004 -0.3590534 0.4626956 -0.2973207 -0.3517343 0.4609526 0.2800008 -0.3617325 0.4633336 0.3 -0.3417368 0.4585717 0.2900004 -0.3590536 0.4626957 0.2973207 -0.3517346 0.4609526 0.2800011 0.1867337 0.8934363 0.3 0.2060326 0.8880858 0.2900006 0.1893193 0.8927195 0.2973207 0.1963831 0.890761 -0.2800011 0.1867337 0.8934363 -0.3 0.2060326 0.8880858 -0.2900006 0.1893193 0.8927195 -0.2973207 0.1963831 0.890761 -0.3 -0.269731 0.5122264 -0.2800009 -0.2719026 0.5322608 -0.2973207 -0.2708168 0.5222436 -0.2900005 -0.2716117 0.5295767 0.3 0.1473626 0.5038126 0.2800011 0.1431631 0.5238036 0.2973207 0.1452628 0.5138081 0.2900006 0.1437258 0.5211253 0.3 0.1695015 0.6561067 0.2800011 0.149549 0.654626 0.2973207 0.1595253 0.6553663 0.2900006 0.1522221 0.6548243 -0.3 0.185423 0.5489489 -0.2800011 0.1652265 0.5497063 -0.2973207 0.1753247 0.5493276 -0.2900006 0.1679323 0.5496048 0.3 0.2223814 0.9424166 0.2800011 0.20406 0.9511158 0.2973207 0.2132207 0.9467661 0.2900006 0.2065147 0.9499503 -0.3 0.18555 0.8096153 -0.2800011 0.1660212 0.8139838 -0.2973207 0.1757856 0.8117995 -0.2900006 0.1686376 0.8133985 -0.3 -0.3410977 0.425767 -0.2800007 -0.3608877 0.4198988 -0.2973206 -0.3509927 0.4228329 -0.2900004 -0.3582363 0.420685 0.3 -0.3277315 0.4857113 0.2800009 -0.343415 0.4988121 0.2973206 -0.3355732 0.4922617 0.2900004 -0.3413138 0.497057 -0.2999204 -0.2251545 0.264549 -0.2799203 -0.2448555 0.2602789 -0.297241 -0.235005 0.2624137 -0.2899204 -0.2422161 0.2608507 0.3 -0.281383 0.3592905 0.2800004 -0.2951071 0.3446732 0.2973206 -0.288245 0.3519819 0.2900002 -0.2932684 0.3466315 -0.2980101 -0.2170984 0.1228044 -0.2780093 -0.2370977 0.1224805 -0.2953305 -0.2270981 0.1226423 -0.2880097 -0.2344183 0.1225238 0.30199 -0.2170956 0.1228072 0.2819892 -0.2370977 0.1224882 0.2993103 -0.2270966 0.1226478 0.2919895 -0.2344179 0.122531 -0.3 -0.06875646 0.5078538 -0.280001 -0.06808686 0.5278604 -0.2973207 -0.06842166 0.5178571 -0.2900005 -0.06817656 0.52518 0.3 -0.2697311 0.5122267 0.2800009 -0.2719026 0.5322608 0.2973207 -0.2708169 0.5222437 0.2900005 -0.2716117 0.5295768 0.3 -0.06875646 0.5078539 0.280001 -0.06808686 0.5278604 0.2973207 -0.06842166 0.5178571 0.2900005 -0.06817656 0.52518 -0.3 0.1473626 0.5038124 -0.2800011 0.1431631 0.5238036 -0.2973207 0.1452628 0.513808 -0.2900006 0.1437258 0.5211253 -0.3 0.2836887 0.9873634 -0.2800011 0.2829127 1.008086 -0.2973207 0.2833007 0.9977248 -0.2900006 0.2830167 1.00531 0.3 0.2836887 0.9873634 0.2800011 0.2829127 1.008086 0.2973207 0.2833007 0.9977248 0.2900006 0.2830167 1.00531 -0.3 0.3444448 0.9393808 -0.2800011 0.3639624 0.9454306 -0.2973207 0.3542037 0.9424057 -0.2900006 0.3613476 0.9446201 0.3 0.3444448 0.9393808 0.2800011 0.3639624 0.9454306 0.2973207 0.3542037 0.9424057 0.2900006 0.3613476 0.9446201 -0.3 0.3582507 0.6981167 -0.2800011 0.3782723 0.6985726 -0.2973207 0.3682615 0.6983447 -0.2900006 0.3755899 0.6985116 0.3 0.3582507 0.6981167 0.2800011 0.3782723 0.6985726 0.2973207 0.3682615 0.6983447 0.2900006 0.3755899 0.6985116 -0.3 -0.2813819 0.3592917 -0.2800004 -0.2951071 0.3446731 -0.2973206 -0.2882445 0.3519824 -0.2900002 -0.2932683 0.3466317 0.3000797 -0.2251543 0.2645559 0.2800795 -0.244859 0.2602977 0.2974002 -0.2350066 0.262427 0.2900796 -0.2422191 0.2608684 0.3 0.3622583 0.2823296 0.2800011 0.3822777 0.2823882 0.2973207 0.372268 0.2823589 0.2900005 0.3795956 0.2823804 -0.3 0.3622583 0.2823296 -0.2800011 0.3822777 0.2823882 -0.2973207 0.372268 0.2823589 -0.2900005 0.3795956 0.2823804 0.3 0.185423 0.5489489 0.2800011 0.1652265 0.5497063 0.2973207 0.1753247 0.5493276 0.2900006 0.1679323 0.5496048 -0.3 0.1695016 0.6561067 -0.2800011 0.149549 0.654626 -0.2973207 0.1595253 0.6553663 -0.2900006 0.1522222 0.6548243 -0.3 -0.3277311 0.485711 -0.2800009 -0.343415 0.4988121 -0.2973206 -0.335573 0.4922616 -0.2900004 -0.3413137 0.497057 0.3 -0.3410986 0.4257668 0.2800007 -0.3608877 0.4198988 0.2973206 -0.3509931 0.4228328 0.2900004 -0.3582364 0.4206849 0.3 0.18555 0.8096153 0.2800011 0.1660212 0.8139838 0.2973207 0.1757856 0.8117995 0.2900006 0.1686376 0.8133985 -0.3 0.2223814 0.9424166 -0.2800011 0.20406 0.9511158 -0.2973207 0.2132207 0.9467661 -0.2900006 0.2065147 0.9499503 -0.2800009 -0.2871924 0.4683416 -0.3 -0.2959522 0.4869409 -0.2900005 -0.288366 0.4708335 -0.2973207 -0.2915723 0.4776413 0.2800009 -0.2871924 0.4683416 0.3 -0.295952 0.4869406 0.2900005 -0.288366 0.4708334 0.2973207 -0.2915722 0.4776411 -0.2800011 0.2102604 0.4914494 -0.3 0.1934667 0.5052828 -0.2900006 0.2080104 0.4933027 -0.2973207 0.2018636 0.4983661 0.2800011 0.2102604 0.4914494 0.3 0.1934668 0.5052828 0.2900006 0.2080105 0.4933027 0.2973207 0.2018636 0.4983661 -0.2800011 0.2096658 0.7217835 -0.3 0.189756 0.7236793 -0.2900006 0.2069984 0.7220374 -0.2973207 0.1997109 0.7227314 0.2800011 0.2096658 0.7217835 0.3 0.189756 0.7236793 0.2900006 0.2069984 0.7220374 0.2973207 0.1997109 0.7227314 -0.2800011 0.2690891 0.9433338 -0.3 0.2562368 0.9604918 -0.2900006 0.2673673 0.9456325 -0.2973207 0.262663 0.9519128 0.2800011 0.2690891 0.9433338 0.3 0.2562368 0.9604918 0.2900006 0.2673673 0.9456325 0.2973207 0.262663 0.9519128 -0.2800006 -0.2906737 0.4181419 -0.3 -0.3058903 0.4047462 -0.2900003 -0.2927123 0.4163472 -0.2973206 -0.298282 0.411444 0.2800006 -0.2906737 0.4181419 0.3 -0.3058896 0.4047468 0.2900003 -0.2927122 0.4163473 0.2973206 -0.2982817 0.4114444 -0.2793629 -0.1791003 0.1986189 -0.2993633 -0.1990761 0.1974242 -0.289363 -0.1817767 0.198459 -0.2966837 -0.1890882 0.1980218 0.2806364 -0.1790995 0.1986035 0.3006368 -0.1990779 0.1974186 0.2906367 -0.1817761 0.1984446 0.2979573 -0.1890887 0.1980109 -0.2862191 -0.1866234 0.03999996 -0.2963978 -0.1967164 0.04995787 -0.2763971 -0.1767161 0.04996007 -0.291128 -0.189839 0.04146945 -0.2830888 -0.1817532 0.0414707 -0.2892132 -0.183714 0.04257142 -0.2934289 -0.1868994 0.04990166 -0.294821 -0.1935008 0.04508233 -0.2924137 -0.1853864 0.04521387 -0.2795274 -0.1781609 0.04508209 -0.2862126 -0.1796833 0.04990243 -0.2876152 -0.1805747 0.0452131 0.2938604 -0.1866234 0.03999996 0.2836014 -0.1767161 0.04996007 0.3036022 -0.1967186 0.04995787 0.2905914 -0.1817538 0.04147028 0.2987064 -0.189841 0.04147046 0.2967163 -0.1837159 0.04258257 0.2934162 -0.1796845 0.0500527 0.2868705 -0.1781605 0.04508274 0.2949992 -0.180575 0.04526847 0.3022384 -0.1935011 0.04508072 0.3006325 -0.1869013 0.05005186 0.2998191 -0.185387 0.04526734 -0.3 -0.1978475 0.4921862 -0.280001 -0.198212 0.472253 -0.2973206 -0.1980297 0.4822195 -0.2900005 -0.1981631 0.4749235 0.280001 -0.198212 0.472253 0.3 -0.1978475 0.492186 0.2900005 -0.1981631 0.4749235 0.2973206 -0.1980297 0.4822195 0.3 0.06482928 0.4834264 0.2800011 0.06461721 0.4634557 0.2973207 0.06472325 0.4734411 0.2900006 0.06464558 0.4661313 -0.3 0.06482928 0.4834265 -0.2800011 0.06461721 0.4634557 -0.2973207 0.06472325 0.4734411 -0.2900006 0.06464558 0.4661313 -0.3 0.3127421 0.9647577 -0.2800011 0.2985589 0.9462373 -0.2973207 0.3056505 0.9554975 -0.2900006 0.3004591 0.9487186 0.2800011 0.2985589 0.9462373 0.3 0.3127421 0.9647577 0.2900006 0.3004591 0.9487186 0.2973207 0.3056505 0.9554975 -0.3 0.3335292 0.8515862 -0.2800011 0.3135291 0.8503085 -0.2973207 0.3235292 0.8509473 -0.2900006 0.3162087 0.8504797 0.2800011 0.3135291 0.8503085 0.3 0.3335292 0.8515862 0.2900006 0.3162087 0.8504797 0.2973207 0.3235292 0.8509473 -0.3 0.3411812 0.4977566 -0.2800011 0.3211617 0.4975611 -0.2973207 0.3311715 0.4976589 -0.2900006 0.3238438 0.4975873 0.2800011 0.3211617 0.4975611 0.3 0.3411812 0.4977566 0.2900006 0.3238438 0.4975873 0.2973207 0.3311715 0.4976589 -0.3 -0.2275441 0.3299736 -0.2800002 -0.210077 0.3405059 -0.2973206 -0.2188106 0.3352398 -0.2900002 -0.2124171 0.3390949 0.3 -0.2275424 0.3299726 0.2800002 -0.2100744 0.3405016 0.2973206 -0.2188084 0.3352371 0.2900002 -0.2124146 0.339091 -0.2900398 0.3323991 0.03999996 -0.2800011 0.3224323 0.04996025 -0.3 0.3424496 0.04996025 -0.2868408 0.3275207 0.04147034 -0.2949174 0.3356019 0.04147034 -0.2929654 0.3294747 0.04257577 -0.2898167 0.3254023 0.04995799 -0.2832 0.323906 0.04508268 -0.2913082 0.3263205 0.04523396 -0.2985297 0.3392469 0.04508268 -0.2970324 0.3326243 0.04995799 -0.2961171 0.3311328 0.04523396 0.2900398 0.3323991 0.03999996 0.3 0.3424496 0.04996025 0.2800011 0.3224323 0.04996025 0.2949174 0.3356019 0.04147034 0.2868408 0.3275207 0.04147034 0.2929654 0.3294747 0.04257577 0.2970324 0.3326243 0.04995799 0.2985297 0.3392469 0.04508268 0.2961171 0.3311327 0.04523396 0.2832 0.323906 0.04508268 0.2898167 0.3254023 0.04995799 0.2913082 0.3263204 0.04523396 0.3 0.1981274 0.601648 0.2800011 0.217897 0.6045128 0.2973207 0.2080122 0.6030804 0.2900006 0.2152484 0.604129 -0.3 0.1981273 0.601648 -0.2800011 0.217897 0.6045128 -0.2973207 0.2080122 0.6030804 -0.2900006 0.2152484 0.604129 -0.3 -0.3235927 0.4542507 -0.2800008 -0.3033658 0.4494337 -0.2973207 -0.3134793 0.4518422 -0.2900004 -0.3060757 0.450079 0.3 -0.3235921 0.4542506 0.2800008 -0.3033658 0.4494337 0.2973207 -0.313479 0.4518421 0.2900004 -0.3060757 0.450079 0.3 0.2254413 0.8827048 0.2800011 0.244551 0.8774067 0.2973207 0.2349961 0.8800558 0.2900006 0.2419908 0.8781166 -0.3 0.2254413 0.8827048 -0.2800011 0.244551 0.8774067 -0.2973207 0.2349961 0.8800558 -0.2900006 0.2419908 0.8781166 -0.280001 -0.265437 0.4726105 -0.3 -0.2675965 0.4925336 -0.2900005 -0.2657263 0.4752797 -0.2973206 -0.2665167 0.4825721 0.2800011 0.1554975 0.4650872 0.3 0.1513164 0.4849909 0.2900006 0.1549373 0.4677538 0.2973207 0.1534069 0.4750391 0.2800011 0.2093842 0.6590664 0.3 0.1894271 0.6575854 0.2900006 0.2067105 0.658868 0.2973207 0.1994057 0.6583259 -0.2800011 0.2251826 0.5474577 -0.3 0.2049238 0.5482175 -0.2900006 0.2224684 0.5475595 -0.2973207 0.2150532 0.5478376 0.2800011 0.2582591 0.9253814 0.3 0.2401561 0.9339769 0.2900006 0.2558338 0.9265329 0.2973207 0.2492076 0.9296792 -0.2800011 0.2245728 0.8008859 -0.3 0.2051634 0.8052278 -0.2900006 0.2219724 0.8014676 -0.2973207 0.2148681 0.8030568 -0.2800007 -0.3033652 0.4369556 -0.3 -0.3235772 0.4309623 -0.2900004 -0.3060731 0.4361526 -0.2973206 -0.3134712 0.4339589 0.2800009 -0.297368 0.4603478 0.3 -0.3130651 0.47346 0.2900004 -0.299471 0.4621046 0.2973207 -0.3052166 0.466904 -0.2799203 -0.1862177 0.2729891 -0.2999204 -0.2058997 0.2687231 -0.2899204 -0.1888546 0.2724178 -0.2972409 -0.1960587 0.2708563 0.2800005 -0.2540389 0.3884147 0.3 -0.2677581 0.3738024 0.2900003 -0.255877 0.386457 0.2973206 -0.2608985 0.3811085 -0.2780094 -0.1771069 0.1234523 -0.2980101 -0.1971055 0.1231284 -0.2880098 -0.1797862 0.123409 -0.2953305 -0.1871062 0.1232904 0.2819893 -0.1771069 0.1234446 0.30199 -0.1971079 0.1231256 0.2919896 -0.1797865 0.1234017 0.2993104 -0.1871073 0.123285 -0.280001 -0.07009375 0.4678952 -0.3 -0.06942635 0.4878363 -0.2900005 -0.07000434 0.4705668 -0.2973207 -0.06976008 0.4778658 0.280001 -0.265437 0.4726105 0.3 -0.2675964 0.4925334 0.2900005 -0.2657263 0.4752797 0.2973206 -0.2665167 0.482572 0.280001 -0.07009375 0.4678952 0.3 -0.06942635 0.4878362 0.2900005 -0.07000434 0.4705668 0.2973207 -0.06976008 0.4778657 -0.2800011 0.1554975 0.4650872 -0.3 0.1513164 0.484991 -0.2900006 0.1549373 0.4677538 -0.2973207 0.1534069 0.4750391 -0.2800011 0.2851577 0.9481284 -0.3 0.2843832 0.9688146 -0.2900006 0.2850539 0.9508999 -0.2973207 0.2847704 0.9584715 0.2800011 0.2851577 0.9481284 0.3 0.2843832 0.9688146 0.2900006 0.2850539 0.9508999 0.2973207 0.2847704 0.9584715 -0.2800011 0.3066541 0.927667 -0.3 0.326237 0.933737 -0.2900006 0.3092778 0.9284803 -0.2973207 0.3164456 0.930702 0.2800011 0.3066541 0.927667 0.3 0.326237 0.933737 0.2900006 0.3092778 0.9284803 0.2973207 0.3164456 0.930702 -0.2800011 0.3182888 0.6972066 -0.3 0.3383085 0.6976625 -0.2900006 0.320971 0.6972677 -0.2973207 0.3282987 0.6974346 0.2800011 0.3182888 0.6972066 0.3 0.3383085 0.6976625 0.2900006 0.320971 0.6972677 0.2973207 0.3282987 0.6974346 -0.2800005 -0.2540389 0.3884147 -0.3 -0.267759 0.3738015 -0.2900003 -0.2558771 0.3864569 -0.2973206 -0.260899 0.3811081 0.2800796 -0.1862142 0.2729703 0.3000797 -0.2058995 0.2687162 0.2900796 -0.1888515 0.2724002 0.2974001 -0.1960569 0.270843 0.2800011 0.3222795 0.2822124 0.3 0.3422975 0.2822711 0.2900005 0.3249614 0.2822203 0.2973207 0.3322885 0.2822418 -0.2800011 0.3222795 0.2822124 -0.3 0.3422975 0.2822711 -0.2900005 0.3249614 0.2822203 -0.2973207 0.3322885 0.2822418 0.2800011 0.2251826 0.5474577 0.3 0.2049238 0.5482175 0.2900006 0.2224684 0.5475595 0.2973207 0.2150532 0.5478376 -0.2800011 0.2093842 0.6590664 -0.3 0.1894271 0.6575854 -0.2900006 0.2067105 0.658868 -0.2973207 0.1994057 0.6583259 -0.2800009 -0.297368 0.4603478 -0.3 -0.3130654 0.4734603 -0.2900004 -0.299471 0.4621046 -0.2973207 -0.3052167 0.4669041 0.2800007 -0.3033652 0.4369556 0.3 -0.3235765 0.4309625 0.2900004 -0.306073 0.4361526 0.2973206 -0.3134709 0.433959 0.2800011 0.2245728 0.8008859 0.3 0.2051634 0.8052278 0.2900006 0.2219724 0.8014676 0.2973207 0.2148681 0.8030568 -0.2800011 0.2582591 0.9253814 -0.3 0.2401561 0.9339769 -0.2900006 0.2558338 0.926533 -0.2973207 0.2492076 0.9296792 0.2714613 -0.2266615 0.03999996 0.2938207 -0.2066624 0.03999996 0.282641 -0.2239821 0.03999996 0.2908251 -0.2166619 0.03999996 -0.2861794 -0.2066624 0.03999996 -0.2638199 -0.2266615 0.03999996 -0.2831838 -0.2166619 0.03999996 -0.2749997 -0.2239821 0.03999996 -0.2638199 -0.186663 0.03999996 -0.2861794 -0.2066621 0.03999996 -0.2749997 -0.1893423 0.03999996 -0.2831838 -0.1966626 0.03999996 0.2938207 -0.2066621 0.03999996 0.2714613 -0.186663 0.03999996 0.2908251 -0.1966626 0.03999996 0.282641 -0.1893423 0.03999996 -0.2676406 0.3724371 0.03999996 -0.29 0.352438 0.03999996 -0.2788203 0.3697577 0.03999996 -0.2870045 0.3624375 0.03999996 0.29 0.352438 0.03999996 0.2676406 0.3724371 0.03999996 0.2870045 0.3624375 0.03999996 0.2788203 0.3697577 0.03999996 0.2676406 0.3324389 0.03999996 0.29 0.352438 0.03999996 0.2788203 0.3351182 0.03999996 0.2870045 0.3424385 0.03999996 -0.29 0.352438 0.03999996 -0.2676406 0.3324389 0.03999996 -0.2870045 0.3424385 0.03999996 -0.2788203 0.3351182 0.03999996 -0.2438199 -0.2264982 0 -0.2661794 -0.2064991 0 -0.2549996 -0.2238188 0 -0.2631838 -0.2164987 0 0.2738207 -0.2064991 0 0.2514612 -0.2264982 0 0.2708251 -0.2164987 0 0.262641 -0.2238188 0 0.2476406 0.3726008 0 0.2700001 0.3526017 0 0.2588202 0.3699215 0 0.2670044 0.3626012 0 -0.2700001 0.3526017 0 -0.2476406 0.3726008 0 -0.2670044 0.3626012 0 -0.2588202 0.3699215 0 -0.2661794 -0.2064988 0 -0.2438199 -0.1864997 0 -0.2631838 -0.1964992 0 -0.2549996 -0.189179 0 0.2514612 -0.1864997 0 0.2738207 -0.2064988 0 0.262641 -0.189179 0 0.2708251 -0.1964992 0 0.2700001 0.3526017 0 0.2476406 0.3326026 0 0.2670044 0.3426022 0 0.2588203 0.335282 0 -0.2476406 0.3326026 0 -0.2700001 0.3526017 0 -0.2588203 0.335282 0 -0.2670044 0.3426022 0</float_array>
          <technique_common>
            <accessor source="#Plane-mesh-positions-array" count="656" stride="3">
              <param name="X" type="float"/>
              <param name="Y" type="float"/>
              <param name="Z" type="float"/>
            </accessor>
          </technique_common>
        </source>
        <source id="Plane-mesh-normals">
          <float_array id="Plane-mesh-normals-array" count="1926">-0.9979223 -0.04996019 0.04068231 -0.9893242 0.03430294 -0.1416372 -0.9930832 -0.01672428 0.1162157 0.9926387 -0.1210393 -0.004242122 0.9912773 0.1304978 0.01843327 0.9914184 -0.1293101 -0.01919656 -0.9905888 -0.1365119 -0.009918689 -0.9923984 0.1225047 -0.01174992 -0.9922927 0.1235712 0.009247183 0.991271 -0.1269302 0.03564667 0.9917297 0.1252213 -0.02813893 0.9914331 0.1259815 -0.03448617 -0.9898332 -0.1273877 0.06326651 -0.9956 0.05704051 -0.07434493 -0.9928358 0.1093792 -0.04809749 -0.9894105 -0.1116707 0.09271812 -0.9943752 0.1026664 -0.0260328 -0.9891676 -0.1430144 0.03308314 -0.9898431 -0.1078225 -0.0926547 -0.9948921 0.09656238 0.02942037 -0.9931448 0.08633786 0.07879966 -0.9939504 -0.09363299 -0.05740666 -0.9906826 0.09332758 0.09918725 -0.9895528 0.1239077 0.0737037 -0.9927706 -0.116398 -0.02929782 -0.991006 0.1337333 -0.004760921 -0.9917193 -0.1267765 -0.02050882 -0.9911339 0.1316588 -0.01788407 -0.9913613 -0.1292801 -0.02212655 -0.9833844 0.1187191 -0.1373356 -0.9832928 -0.1182002 -0.1384344 -0.1308677 -0.7623469 0.6337987 0.1309864 -0.4275676 0.8944432 -0.1309864 -0.4275676 0.8944432 -0.9914671 0.004333674 0.1302851 -0.9915496 -0.002502501 -0.1297041 -0.9912886 0.002227842 0.1316896 0.9912886 0.002227842 0.1316896 0.9925125 0.01162773 -0.1215882 0.9915496 -0.002502501 -0.1297041 0.9930832 -0.01672428 0.1162157 0.9911479 -9.46101e-4 -0.1327593 0.9893242 0.03430294 -0.1416372 -0.9887979 -0.003936946 0.1492093 -0.9888102 -0.08816891 0.1203357 -0.9893941 0.1377015 0.04623621 -0.9970817 -0.04629707 -0.06070196 -0.9884346 0.09152507 0.1209144 0.1318407 -0.02887064 0.9908505 -0.134681 0.599274 0.7891336 -0.1318407 -0.02887064 0.9908505 -0.9913796 0.1309876 0.002990841 -0.9917845 -0.1276926 -0.007629811 -0.9910921 0.132878 0.008941948 0.1308361 0.94097 0.3121816 -0.1304094 0.9892255 0.06653225 -0.1308361 0.94097 0.3121816 -0.9914082 0.1308042 3.0519e-5 -0.9915116 -0.1300123 -0.00125128 -0.9914153 0.1307441 0.001281797 -0.992083 -0.08569747 -0.09180128 0.9939543 -0.09427428 -0.05627769 0.9906798 0.09335786 0.09918695 0.9920803 -0.08572781 -0.09180104 0.1305924 0.9911782 0.02261483 -0.130622 0.9913848 0.009705066 -0.1305924 0.9911782 0.02261483 -0.9860765 0.1191776 -0.1159731 -0.9914843 -0.1302263 -3.66233e-4 -0.9895084 0.1441094 -0.01028478 -0.9882767 0.1175299 -0.09744817 -0.9926387 -0.1210393 -0.004242122 -0.9912773 0.1304978 0.01843327 -0.9941242 0.04532063 -0.09830152 -0.9937544 0.08520859 -0.07205498 0.9894105 -0.1116707 0.09271812 0.9943752 0.1026664 -0.0260328 0.9937544 0.08520859 -0.07205498 -0.9910718 -0.1301327 0.02902346 -0.9905108 -0.136819 0.01300126 -0.991271 -0.1269302 0.03564667 -0.9917297 0.1252213 -0.02813893 -0.1300727 -0.007416129 -0.9914767 0.1302256 -0.03317439 -0.9909293 -0.1302256 -0.03317439 -0.9909293 0.1315072 0.9868077 -0.09442639 -0.1301928 0.9674124 -0.2171711 0.1301928 0.9674124 -0.2171711 -0.1302267 0.9816598 0.13923 0.1301013 0.9893253 -0.06564575 -0.1301013 0.9893253 -0.06564575 0.1439893 0.6062321 -0.7821444 -0.1372728 0.07480114 -0.9877049 0.1372728 0.07480114 -0.9877049 -0.1295851 0.9564762 -0.2614592 -0.1338252 0.7308046 0.6693397 0.1300117 0.6794791 0.7220839 -0.1300117 0.6794791 0.7220839 0.1384021 0.9592018 -0.2465298 -0.1356265 0.7553153 -0.6411741 0.1356265 0.7553153 -0.6411741 -0.1312604 0.991274 0.01211583 0.129796 0.9895996 0.06201398 0.1302541 0.991311 0.01834177 -0.1308366 0.8498121 0.5105892 -0.1185978 0.9865041 -0.1128907 0.1298292 0.9680728 0.2144287 -0.1306502 0.9896883 0.05871778 -0.130318 0.9682294 0.2134224 -0.1302853 -0.01947104 -0.9912855 0.131841 0.09314322 -0.9868851 -0.131841 0.09314322 -0.9868851 -0.1366972 0.4126553 -0.9005718 0.1302853 -0.01947104 -0.9912855 0.1300727 -0.007416129 -0.9914767 -0.1302568 0.228804 -0.9647186 0.1302568 0.228804 -0.9647186 0.1584241 -0.5974403 -0.7861088 -0.1352901 -0.9602149 -0.2443034 0.1352901 -0.9602149 -0.2443034 -0.1439893 0.6062321 -0.7821444 0.1321789 0.9089853 -0.3953158 -0.1321789 0.9089853 -0.3953158 0.1310777 -0.989599 -0.05926728 -0.1307727 -0.9911566 -0.0225228 0.1307727 -0.9911566 -0.0225228 -0.1584241 -0.5974403 -0.7861088 0.130682 -0.9913769 -0.009705007 -0.1308675 -0.9913946 -0.003235042 0.1308675 -0.9913946 -0.003235042 -0.1310777 -0.989599 -0.05926728 0.1307438 0.849774 0.5106762 0.1338252 0.7308046 0.6693397 -0.1408131 0.946689 0.2897442 0.1408131 0.946689 0.2897442 -0.1194197 -0.9859683 -0.1166425 -0.130682 -0.9913769 -0.009705007 0.1302267 0.9816598 0.13923 -0.1314775 0.9885229 0.07440626 0.1314775 0.9885229 0.07440626 -0.1363301 0.7632904 -0.6315076 -0.1384021 0.9592018 -0.2465298 0.1363301 0.7632904 -0.6315076 0.1295851 0.9564762 -0.2614592 -0.1315072 0.9868077 -0.09442639 -0.1506125 -0.9854057 -0.07931953 0.05942183 -0.7136723 -0.6979547 0.1506125 -0.9854057 -0.07931953 0.1305013 -0.9913645 -0.01287919 -0.1185665 -0.9853071 -0.1229307 0.1193001 -0.9855609 -0.1201546 0.1301962 -0.1144176 0.9848642 -0.1305013 0.01693826 0.9913035 -0.1302261 -0.1144171 0.9848604 -0.9916622 0.001800596 0.1288523 -0.9914028 -0.004364132 -0.130773 0.9979223 -0.04996019 0.04068231 0.9895084 0.1441094 -0.01028478 0.1297354 -0.9889004 -0.07242107 -0.1300406 -0.9806911 -0.1460629 0.1300406 -0.9806911 -0.1460629 0.9910718 -0.1301327 0.02902346 0.9923984 0.1225047 -0.01174992 -0.9914184 -0.1293101 -0.01919656 0.134377 -0.1356893 0.9815964 -0.1704509 -0.7657628 0.6201241 -0.134377 -0.1356893 0.9815964 0.1304684 -0.8890773 0.4387705 -0.1305013 -0.9546189 0.2677169 0.1305013 -0.9546189 0.2677169 0.9887979 -0.003936946 0.1492093 0.9956 0.05704051 -0.07434493 0.9940117 0.007538199 -0.1090147 -0.9914331 0.1259815 -0.03448617 -0.1298877 -0.9870979 0.09363144 -0.1297354 -0.9889004 -0.07242107 -0.1315987 -0.9518623 -0.2768393 0.131264 -0.965543 0.2247145 -0.131264 -0.965543 0.2247145 0.9931448 0.08633786 0.07879966 0.9898431 -0.1078225 -0.0926547 0.9891676 -0.1430144 0.03308314 0.9948921 0.09656238 0.02942037 0.9902952 -0.01614475 0.1380395 0.9941242 0.04532063 -0.09830152 -0.1330927 -0.9697362 -0.2046899 0.1361782 -0.8474975 -0.5130337 -0.136298 -0.8473912 -0.5131774 0.991703 -0.1284224 0.005737483 0.9910642 0.1317187 0.02102738 0.9909954 0.1322405 0.02099734 0.9901961 0.1353527 0.03451722 0.9895475 0.1233272 0.07474094 0.9890736 -0.1416102 -0.04098755 0.1308338 0.9914011 0.002533018 -0.1194227 0.9861149 -0.1153941 -0.1308338 0.9914011 0.002533018 0.1325137 -0.9700785 -0.20344 -0.1313528 -0.9895715 -0.05911487 0.1305299 -0.9898856 -0.05557519 0.9912862 -0.1306211 0.01702952 0.9883073 0.1194526 -0.0947625 -0.9925125 0.01162773 -0.1215882 -0.9902952 -0.01614475 0.1380395 0.9927671 -0.1183544 -0.02014279 -0.9911479 -9.46101e-4 -0.1327593 0.1306235 0.03317469 0.9908769 0.1305013 0.01693826 0.9913035 0.1326042 -0.9903352 -0.04065102 0.1704509 -0.7657628 0.6201241 0.9914671 0.004333674 0.1302851 0.9914028 -0.004364132 -0.130773 -0.130833 0.01413005 0.9913038 0.130833 0.01413005 0.9913038 -0.1306235 0.03317469 0.9908769 0.9882767 0.1175299 -0.09744817 0.134681 0.599274 0.7891336 0.9970817 -0.04629707 -0.06070196 0.9884346 0.09152507 0.1209144 -0.132757 -0.5878849 0.7979768 -0.1304684 -0.8890773 0.4387705 -0.1314464 -0.6763676 -0.7247406 0.130379 -0.7509611 -0.6473476 -0.130379 -0.7509611 -0.6473476 0.9893941 0.1377015 0.04623621 0.9934028 -0.1109986 -0.0288102 0.9910921 0.132878 0.008941948 0.9917845 -0.1276926 -0.007629811 -0.9940117 0.007538199 -0.1090147 0.1304094 0.9892255 0.06653225 0.9913796 0.1309876 0.002990841 0.9915564 -0.1296439 -0.002929806 0.9914153 0.1307441 0.001281797 0.9915116 -0.1300123 -0.00125128 -0.9934028 -0.1109986 -0.0288102 0.130622 0.9913848 0.009705066 0.9914082 0.1308042 3.0519e-5 0.9914843 -0.1302263 -3.66233e-4 0.1315987 -0.9518623 -0.2768393 0.1314464 -0.6763676 -0.7247406 -0.2058209 -0.2061871 -0.9566215 0.2119838 0.2116481 -0.9540798 0.2110081 -0.2103978 -0.9545724 0.2090886 0.2090581 -0.9552888 -0.2089324 -0.2088714 -0.9553638 -0.2090886 0.2090581 -0.9552888 -0.9902144 0.1371517 0.02578842 0.9922927 0.1235712 0.009247183 0.9905888 -0.1365119 -0.009918689 0.9860765 0.1191776 -0.1159731 0.9860519 -0.1189342 -0.1164315 -0.9915564 -0.1296439 -0.002929806 0.130193 -0.9677194 0.2157981 0.1298877 -0.9870979 0.09363144 -0.1326042 -0.9903352 -0.04065102 0.9905108 -0.136819 0.01300126 -0.9890736 -0.1416102 -0.04098755 0.9894565 -0.06262499 0.1305907 0.1308677 -0.7623469 0.6337987 -0.1314754 -0.9911319 -0.01928794 0.9928358 0.1093792 -0.04809749 0.9898332 -0.1273877 0.06326651 0.132757 -0.5878849 0.7979768 -0.130193 -0.9677194 0.2157981 0.9888102 -0.08816891 0.1203357 0.1366972 0.4126553 -0.9005718 0.9916622 0.001800596 0.1288523 -0.8881985 0.1246706 -0.4422223 -0.5518732 -0.04620558 -0.832647 -0.8877258 -0.1251917 -0.4430236 -0.1506121 -0.9854034 -0.07934987 0.05942052 -0.7136572 -0.6979705 0.1506121 -0.9854034 -0.07934987 0.2776058 0.6290689 -0.7260906 0.5060081 0.3558842 -0.7856859 0.5049102 -0.3542673 -0.7871217 0.5059506 0.3558866 -0.7857218 0.551481 0.07718288 -0.8306092 -0.3721255 -0.9092704 -0.1864137 -0.6326605 0.7585517 -0.1560135 -0.6658028 0.1066334 -0.7384686 0.9832004 -0.09363234 -0.1566846 0.6335574 0.7578335 -0.1558638 0.9207345 0.200908 -0.3344907 0.1508253 0.9859799 -0.07138407 -0.05960363 0.7164955 -0.6950407 -0.1508253 0.9859799 -0.07138407 0.1508256 0.985982 -0.07135373 -0.1508256 0.985982 -0.07135373 0.8877742 -0.1247626 -0.4430478 0.8881503 0.1250997 -0.4421982 -0.5257312 -0.5249072 -0.6693872 -0.5711654 -0.1441113 -0.8080854 -0.1453012 -0.5749486 -0.8051843 -0.5021304 -0.8179113 -0.280867 -0.4883636 -0.8721696 -0.02865725 -0.1394431 -0.8914412 -0.4311476 -0.8168404 -0.5013962 -0.2852609 -0.8867272 -0.1389831 -0.4409068 -0.8714717 -0.4890374 -0.03714168 0.5345177 -0.5359215 -0.653513 0.1474364 -0.5792169 -0.8017296 0.585304 -0.1494237 -0.7969265 0.8245452 -0.5054639 -0.2542274 0.8722519 -0.489047 0.003112971 0.9005404 -0.1412444 -0.4111899 0.9882629 -0.1192373 -0.09549361 0.5043061 -0.8229614 -0.2615531 0.1406012 -0.8931702 -0.427175 0.4899789 -0.8716772 -0.009979605 -0.5319123 0.531485 -0.6592368 -0.147224 0.5790081 -0.8019195 -0.5789113 0.1469786 -0.8020344 -0.8217014 0.5033852 -0.2672269 -0.872183 0.4890121 -0.01281809 -0.89402 0.1402037 -0.4255247 -0.4896446 0.8718323 -0.01251268 -0.1404476 0.8941708 -0.4251271 -0.5039607 0.8213891 -0.2671025 0.5319123 0.531485 -0.6592368 0.5789113 0.1469786 -0.8020344 0.147224 0.5790081 -0.8019195 0.5039607 0.8213891 -0.2671025 0.4896446 0.8718323 -0.01251268 0.1404476 0.8941708 -0.4251271 0.1194227 0.9861149 -0.1153941 0.8217014 0.5033852 -0.2672269 0.89402 0.1402037 -0.4255247 0.872183 0.4890121 -0.01281809 -0.2068281 0.2074385 -0.9561337 -0.52841 0.5270367 -0.665594 -0.1465821 0.5783326 -0.8025242 -0.5722543 0.1446582 -0.807217 -0.8181163 0.502003 -0.2804979 -0.8714975 0.4893399 -0.03222793 -0.8872309 0.1393213 -0.4397853 -0.4885852 0.8723058 -0.01916617 -0.1399598 0.8947537 -0.4240604 -0.5031998 0.8198055 -0.2733296 0.5370783 0.5379633 -0.6497249 0.5862528 0.1499127 -0.7961368 0.1486898 0.5825822 -0.7990553 0.5051337 0.8247373 -0.2542607 0.4900134 0.8717147 -6.71418e-4 0.1410907 0.8964435 -0.4200982 0.1193313 0.9867261 -0.1101449 0.8721436 0.4891902 0.007660269 0.9008702 0.1414572 -0.4103937 0.8256731 0.5058293 -0.2498016 -0.531556 -0.5312203 -0.6597374 -0.5787726 -0.146921 -0.8021451 -0.1470416 -0.5785837 -0.8022592 -0.5038387 -0.8211756 -0.2679876 -0.4896138 -0.8718318 -0.01370292 -0.1403586 -0.8937599 -0.4260199 -0.8720645 -0.4891973 -0.01376426 -0.8939651 -0.1401742 -0.4256497 -0.9860519 -0.1189342 -0.1164315 -0.8215438 -0.5033516 -0.2677746 0.2089324 -0.2088714 -0.9553638 0.531556 -0.5312203 -0.6597374 0.1470416 -0.5785837 -0.8022592 0.5787726 -0.146921 -0.8021451 0.821537 -0.5033475 -0.2678029 0.8720645 -0.4891973 -0.01376426 0.8939651 -0.1401742 -0.4256497 0.5038387 -0.8211756 -0.2679876 0.1403586 -0.8937599 -0.4260199 0.4896138 -0.8718318 -0.01370292 0.1194197 -0.9859683 -0.1166425 -0.8651013 0.008545398 0.5015244 -0.8592351 -0.05920708 0.5081433 -0.4992663 0.01477134 0.8663227 -0.4943149 -0.1003462 0.8634717 -0.9894565 -0.06262499 0.1305907 -0.8552197 -0.2237695 0.4674684 -0.4923447 -0.3754235 0.7852733 0.8788877 -0.06604319 0.4724349 0.8675296 0.007049858 0.4973356 0.515983 -0.1169484 0.848578 0.5016357 0.01232951 0.8649912 0.9361964 -0.2732658 0.2210481 0.626688 -0.6059957 0.48993 0.8655059 -0.4954555 -0.0736438 0.8605109 -0.5080786 -0.03711098 0.4989303 -0.8571969 -0.1276013 0.4946307 -0.8667864 -0.06341964 0.8601772 -0.5077136 0.04818946 0.4945903 -0.8652431 0.08206546 -0.8747756 -0.4841587 -0.01892197 -0.8655059 -0.4954555 -0.0736438 -0.5099797 -0.8594577 -0.03540253 -0.4989303 -0.8571969 -0.1276013 -0.9361964 -0.2732658 0.2210481 -0.626688 -0.6059957 0.48993 0.8649744 -0.483149 0.1355966 0.8568837 -0.4620281 0.2286488 0.4991454 -0.8343098 0.2340535 0.4928903 -0.7802011 0.3851564 0.8531431 -0.3089187 0.4203761 0.493154 -0.5158905 0.7004685 -0.8649744 -0.483149 0.1355966 -0.863609 -0.4920652 0.1097785 -0.4991454 -0.8343098 0.2340535 -0.4976716 -0.8465636 0.1888204 -0.8601772 -0.5077136 0.04818946 -0.4945903 -0.8652431 0.08206546 -0.8538973 -0.5069549 0.1177126 -0.8536653 -0.5001866 -0.1451514 -0.4917239 -0.8480955 0.1973365 -0.491995 -0.8359735 -0.243083 -0.8568532 -0.3907051 -0.3363811 -0.4927366 -0.6591287 -0.5681198 0.8549019 -0.3990377 0.3315293 0.8538841 -0.5069775 0.1177108 0.491934 -0.6695234 0.5565425 0.4917007 -0.8481083 0.1973395 0.8552197 -0.2237695 0.4674684 0.4923447 -0.3754235 0.7852733 -0.8859938 -0.3963487 -0.2406719 -0.8759506 -0.4711492 -0.1035808 -0.5249685 -0.7278631 -0.4411615 -0.5116189 -0.8402769 -0.1793901 -0.8685504 -0.4939558 -0.04034656 -0.5030739 -0.8623732 -0.05682623 0.8859439 -0.3970862 -0.2396373 0.8705072 -0.3358058 -0.3597941 0.5247718 -0.728363 -0.4405702 0.5048798 -0.5889299 -0.6310769 0.8568348 -0.3907411 -0.3363859 0.4927049 -0.6591272 -0.5681489 -0.8663396 -0.4987396 -0.02673453 -0.5009371 -0.8650885 -0.02615463 0.8666145 -0.4989228 0.007446587 0.5011801 -0.8653306 -0.00463885 0.8681557 -0.4960018 -0.01696878 0.5018556 -0.8638728 -0.04318445 -0.8675295 0.007080376 0.4973356 -0.8662341 0.01669412 0.4993596 -0.5016129 0.01232969 0.8650044 -0.5003352 0.02896291 0.8653473 0.8592351 -0.05920708 0.5081433 0.4943149 -0.1003462 0.8634717 0.8650881 0.008545279 0.5015472 0.4992663 0.01477134 0.8663227 0.8662341 0.01669412 0.4993596 0.5003352 0.02896291 0.8653473 -0.8788877 -0.06604319 0.4724349 -0.515983 -0.1169484 0.848578 -0.852407 -0.01458823 0.5226754 -0.8526237 0.3156939 0.4163777 -0.4913829 -0.02520847 0.8705788 -0.4952053 0.5253583 0.6919324 -0.8531431 -0.3089187 0.4203761 -0.493154 -0.5158905 0.7004685 0.852407 -0.01458823 0.5226754 0.4913829 -0.02520847 0.8705788 0.8526237 0.3156939 0.4163777 0.4952053 0.5253583 0.6919324 -0.8638799 0.5025616 0.03381538 -0.8547879 0.4923087 0.1642249 -0.4981645 0.8651272 0.05820006 -0.4918179 0.8263701 0.2742766 0.8547879 0.4923087 0.1642249 0.4918179 0.8263701 0.2742766 0.8638799 0.5025616 0.03381538 0.4981645 0.8651272 0.05820006 -0.8659115 0.5001735 0.004882991 -0.8656853 0.5004585 0.01141428 -0.5000569 0.8659514 0.008453786 -0.4998432 0.8658902 0.0197764 0.8656853 0.5004585 0.01141428 0.4998432 0.8658902 0.0197764 0.8659115 0.5001735 0.004882991 0.5000569 0.8659514 0.008453786 -0.8705241 -0.3358006 -0.359758 -0.5049123 -0.5889322 -0.6310488 0.8757003 -0.4733738 -0.09521794 0.5107657 -0.8418355 -0.1744465 0.8660579 0.4999434 7.01953e-4 0.5001787 0.8659204 0.001770079 -0.8660579 0.4999434 7.01953e-4 -0.5001787 0.8659204 0.001770079 0.8747756 -0.4841587 -0.01892197 0.5099797 -0.8594577 -0.03540253 -0.8605109 -0.5080786 -0.03711098 -0.4946307 -0.8667864 -0.06341964 -0.8549019 -0.3990377 0.3315293 -0.491934 -0.6695234 0.5565425 0.8536522 -0.5002095 -0.1451492 0.491995 -0.8359735 -0.243083 0.863609 -0.4920652 0.1097785 0.4976716 -0.8465636 0.1888204 -0.8568837 -0.4620281 0.2286488 -0.4928903 -0.7802011 0.3851564 -0.4999966 -0.01696866 -0.8658612 -0.5078701 0.08096742 -0.8576202 -0.8664668 -0.009766101 -0.4991393 -0.8734654 0.04599273 -0.4847092 -0.526863 0.354182 -0.7726387 -0.8874651 0.1924229 -0.4187832 0.4904451 0.2012442 -0.8479177 0.4977415 -0.006470084 -0.8673014 0.8539828 0.1211299 -0.5060051 0.8639533 -0.003723263 -0.5035582 0.4975277 0.6683144 -0.553012 0.8530085 0.4019364 -0.3329021 0.49865 0.8582248 0.1216487 0.5059762 0.8601198 0.06466996 0.8648198 0.4971256 0.07037705 0.8718151 0.4884619 0.03665369 0.5065874 0.8582596 -0.08221858 0.8725146 0.4863546 -0.04666388 -0.4908716 0.8693103 -0.05783396 -0.49865 0.8582248 0.1216487 -0.854846 0.5176686 -0.03546339 -0.8648198 0.4971256 0.07037705 -0.4975277 0.6683144 -0.553012 -0.8530085 0.4019364 -0.3329021 0.4980462 0.8364453 -0.2287124 0.5101268 0.7887053 -0.3430958 0.8652595 0.4835516 -0.1323022 0.8757163 0.4424665 -0.1932472 0.5520002 0.5107382 -0.6591224 0.9029021 0.2627068 -0.3402249 -0.4980462 0.8364453 -0.2287124 -0.5006738 0.8445991 -0.1896792 -0.8652595 0.4835516 -0.1323022 -0.8674751 0.4853758 -0.1090753 -0.5065874 0.8582596 -0.08221858 -0.8725146 0.4863546 -0.04666388 -0.5319238 0.8201192 -0.210859 -0.5403087 0.8045423 0.2465326 -0.8903334 0.4410924 -0.1128901 -0.8956054 0.4253714 0.1301933 -0.5152953 0.6319113 0.578929 -0.8789233 0.3518867 0.3219779 0.5223997 0.6501233 -0.5517594 0.5318886 0.8201425 -0.2108571 0.884189 0.3563674 -0.3020135 0.8903151 0.4411289 -0.1128916 0.5268505 0.3541737 -0.772651 0.8874651 0.1924229 -0.4187832 -0.4924283 0.7461653 0.4480533 -0.4940727 0.8493754 0.1856168 -0.8556225 0.443941 0.2661326 -0.8588067 0.5010011 0.1069998 -0.4983807 0.8657115 0.04648095 -0.8638284 0.503404 0.01962339 0.4922789 0.7459871 0.4485139 0.4955435 0.5952505 0.6325452 0.8555549 0.4435408 0.2670156 0.8612194 0.3483148 0.3701055 0.5152539 0.6319284 0.5789472 0.8789146 0.3518832 0.3220052 -0.4994444 0.8663446 0.00149542 -0.8648298 0.5019535 -0.01059025 0.499651 0.8659356 0.02246171 0.8651245 0.5010318 0.02295035 0.4970976 0.8656786 0.05911576 0.8634251 0.5027465 0.04175055 -0.4977415 -0.006470084 -0.8673014 -0.4991976 -0.02896243 -0.8660042 -0.8639533 -0.003723263 -0.5035582 -0.8655503 -0.0167244 -0.5005427 0.5078701 0.08096742 -0.8576202 0.8734654 0.04599273 -0.4847092 0.4999964 -0.01699918 -0.8658608 0.8664668 -0.009766101 -0.4991393 0.4991976 -0.02896243 -0.8660042 0.8655503 -0.0167244 -0.5005427 -0.4904451 0.2012442 -0.8479177 -0.8539828 0.1211299 -0.5060051 -0.5273209 0.06430518 -0.8472294 -0.5939674 -0.4869361 -0.6403874 -0.8870602 0.0339064 -0.460407 -0.9229611 -0.2331665 -0.3062294 -0.5520002 0.5107382 -0.6591224 -0.9029021 0.2627068 -0.3402249 0.5273209 0.06430518 -0.8472294 0.8870602 0.0339064 -0.460407 0.5939674 -0.4869361 -0.6403874 0.9229611 -0.2331665 -0.3062294 -0.5027387 -0.8628929 -0.05166858 -0.5196818 -0.8280788 -0.2102776 -0.8684678 -0.4948591 -0.02963352 -0.8816153 -0.4572729 -0.116859 0.5196818 -0.8280788 -0.2102776 0.8816153 -0.4572729 -0.116859 0.5027387 -0.8628929 -0.05166858 0.8684678 -0.4948591 -0.02963352 -0.5006731 -0.8655953 -0.008453905 -0.5010044 -0.8652215 -0.01965439 -0.8665602 -0.4990488 -0.00488305 -0.8668679 -0.4984093 -0.01132261 0.5010044 -0.8652215 -0.01965439 0.8668679 -0.4984093 -0.01132261 0.5006731 -0.8655953 -0.008453905 0.8665602 -0.4990488 -0.00488305 -0.4955756 0.5952218 0.6325471 -0.8612285 0.348288 0.3701094 0.4933116 0.8489208 0.1896765 0.8585158 0.4998802 0.1143263 0.5004849 -0.8657391 -0.0032655 0.8662553 -0.4995983 -0.001831114 -0.5004849 -0.8657391 -0.0032655 -0.8662553 -0.4995983 -0.001831114 0.4908716 0.8693103 -0.05783396 0.854846 0.5176686 -0.03546339 -0.5059762 0.8601198 0.06466996 -0.8718151 0.4884619 0.03665369 -0.5224219 0.6501129 -0.5517506 -0.8841987 0.3563407 -0.3020167 0.5403087 0.8045423 0.2465326 0.8955958 0.4253813 0.1302269 0.5006609 0.8446078 -0.1896743 0.8674751 0.4853758 -0.1090753 -0.5101494 0.788693 -0.3430904 -0.8757163 0.4424665 -0.1932472 0.2768069 -0.6264321 -0.7286706 0.4993818 -0.82859 -0.2530938 0.7922428 -0.462546 -0.3979983 0.6659309 0.1066344 -0.7383531 0.05960363 0.7164955 -0.6950407 0.5007256 0.8296293 -0.2469599 0.7938393 0.4623684 -0.3950122 0.4993857 -0.8285964 -0.2530652 0.5478522 -0.09146636 -0.8315598 -0.7922428 -0.462546 -0.3979983 -0.5049102 -0.3542673 -0.7871217 -0.4993818 -0.82859 -0.2530938 -0.2768069 -0.6264321 -0.7286706 -0.7938393 0.4623684 -0.3950122 -0.5059854 0.3558897 -0.785698 -0.5007256 0.8296293 -0.2469599 -0.2776058 0.6290689 -0.7260906 -0.5059506 0.3558866 -0.7857218 -0.5598782 0.1264723 -0.8188657 -0.05942183 -0.7136723 -0.6979547 -0.4993857 -0.8285964 -0.2530652 -0.05942052 -0.7136572 -0.6979705 -0.892966 -0.06546401 -0.4453385</float_array>
          <technique_common>
            <accessor source="#Plane-mesh-normals-array" count="642" stride="3">
              <param name="X" type="float"/>
              <param name="Y" type="float"/>
              <param name="Z" type="float"/>
            </accessor>
          </technique_common>
        </source>
        <source id="Plane-mesh-map-0">
          <float_array id="Plane-mesh-map-0-array" count="7632">0.05640012 1.423717 0.02985733 1.370778 0.05633884 1.372455 0.9397813 1.425491 0.9676794 1.494884 0.939938 1.494934 0.05725795 1.580403 0.02994966 1.67382 0.02978157 1.582631 0.9407109 1.91166 0.9682222 1.800695 0.9684949 1.911189 0.05788534 2.001569 0.03468871 2.049168 0.03119421 2.006526 0.05591249 0.6838102 0.03087252 0.6478989 0.05584073 0.6416746 0.05564802 0.5129414 0.03133553 0.561248 0.02921563 0.5176677 0.05533003 0.3618146 0.02801775 0.4381329 0.02963113 0.3560819 0.05533945 0.2995193 0.02846294 0.203866 0.05600351 0.204882 0.05598837 0.2063555 0.03014898 0.1042666 0.05772644 0.1050126 0.05771869 0.105413 0.03222805 0.01350045 0.05980992 0.01414114 0.111034 0.6898618 0.8837403 0.7422612 0.1111141 0.743418 0.05641132 1.082732 0.02849727 0.9055047 0.05613505 0.9050303 0.9392003 0.9027769 0.966238 0.8060061 0.9668373 0.9022371 0.939893 1.378625 0.9673346 1.264589 0.9658932 1.383924 0.05815345 2.129363 0.03500258 2.081686 0.05809998 2.074026 0.05842685 2.2832 0.03874319 2.230745 0.05832993 2.222911 0.8858272 2.136216 0.1133121 2.211915 0.1132005 2.137372 0.05871701 2.630968 0.03092759 2.418306 0.05838865 2.417372 0.8860551 2.2886 0.113618 2.41639 0.1134285 2.289757 0.0595861 3.205376 0.03160381 2.908049 0.0591374 2.907882 0.05544072 0.4335143 0.02899914 0.4996742 0.02802711 0.4319278 0.9383785 0.3604955 0.9659237 0.4367284 0.9384972 0.4353064 0.8865661 2.629963 0.1143533 2.907673 0.1139393 2.63112 0.06002455 3.497669 0.03204655 3.205602 0.05958622 3.2055 0.05665272 1.383946 0.02976453 1.433312 0.04169631 1.373175 0.05711972 1.426813 0.02942979 1.496289 0.03063201 1.421988 0.05590194 0.6959481 0.03040313 0.7316562 0.03015029 0.7016007 0.9387623 0.6824882 0.963696 0.646502 0.9644882 0.6767135 0.05751073 1.799123 0.02996069 1.683658 0.05736911 1.681174 0.05764472 1.912981 0.02980136 1.802098 0.05751216 1.801088 1.027881 2.115089 1.800205 2.302303 1.027579 2.301049 1.801369 1.585049 1.028923 1.472737 1.801549 1.473991 1.028479 1.746502 1.800976 1.827114 1.02835 1.825859 1.801885 1.267111 1.029297 1.242721 1.801923 1.243976 1.029101 1.363624 1.801549 1.473991 1.028923 1.472737 1.026956 2.68481 1.799475 2.751157 1.02685 2.749902 1.79966 2.637542 1.027062 2.619103 1.799688 2.620359 1.028954 3.145232 1.799878 3.042764 1.801576 3.146499 1.799475 2.751157 1.026705 2.839612 1.02685 2.749902 1.801576 3.146499 1.03103 3.237101 1.028954 3.145232 1.799277 2.939691 1.027256 3.041486 1.026654 2.938409 1.027291 2.477914 1.799767 2.571919 1.027141 2.570664 1.027091 2.60125 1.799688 2.620359 1.027062 2.619103 1.799917 2.479168 1.027579 2.301049 1.800204 2.302303 1.800507 2.116344 1.028084 1.989683 1.80071 1.990937 1.801953 1.2253 1.029372 1.196098 1.801998 1.19735 1.029259 1.265858 1.801838 1.296038 1.029212 1.294785 1.802172 1.090198 1.029888 0.8776128 1.802514 0.8788646 1.029327 1.224048 1.801923 1.243976 1.029297 1.242721 1.80296 0.603388 1.030816 0.3050199 1.803442 0.3062713 1.029546 1.088947 1.801998 1.19735 1.029372 1.196098 1.026654 2.938409 1.799329 2.840874 1.799277 2.939691 1.799581 2.686066 1.027006 2.653499 1.799632 2.654755 1.031289 0.01297324 1.803441 0.3062713 1.030816 0.3050199 1.030334 0.602137 1.802514 0.8788645 1.029888 0.8776128 1.801105 1.747756 1.028602 1.670325 1.801229 1.671579 1.02822 1.905829 1.80071 1.990937 1.028084 1.989683 1.027034 2.636283 1.799632 2.654755 1.027007 2.653499 1.800847 1.907083 1.02835 1.825859 1.800976 1.827114 1.801726 1.364878 1.029212 1.294785 1.801838 1.296038 1.028743 1.583794 1.801228 1.671579 1.028603 1.670325 8.73419e-5 0.07487177 0.06362539 0.8933604 8.8103e-5 0.9251289 0.8855291 0.1045724 0.1149924 0.01475191 0.8876133 0.01359575 0.8838269 0.8001747 0.1113553 0.9045149 0.1112008 0.8013315 0.8837403 0.7422612 0.1112008 0.8013315 0.1111142 0.743418 0.05669599 1.267407 0.02877801 1.082737 0.05641126 1.082707 0.9401196 1.382624 0.9671553 1.431908 0.9402394 1.431251 0.8849903 1.576975 0.1122412 1.496181 0.8848676 1.495024 0.9405044 1.797803 0.967709 1.682255 0.9682137 1.796756 0.0571714 1.496052 0.02976065 1.573984 0.02943092 1.495881 0.884685 1.373039 0.1121032 1.403968 0.1120585 1.374196 0.8856161 1.995261 0.1128653 1.913325 0.8854917 1.912169 0.9408502 2.128042 0.9638584 2.080296 0.9654033 2.120762 0.05764937 1.913998 0.03088623 1.988221 0.02986854 1.914633 0.8849903 1.576975 0.1125143 1.678636 0.1123638 1.578131 0.110862 0.5748357 0.8835772 0.6336165 0.1109516 0.6347735 0.9384829 0.4321932 0.9651256 0.4982728 0.9385969 0.5024417 0.938614 0.6264289 0.9628663 0.5878204 0.9635176 0.619944 0.9390043 0.7966604 0.9645861 0.7534007 0.9661199 0.7932466 0.110556 0.2962368 0.8831771 0.3667877 0.110553 0.3679369 0.9389865 0.2060708 0.9683031 0.1049156 0.9665045 0.2074543 0.9384121 0.3728474 0.9654181 0.2888978 0.9641265 0.3785227 0.9385139 0.5116195 0.9629734 0.5598528 0.9386034 0.5663263 0.8874255 3.2042 0.1152362 3.497588 0.1147989 3.205356 0.8831793 0.2951073 0.11119 0.2058594 0.8838123 0.2047247 0.9407088 0.1054427 0.970376 0.01479017 0.9682739 0.1063532 0.05613476 0.9040994 0.02880787 0.8074098 0.05597239 0.8044173 0.9383518 0.2986764 0.9665588 0.2033911 0.9653005 0.3022035 0.05686742 1.379948 0.0290848 1.265994 0.05669081 1.26637 0.8842483 1.081479 0.1113553 0.9045149 0.8839814 0.9033578 0.8847711 1.430611 0.1121032 1.403968 0.8847296 1.402811 0.9394587 1.08141 0.9668422 0.9040995 0.9670923 1.081382 0.884685 1.373039 0.1118976 1.266705 0.8845242 1.265548 0.8842483 1.081479 0.1118976 1.266705 0.1116219 1.082636 0.9404911 1.422392 0.9668752 1.369375 0.9556148 1.432928 0.8860551 2.2886 0.113312 2.211915 0.8859387 2.210759 0.9407344 2.144689 0.9603487 2.191537 0.9408282 2.199534 0.8856161 1.995261 0.1130921 2.064898 0.1129897 1.996418 0.1106532 0.4350714 0.8833871 0.5068227 0.1107621 0.5079792 0.9410368 2.281879 0.9605634 2.229365 0.9665881 2.275648 0.9414671 2.414065 0.9670963 2.299171 0.9689213 2.412945 0.05831879 2.146009 0.03884464 2.192916 0.03389227 2.153703 0.8865661 2.629963 0.113618 2.41639 0.8862447 2.415233 0.9417876 2.629646 0.9689405 2.416902 0.9693072 2.629371 0.9421958 2.906306 0.9693089 2.630301 0.9697292 2.906137 0.05839222 2.415387 0.03241926 2.30057 0.05820035 2.295371 0.8874254 3.2042 0.1143533 2.907673 0.8869799 2.906516 0.942638 3.204054 0.9697301 2.906645 0.9701777 3.203951 0.1108619 0.5748357 0.8833871 0.5068227 0.8834875 0.5736787 0.1106532 0.4350714 0.8831771 0.3667877 0.8832779 0.4339154 2.646405 0.01414644 1.846077 0.06944179 1.846077 0.01414626 2.646404 0.0977348 1.846077 0.1530292 1.846077 0.09773433 0.0553174 0.3740841 0.02830988 0.2901453 0.05532312 0.2931761 0.9399369 1.494731 0.9675812 1.57258 0.9401004 1.574756 0.9430744 3.496348 0.970178 3.204197 0.9706162 3.496306 0.05913704 2.907627 0.03119808 2.631705 0.05871778 2.631434 0.8853223 1.798886 0.1125143 1.678636 0.8851407 1.67748 0.8847711 1.430611 0.1122412 1.496181 0.1121448 1.431768 0.9401028 1.579082 0.9676906 1.672418 0.9402839 1.674921 0.05589252 0.6277505 0.03152656 0.5892148 0.05582416 0.582482 0.9388094 0.6946257 0.9644166 0.7302576 0.9388584 0.7360171 0.111034 0.6898617 0.8835772 0.6336165 0.8836598 0.6887046 0.1129075 0.1057179 0.8838123 0.2047247 0.11119 0.2058593 0.9407094 1.912677 0.9676946 1.986819 0.9408641 1.990956 0.8858272 2.136216 0.1130921 2.064898 0.8857187 2.063741 0.8853223 1.798886 0.1128653 1.913325 0.1126958 1.800041 0.9407355 2.000247 0.9640743 2.047777 0.9408552 2.05506 1.799717 2.602507 1.027141 2.570664 1.799767 2.571919 0.9397273 1.266085 0.9670922 1.081332 0.9673302 1.266663 0.0951336 8.73348e-5 0.0953924 0.07112413 0.09513306 8.73348e-5 0.1908724 0.07487142 0.2544093 0.8933593 0.1908721 0.9251276 0.3136876 0.9111174 0.3020601 0.9241174 0.2702929 0.9241173 0.1112761 0.9241185 0.0953927 0.9288768 0.07950878 0.9241186 0.2859173 8.73348e-5 0.2861773 0.07112377 0.2861773 0.07112377 0.2859163 0.9999124 0.2861765 0.9288757 0.2859163 0.9999124 0.1906974 0.9251292 0.1271601 0.1066406 0.1906974 0.07487219 0.3814815 0.9251279 0.3179443 0.1066402 0.3814815 0.07487189 0.09513276 0.9999127 0.0953927 0.9288768 0.0951333 0.9999127 2.646405 0.01414644 2.650537 0.01008641 2.653178 0.01853698 0.1057459 0.004083395 0.09949821 0.002282023 0.09729808 0.00546056 0.101451 0.01463353 0.1106659 0.008630573 0.1149924 0.01475191 0.101451 0.01463353 0.08753812 0.008656919 0.09950792 0.008778452 0.06437557 0.008094668 0.07335507 0.01425772 0.05980992 0.01414114 0.06955587 0.00188446 0.07555133 0.008433997 0.06437557 0.008094668 0.09729808 0.00546056 0.09949821 0.002282023 0.08753812 0.008656919 1.846077 0.01414626 1.842138 0.01008892 1.850588 0.007406592 0.9335905 0.003459334 0.9274422 0.001334726 0.9251167 0.004710674 0.9292538 0.0140174 0.9385116 0.007996737 0.9428005 0.01416683 0.9292538 0.0140174 0.9153386 0.007870078 0.9273268 0.008027017 0.8921152 0.007461965 0.9011558 0.01362746 0.8876133 0.01359575 0.8972415 0.001088142 0.9033316 0.007645785 0.8921152 0.007461965 0.9251167 0.004710674 0.9274422 0.001334726 0.9153386 0.007870078 1.846077 0.09773433 1.842041 0.09370559 1.850491 0.0910061 0.06949412 3.50833 0.07565665 3.51017 0.07794684 3.506928 0.07358127 3.497647 0.06445431 3.503796 0.06002455 3.497669 0.08764392 3.497624 0.07565152 3.503587 0.07358127 3.497647 0.1108317 3.503726 0.1016937 3.497603 0.1152362 3.497588 0.1058182 3.510126 0.09964478 3.503549 0.1108317 3.503726 0.07794684 3.506928 0.07565665 3.51017 0.0876528 3.503567 2.646404 0.0977348 2.65044 0.09370607 2.653133 0.1021599 0.8973155 3.507088 0.9034819 3.508932 0.9057633 3.505684 0.9014054 3.496407 0.8922857 3.502557 0.8878628 3.496432 0.9014054 3.496407 0.915464 3.502324 0.903472 3.502346 0.9386631 3.502488 0.9295178 3.496366 0.9430744 3.496348 0.933641 3.508886 0.9274653 3.502313 0.9386631 3.502488 0.9057633 3.505684 0.9034819 3.508932 0.9154639 3.502324 2.646405 0.06944191 2.650536 0.0734561 2.642086 0.07616144 0.02304983 0.002519071 0.01695829 6.79622e-4 0.01456284 0.003650426 0.01869088 0.01303267 0.02796888 0.00725609 0.03222805 0.01350045 0.004648864 0.01252293 0.01677292 0.007095813 0.01869088 0.01303267 1.026701 3.243181 1.017487 3.237131 1.03103 3.237101 1.021777 3.249536 1.015543 3.242984 1.026701 3.243181 0.01456284 0.003650426 0.01695829 6.79622e-4 0.004781842 0.006708383 1.846077 0.06944179 1.842137 0.07345324 1.839391 0.06500244 1.813277 3.248951 1.819356 3.250833 1.82173 3.247561 1.817192 3.238244 1.808151 3.244451 1.803651 3.238357 0.9979605 0.0156722 0.9927378 0.009665489 0.9938629 0.01571571 0.9749175 0.008826732 0.9839134 0.01529461 0.970376 0.01479017 0.9800757 0.002541482 0.9861038 0.009381473 0.9749175 0.008826732 1.82173 3.247561 1.819356 3.250833 1.831374 3.244104 1.846077 0.1530292 1.842041 0.157064 1.839348 0.1486104 1.021869 0.002278089 1.015709 4.23416e-4 1.013417 0.003652811 1.017746 0.012946 1.026885 0.006831586 1.031289 0.01297324 0.004865407 3.497761 0.01023435 3.503685 0.008962988 3.497747 0.0280689 3.50385 0.01892715 3.497733 0.03248286 3.49771 0.02304488 3.510248 0.01687383 3.503676 0.0280689 3.50385 1.013417 0.003652811 1.015709 4.23416e-4 1.003706 0.006978273 2.646404 0.1530292 2.65044 0.157064 2.64199 0.1597599 0.9800875 3.506967 0.9862577 3.508807 0.988538 3.505564 0.9841719 3.496289 0.9750484 3.502433 0.9706162 3.496306 0.9841719 3.496289 0.9982426 3.50221 0.986243 3.502225 1.808338 0.008097171 1.817457 0.01424115 1.803915 0.01422446 1.813372 0.001715183 1.819525 0.008303463 1.808338 0.008097171 0.988538 3.505564 0.9862577 3.508807 0.9982426 3.50221 0.05597239 0.8044173 0.06994891 0.9045605 0.05613476 0.9040994 0.06979042 0.8028951 0.09755909 0.9045307 0.06994891 0.9045605 0.09740519 0.8017536 0.1113553 0.9045149 0.09755909 0.9045307 0.05592477 0.7493396 0.06981045 0.7996776 0.05601257 0.7979825 0.06972324 0.7463995 0.09740388 0.8008924 0.06981045 0.7996776 0.09731906 0.7442209 0.1112008 0.8013315 0.09740388 0.8008924 0.9397296 1.265048 0.9260851 1.375811 0.9259225 1.265537 0.9259225 1.265537 0.8984822 1.373777 0.8983204 1.265541 0.8983204 1.265541 0.884685 1.373039 0.8845242 1.265548 0.9403987 1.371132 0.9264065 1.412581 0.926338 1.372065 0.926338 1.372065 0.8985298 1.405425 0.8984807 1.372774 0.8984807 1.372774 0.8847297 1.402811 0.884685 1.373039 0.9401004 1.574756 0.9261987 1.494907 0.9399369 1.494731 0.9263415 1.575845 0.8986637 1.494989 0.9261987 1.494907 0.8987861 1.576668 0.8848676 1.495024 0.8986637 1.494989 0.9402839 1.674921 0.9263427 1.578008 0.9401028 1.579082 0.9265084 1.67618 0.8987869 1.577248 0.9263427 1.578008 0.8989363 1.677127 0.8849903 1.576975 0.8987869 1.577248 0.05717086 1.496255 0.07083612 1.429311 0.07091003 1.496188 0.07091003 1.496188 0.0983476 1.431114 0.09844499 1.496187 0.09844499 1.496187 0.1121448 1.431768 0.1122412 1.496181 0.05667835 1.432574 0.07058173 1.393978 0.07061547 1.432192 0.07061547 1.432192 0.09830296 1.401295 0.09834879 1.431886 0.09834879 1.431886 0.1121032 1.403968 0.1121448 1.431768 0.9408641 1.990956 0.9268972 1.912148 0.9407094 1.912677 0.9270363 1.993088 0.899288 1.912159 0.9268972 1.912148 0.8994114 1.994675 0.8854917 1.912169 0.899288 1.912159 0.9408552 2.05506 0.9269719 1.997734 0.9407355 2.000247 0.9270831 2.05938 0.8994132 1.99592 0.9269719 1.997734 0.899513 2.062569 0.8856161 1.995261 0.8994132 1.99592 0.05751216 1.801088 0.07146 1.913428 0.05764472 1.912981 0.07130789 1.800585 0.09906917 1.913357 0.07146 1.913428 0.0988999 1.800191 0.1128653 1.913325 0.09906917 1.913357 0.05736911 1.681174 0.07130712 1.799603 0.05751073 1.799123 0.07114553 1.679925 0.09889954 1.799928 0.07130712 1.799603 0.09871864 1.678986 0.1126958 1.800041 0.09889954 1.799928 0.05582416 0.582482 0.06962573 0.6312826 0.05589252 0.6277505 0.06954669 0.5786795 0.09715384 0.6338422 0.06962573 0.6312826 0.09706711 0.5758697 0.1109516 0.6347735 0.09715384 0.6338422 0.05572283 0.5676479 0.06940859 0.5104809 0.06949603 0.5712625 0.06949603 0.5712625 0.09696662 0.5086536 0.09706413 0.5738822 0.09706413 0.5738822 0.1107621 0.5079792 0.1108619 0.5748357 0.9387076 0.6403523 0.9250074 0.6855757 0.9249387 0.6369637 0.9249387 0.6369637 0.8974549 0.6878621 0.8973749 0.6345092 0.8973749 0.6345092 0.8836598 0.6887046 0.8835772 0.6336165 0.9388584 0.7360171 0.925031 0.6916446 0.9388094 0.6946257 0.9250956 0.7391185 0.8974574 0.6894883 0.925031 0.6916446 0.8975353 0.7414151 0.8836598 0.6887046 0.8974574 0.6894883 0.05532312 0.2931761 0.06913816 0.3710262 0.0553174 0.3740841 0.0691424 0.294722 0.09675747 0.3687754 0.06913816 0.3710262 0.09675842 0.2958415 0.110553 0.3679369 0.09675747 0.3687754 0.05600351 0.204882 0.06914967 0.297869 0.05533945 0.2995193 0.0697984 0.2053616 0.09675973 0.2967172 0.06914967 0.297869 0.09739255 0.2057691 0.1105561 0.2962368 0.09675973 0.2967172 0.9384972 0.4353064 0.9245745 0.3636211 0.9383785 0.3604955 0.9246841 0.4345902 0.8969725 0.3659352 0.9245745 0.3636211 0.8970747 0.4340922 0.8831771 0.3667877 0.8969725 0.3659352 0.9385969 0.5024417 0.924677 0.4330337 0.9384829 0.4321932 0.9247885 0.5046116 0.8970742 0.4336751 0.924677 0.4330337 0.8971828 0.5062261 0.8832779 0.4339154 0.8970742 0.4336751 2.646405 0.01414644 1.850588 0.007406592 2.642087 0.007405877 0.1057432 0.002272665 0.8921152 0.007461965 0.1106659 0.008630573 0.1106659 0.008630573 0.8876133 0.01359575 0.1149924 0.01475191 0.05772644 0.1050126 0.06979238 0.2060601 0.05598837 0.2063555 0.07151859 0.105415 0.09739297 0.2060041 0.06979238 0.2060601 0.09911018 0.1057384 0.11119 0.2058593 0.09739297 0.2060041 0.05980992 0.01414114 0.07151859 0.105415 0.05771869 0.105413 0.07335507 0.01425772 0.09911018 0.1057384 0.07151859 0.105415 0.101451 0.01463353 0.1129075 0.1057179 0.09911018 0.1057384 0.9407088 0.1054427 0.9292538 0.0140174 0.9428005 0.01416683 0.926918 0.1048781 0.9011558 0.01362746 0.9292538 0.0140174 0.8993263 0.104551 0.8876133 0.01359575 0.9011558 0.01362746 0.9407234 0.1047236 0.9251946 0.2054451 0.926918 0.1048781 0.9251946 0.2054451 0.8993263 0.104551 0.926918 0.1048781 0.8976097 0.2048269 0.8855291 0.1045724 0.8993263 0.104551 0.05641126 1.082707 0.07049942 1.266818 0.05669599 1.267407 0.07022047 1.082698 0.09810143 1.26674 0.07049942 1.266818 0.09782576 1.082657 0.1118976 1.266705 0.09810143 1.26674 0.05613505 0.9050303 0.07022047 1.082698 0.05641132 1.082732 0.06994891 0.9045605 0.09782576 1.082657 0.07022047 1.082698 0.09755909 0.9045307 0.111622 1.082636 0.09782576 1.082657 0.9389464 0.7480175 0.9252117 0.7983969 0.9251396 0.7451187 0.9251396 0.7451187 0.8976224 0.7996943 0.8975377 0.7430229 0.8975377 0.7430229 0.8838269 0.8001747 0.8837403 0.7422612 0.9390638 0.8030949 0.9253877 0.9032794 0.9252415 0.8016142 0.9252415 0.8016142 0.8977777 0.9033324 0.8976237 0.8005554 0.8976237 0.8005554 0.8839815 0.9033579 0.8838269 0.8001747 0.9392027 0.903708 0.9256497 1.081417 0.9253877 0.9032794 0.9253877 0.9032794 0.8980445 1.081459 0.8977777 0.9033324 0.8977777 0.9033324 0.8842483 1.081479 0.8839814 0.9033578 0.9394586 1.081385 0.9259225 1.265537 0.9256497 1.081417 0.9256497 1.081417 0.8983204 1.265541 0.8980445 1.081459 0.8980445 1.081459 0.8845242 1.265548 0.8842483 1.081479 0.05633884 1.372455 0.07045543 1.413863 0.05640012 1.423717 0.07040256 1.373346 0.09831094 1.406623 0.07045543 1.413863 0.09826201 1.373972 0.1121032 1.403968 0.09831094 1.406623 0.05669081 1.26637 0.07066684 1.377092 0.05686742 1.379948 0.07049942 1.266818 0.0982635 1.374976 0.07066684 1.377092 0.09810143 1.26674 0.1120585 1.374196 0.0982635 1.374976 0.05838906 2.200855 0.07196348 2.141711 0.07205444 2.206406 0.07205444 2.206406 0.09940606 2.138538 0.09951364 2.210443 0.09951364 2.210443 0.1132005 2.137372 0.1133121 2.211915 0.05809998 2.074026 0.07188081 2.133388 0.05815345 2.129363 0.07179987 2.069483 0.09940272 2.136308 0.07188081 2.133388 0.09929776 2.06613 0.1132005 2.137372 0.09940272 2.136308 0.940738 2.072705 0.9271349 2.132108 0.9270246 2.068203 0.9270246 2.068203 0.8996217 2.135111 0.8995165 2.064933 0.8995165 2.064933 0.8858272 2.136216 0.8857187 2.063741 0.9408282 2.199534 0.9270769 2.140432 0.9407344 2.144689 0.9271796 2.205126 0.899625 2.137341 0.9270769 2.140432 0.8997325 2.209245 0.8858272 2.136216 0.899625 2.137341 0.05820035 2.295371 0.07220894 2.415909 0.05839222 2.415387 0.07201832 2.292584 0.09982162 2.416265 0.07220894 2.415909 0.09963345 2.290519 0.113618 2.41639 0.09982162 2.416265 0.05832993 2.222911 0.07213151 2.286499 0.05842685 2.2832 0.07202488 2.217433 0.09963101 2.288888 0.07213151 2.286499 0.09951806 2.213398 0.1134285 2.289757 0.09963101 2.288888 0.9409534 2.22159 0.9273421 2.285219 0.9272422 2.216154 0.9272422 2.216154 0.89985 2.28769 0.899737 2.2122 0.899737 2.2122 0.8860551 2.2886 0.8859387 2.210759 0.9412997 2.294049 0.9276521 2.414628 0.9274736 2.291304 0.9274736 2.291304 0.9000406 2.415067 0.8998524 2.289321 0.8998524 2.289321 0.8862447 2.415233 0.8860551 2.2886 0.05871778 2.631434 0.07294911 2.907734 0.05913704 2.907627 0.07253223 2.631181 0.1005572 2.907693 0.07294911 2.907734 0.1001432 2.63114 0.1143533 2.907673 0.1005572 2.907693 0.05838865 2.417372 0.07253223 2.631181 0.05871701 2.630968 0.07220715 2.416901 0.1001432 2.63114 0.07253223 2.631181 0.09982204 2.416531 0.1139394 2.63112 0.1001432 2.63114 0.9414768 2.41605 0.9279732 2.6299 0.9276569 2.415621 0.9276569 2.415621 0.9003622 2.629942 0.900041 2.415333 0.900041 2.415333 0.8865661 2.629963 0.8862447 2.415233 0.9417884 2.630112 0.9283842 2.906454 0.9279732 2.6299 0.9279732 2.6299 0.9007761 2.906495 0.9003622 2.629942 0.9003622 2.629942 0.8869799 2.906516 0.8865661 2.629963 0.05553758 0.5037631 0.0692504 0.4343134 0.0693534 0.5058918 0.0693534 0.5058918 0.09685629 0.4348723 0.09696477 0.5074239 0.09696477 0.5074239 0.1106532 0.4350714 0.1107621 0.5079792 0.05543601 0.4366284 0.06914472 0.3648962 0.06924802 0.4358705 0.06924802 0.4358705 0.09675502 0.3671261 0.09685689 0.4352895 0.09685689 0.4352895 0.110553 0.3679369 0.1106532 0.4350714 0.9390137 0.2040369 0.9245609 0.2969009 0.9252086 0.2043898 0.9252086 0.2043898 0.896977 0.2955449 0.8976094 0.2045919 0.8976094 0.2045919 0.8831793 0.2951073 0.8838123 0.2047247 0.9384112 0.2919467 0.9245911 0.3698018 0.924592 0.2935115 0.924592 0.2935115 0.8969751 0.3675845 0.8969756 0.294669 0.8969756 0.294669 0.8831771 0.3667877 0.8831792 0.2951073 1.846077 0.09773433 2.64199 0.09100663 2.646404 0.0977348 0.1058182 3.510126 0.8922857 3.502557 0.8973182 3.508941 0.1108317 3.503726 0.8878628 3.496432 0.8922857 3.502557 0.9421962 2.90656 0.928828 3.204137 0.9283842 2.906454 0.9283842 2.906454 0.9012215 3.204178 0.9007761 2.906495 0.9007761 2.906495 0.8874254 3.2042 0.8869799 2.906516 0.9426383 3.204178 0.9295178 3.496366 0.928828 3.204137 0.928828 3.204137 0.9014054 3.496407 0.9012215 3.204178 0.9014054 3.496407 0.8874255 3.2042 0.9012215 3.204178 0.05958622 3.2055 0.07358127 3.497647 0.06002455 3.497669 0.07339638 3.205418 0.1016937 3.497603 0.07358127 3.497647 0.1016937 3.497603 0.1147989 3.205356 0.1152362 3.497588 0.0591374 2.907882 0.07339638 3.205418 0.0595861 3.205376 0.07294911 2.907734 0.1010028 3.205376 0.07339638 3.205418 0.1005572 2.907693 0.1147989 3.205356 0.1010028 3.205376 0.9402394 1.431251 0.9262207 1.392697 0.9401196 1.382624 0.9263014 1.43091 0.8985217 1.400097 0.9262207 1.392697 0.8985674 1.430688 0.8847296 1.402811 0.8985217 1.400097 0.939938 1.494934 0.9260723 1.42803 0.9397813 1.425491 0.9261987 1.494907 0.8985663 1.429916 0.9260723 1.42803 0.8986637 1.494989 0.8847711 1.430611 0.8985663 1.429916 0.05736362 1.676242 0.07101476 1.579288 0.07114279 1.67746 0.07114279 1.67746 0.09856808 1.578446 0.09871762 1.678325 0.09871762 1.678325 0.1123638 1.578131 0.1125143 1.678636 0.05724751 1.576077 0.07091003 1.496188 0.07100951 1.577125 0.07100951 1.577125 0.09844499 1.496187 0.09856724 1.577866 0.09856724 1.577866 0.1122412 1.496181 0.1123638 1.578131 0.05597716 0.7373388 0.06967175 0.6929256 0.06974947 0.7403991 0.06974947 0.7403991 0.09723895 0.6906868 0.09731668 0.7426132 0.09731668 0.7426132 0.111034 0.6898618 0.1111141 0.743418 0.05584073 0.6416746 0.06967699 0.6868567 0.05591249 0.6838102 0.0695998 0.6382448 0.09723657 0.6890606 0.06967699 0.6868567 0.09715664 0.6357077 0.111034 0.6898617 0.09723657 0.6890606 0.9386034 0.5663263 0.924747 0.5092005 0.9385139 0.5116195 0.9248418 0.5699819 0.8971846 0.5074558 0.924747 0.5092005 0.8972824 0.5726841 0.8833871 0.5068227 0.8971846 0.5074558 0.9385465 0.5811598 0.924892 0.630002 0.9248134 0.5773986 0.9248134 0.5773986 0.8973722 0.6326439 0.8972854 0.5746714 0.8972854 0.5746714 0.8835772 0.6336165 0.8834875 0.5736787 0.9402931 1.679853 0.9267095 1.798324 0.9265131 1.678646 0.9265131 1.678646 0.8991183 1.798731 0.8989373 1.677788 0.8989373 1.677788 0.8853223 1.798886 0.8851407 1.67748 0.9405087 1.799768 0.9268972 1.912148 0.9267116 1.799306 0.9267116 1.799306 0.899288 1.912159 0.8991187 1.798995 0.8991187 1.798995 0.8854917 1.912169 0.8853223 1.798886 0.05792969 2.056382 0.07164132 1.999014 0.07171469 2.060661 0.07171469 2.060661 0.09919458 1.997117 0.09929424 2.063766 0.09929424 2.063766 0.1129897 1.996418 0.1130921 2.064898 0.057729 1.992278 0.07146 1.913428 0.07156318 1.994368 0.07156318 1.994368 0.09906917 1.913357 0.09919273 1.995873 0.09919273 1.995873 0.1128653 1.913325 0.1129897 1.996418 1.027141 2.570664 1.013495 2.477843 1.027291 2.477914 0.001325428 0.8104374 0.01474541 0.9034149 9.94323e-4 0.9031875 0.01506668 0.8089236 0.02849674 0.9036422 0.01474541 0.9034149 1.027091 2.60125 1.013345 2.570324 1.027141 2.570664 0.0025599 0.7607107 0.01516622 0.7929642 0.001444995 0.7912785 0.01643097 0.7577551 0.02888751 0.79465 0.01516622 0.7929642 1.800507 2.116344 1.814505 1.991666 1.814303 2.116261 0.9948844 1.264236 0.9796409 1.386726 0.9811102 1.264359 0.9811102 1.264359 0.9658932 1.383924 0.9673346 1.264589 1.80071 1.990937 1.81464 1.908793 1.814508 1.99006 0.994717 1.368403 0.9679304 1.441507 0.9808745 1.368446 0.9808745 1.368446 0.9556148 1.432928 0.9668752 1.369375 1.801229 1.671579 1.814901 1.747739 1.801105 1.747756 0.9951053 1.570402 0.9814569 1.49435 0.9952367 1.494264 0.9813433 1.571491 0.9676771 1.494477 0.9814569 1.49435 1.801369 1.585049 1.815024 1.671891 1.801228 1.671579 0.9951696 1.669907 0.9813491 1.582302 0.9951123 1.583376 0.9814301 1.671162 0.9675858 1.581228 0.9813491 1.582302 1.028479 1.746502 1.014555 1.825223 1.014683 1.746542 0.001870214 1.496259 0.0168733 1.419481 0.01564949 1.496305 0.01564949 1.496305 0.03063201 1.421988 0.02942979 1.496289 1.02835 1.825859 1.014427 1.904135 1.014553 1.826665 0.001965284 1.433267 0.02951669 1.364404 0.01578444 1.433696 0.01578444 1.433696 0.04169631 1.373175 0.02976453 1.433312 1.801838 1.296038 1.815522 1.364929 1.801726 1.364878 0.9950206 1.982606 0.9821693 1.9135 0.9958465 1.913772 0.9813576 1.984713 0.968492 1.913228 0.9821693 1.9135 1.801885 1.267111 1.815634 1.296429 1.801838 1.296038 0.9922959 2.038924 0.9810407 2.007609 0.9946402 2.010093 0.9781851 2.043351 0.9674413 2.005125 0.9810407 2.007609 1.028923 1.472737 1.015304 1.363546 1.029101 1.363624 0.002378642 1.803098 0.01618057 1.912403 0.002501785 1.912212 0.01609003 1.802598 0.02985924 1.912594 0.01618057 1.912403 1.028743 1.583794 1.015127 1.472591 1.028923 1.472737 0.002479791 1.686149 0.01608633 1.797683 0.002374231 1.797206 0.01622021 1.684903 0.02979844 1.79816 0.01608633 1.797683 1.027007 2.653499 1.013239 2.63537 1.027034 2.636283 0.003496468 0.596982 0.01707977 0.6177679 0.003188312 0.6141951 0.01751154 0.5930984 0.03097134 0.6213408 0.01707977 0.6177679 1.027006 2.653499 1.013159 2.685267 1.013212 2.652306 0.003201842 0.5538648 0.01544886 0.5201293 0.01726871 0.5575564 0.01726871 0.5575564 0.02921563 0.5176677 0.03133553 0.561248 1.79966 2.637542 1.813485 2.619655 1.813454 2.638584 0.9915513 0.6533573 0.9782549 0.6736232 0.9776236 0.6499297 0.9776236 0.6499297 0.9644882 0.6767135 0.963696 0.646502 1.799717 2.602507 1.813483 2.621166 1.799688 2.620359 0.9920874 0.7240222 0.9783698 0.7031853 0.9921602 0.706169 0.978252 0.72714 0.9645794 0.7002015 0.9783698 0.7031853 1.026654 2.938409 1.012907 2.840349 1.026705 2.839612 7.04108e-4 0.2875001 0.01586711 0.3827939 0.002116799 0.3850585 0.01450347 0.2885914 0.02960675 0.3797636 0.01586711 0.3827939 1.027256 3.041486 1.012856 2.938825 1.026654 2.938409 8.72352e-4 0.2028768 0.01454299 0.3042781 7.46836e-4 0.3053853 0.01466649 0.2033276 0.02834218 0.3026881 0.01454299 0.3042781 1.799475 2.751157 1.813127 2.840148 1.799329 2.840874 0.9935339 0.4378846 0.9777844 0.3515729 0.9915239 0.3492147 0.9797319 0.4374443 0.9640619 0.3546801 0.9777844 0.3515729 1.799581 2.686066 1.813272 2.750912 1.799475 2.751157 0.9927553 0.4939311 0.9796965 0.4296844 0.9934946 0.4291115 0.9789405 0.496102 0.9658954 0.4305245 0.9796965 0.4296844 1.803651 3.238357 1.026701 3.243181 1.03103 3.237101 1.808151 3.244451 1.021777 3.249536 1.026701 3.243181 1.850587 0.07616043 2.646405 0.06944191 2.642086 0.07616144 1.027256 3.041486 1.015157 3.145172 1.013458 3.041586 8.33229e-4 0.2068943 0.01635664 0.1038258 0.01463025 0.2069703 0.01635664 0.1038258 0.02843266 0.2068102 0.01463025 0.2069703 1.028954 3.145232 1.017487 3.237131 1.015157 3.145246 0.002547442 0.1044109 0.01869088 0.01303267 0.0163384 0.1048205 0.0163384 0.1048205 0.03222805 0.01350045 0.03013348 0.1050674 1.803651 3.238357 1.815373 3.146558 1.817192 3.238244 0.9979569 0.01582306 0.9820637 0.1068828 0.9839134 0.01529461 0.9839134 0.01529461 0.9682739 0.1063532 0.970376 0.01479017 1.801576 3.146499 1.813675 3.042908 1.815373 3.146483 0.9958961 0.1053951 0.9802914 0.2082152 0.9821001 0.1050793 0.9821001 0.1050793 0.9665045 0.2074543 0.9683031 0.1049156 1.027579 2.301049 1.014084 2.115149 1.027881 2.115089 0.001250028 1.082769 0.01532161 1.268397 0.001547932 1.268645 0.01501405 1.082752 0.02909517 1.268068 0.01532161 1.268397 1.027291 2.477914 1.013782 2.301028 1.027579 2.301049 9.95208e-4 0.9059767 0.01501417 1.082814 0.001250207 1.08284 0.01474618 0.9057406 0.02877813 1.082787 0.01501417 1.082814 1.799717 2.602507 1.813563 2.571624 1.813512 2.603456 0.9923453 0.7592288 0.9798358 0.7915197 0.9784657 0.7563148 0.9784657 0.7563148 0.9661199 0.7932466 0.9645861 0.7534007 1.799767 2.571919 1.813714 2.479143 1.813562 2.57236 0.993729 0.8089513 0.9805876 0.9019685 0.9799835 0.8074787 0.9799835 0.8074787 0.9668373 0.9022371 0.966238 0.8060061 1.799917 2.479168 1.814 2.302328 1.813714 2.479249 0.9943453 0.9044892 0.9808561 1.081368 0.9805938 0.9042943 0.9805938 0.9042943 0.9670923 1.081382 0.9668422 0.9040995 1.800205 2.302303 1.814303 2.116448 1.814001 2.302324 0.9946199 1.081282 0.9811047 1.266951 0.980856 1.081306 0.980856 1.081306 0.9673302 1.266663 0.9670922 1.081332 1.028084 1.989683 1.014421 1.907494 1.02822 1.905829 0.002012431 1.369889 0.0290181 1.442913 0.01642864 1.449868 0.01585513 1.369891 0.0413081 1.434297 0.0290181 1.442913 1.027881 2.115089 1.014287 1.990367 1.028084 1.989683 0.001534044 1.265723 0.0171445 1.388167 0.003394782 1.390304 0.01530861 1.265806 0.03088355 1.385324 0.0171445 1.388167 1.029327 1.224048 1.015499 1.243375 1.015534 1.221908 0.00902605 2.180804 0.02027171 2.157993 0.02393531 2.18686 0.02393531 2.18686 0.03389227 2.153703 0.03884464 2.192916 1.029259 1.265858 1.015502 1.241743 1.029297 1.242721 0.006929039 2.090997 0.01987588 2.118138 0.006172716 2.11412 0.02096581 2.086342 0.03357899 2.122156 0.01987588 2.118138 1.801885 1.267111 1.815721 1.243042 1.815679 1.268503 0.99196 2.089522 0.9790943 2.116702 0.9779092 2.084909 0.9779092 2.084909 0.9654033 2.120762 0.9638584 2.080296 1.801953 1.2253 1.815718 1.244674 1.801923 1.243976 0.9901309 2.179336 0.978817 2.156559 0.9924504 2.160809 0.9752398 2.185437 0.9651837 2.15231 0.978817 2.156559 1.029372 1.196098 1.01575 1.088833 1.029546 1.088947 0.004690945 2.306162 0.01711964 2.413826 0.003304302 2.413304 0.0185551 2.303366 0.03093481 2.414349 0.01711964 2.413826 1.029327 1.224048 1.015577 1.195658 1.029372 1.196098 0.008860051 2.242696 0.01910644 2.273736 0.005355954 2.270426 0.02380162 2.23672 0.032857 2.277045 0.01910644 2.273736 1.801953 1.2253 1.815795 1.196955 1.815745 1.227413 0.9904821 2.241227 0.9803286 2.272297 0.9755228 2.235296 0.9755228 2.235296 0.9665881 2.275648 0.9605634 2.229365 1.801998 1.19735 1.815968 1.090129 1.815793 1.19817 0.9948411 2.30468 0.9827349 2.412381 0.9809687 2.301926 0.9809687 2.301926 0.9689213 2.412945 0.9670963 2.299171 1.029888 0.8776128 1.016538 0.6020976 1.030334 0.602137 0.003571391 2.631978 0.01779222 2.907498 0.003981351 2.907454 0.0173847 2.631842 0.03160315 2.907541 0.01779222 2.907498 1.029546 1.088947 1.016092 0.8775597 1.029888 0.8776128 0.003293454 2.419247 0.01738291 2.630678 0.003569185 2.630581 0.01711058 2.418776 0.03119659 2.630775 0.01738291 2.630678 1.802172 1.090198 1.81631 0.8788563 1.815968 1.090342 0.9965773 2.41776 0.9831205 2.629233 0.9827588 2.417331 0.9827588 2.417331 0.9693072 2.629371 0.9689405 2.416902 1.802514 0.8788645 1.816756 0.6033932 1.81631 0.8789179 0.9969363 2.630491 0.9835399 2.906052 0.9831226 2.630396 0.9831226 2.630396 0.9697292 2.906137 0.9693089 2.630301 1.026956 2.68481 1.013054 2.749612 1.01316 2.684164 0.001355111 0.495415 0.01422256 0.4311289 0.01517713 0.4975446 0.01517713 0.4975446 0.02802711 0.4319278 0.02899914 0.4996742 1.02685 2.749902 1.012909 2.838841 1.013053 2.750155 4.09405e-4 0.4393726 0.01589804 0.3530185 0.01421087 0.4388905 0.01421087 0.4388905 0.02963113 0.3560819 0.02801775 0.4381329 1.799878 3.042764 1.813073 2.94015 1.813675 3.042653 0.9941604 0.2029809 0.9790745 0.304036 0.9803595 0.2030969 0.9803595 0.2030969 0.9653005 0.3022035 0.9665588 0.2033911 1.799277 2.939691 1.813124 2.841656 1.813075 2.939243 0.993022 0.2862673 0.9778655 0.3815599 0.9792234 0.2873442 0.9792234 0.2873442 0.9641265 0.3785227 0.9654181 0.2888978 1.803915 0.01422446 1.026885 0.006831586 1.808338 0.008097171 1.026885 0.006831586 1.813372 0.001715183 1.808338 0.008097171 1.850491 0.1597599 2.646404 0.1530292 2.64199 0.1597599 1.80296 0.603388 1.817237 0.3062853 1.816756 0.6034272 0.9973519 2.90673 0.9839869 3.203899 0.983541 2.906688 0.983541 2.906688 0.9701777 3.203951 0.9697301 2.906645 1.803441 0.3062713 1.817457 0.01424115 1.817238 0.3063014 0.9977967 3.204217 0.9841719 3.496289 0.9839874 3.204207 0.9839874 3.204207 0.9706162 3.496306 0.970178 3.204197 1.030816 0.3050199 1.017746 0.012946 1.031289 0.01297324 0.004428148 3.205704 0.01892715 3.497733 0.004865407 3.497755 0.01823735 3.205653 0.03248286 3.49771 0.01892715 3.497733 1.030334 0.602137 1.01702 0.3049892 1.030816 0.3050199 0.003982365 2.908217 0.01823687 3.205345 0.004427611 3.205334 0.01779305 2.908133 0.03204625 3.205355 0.01823687 3.205345 1.800976 1.827114 1.814645 1.905434 1.800847 1.907083 0.9949541 1.431779 0.9671969 1.363 0.9796796 1.355831 0.9811363 1.43225 0.9550437 1.371808 0.9671969 1.363 1.801105 1.747756 1.814773 1.826522 1.800976 1.827114 0.995239 1.494772 0.980006 1.418039 0.9937688 1.416105 0.9814597 1.494859 0.9662548 1.420586 0.980006 1.418039 1.028743 1.583794 1.014806 1.670593 1.014948 1.583438 0.00246334 1.671392 0.0160216 1.583747 0.0162065 1.672606 0.0162065 1.672606 0.02978157 1.582631 0.02994966 1.67382 1.028602 1.670325 1.014683 1.746439 1.014807 1.670004 0.002230405 1.571887 0.01565092 1.495796 0.0159955 1.572936 0.0159955 1.572936 0.02943092 1.495881 0.02976065 1.573984 1.027091 2.60125 1.013265 2.619865 1.013296 2.600377 0.00271362 0.7255036 0.01636868 0.7046259 0.0165584 0.7285799 0.0165584 0.7285799 0.03015029 0.7016007 0.03040313 0.7316562 1.027034 2.636283 1.013267 2.618354 1.027062 2.619103 0.003037154 0.6548378 0.01639431 0.6750639 0.002618074 0.6720148 0.01695483 0.6513683 0.03017067 0.6781129 0.01639431 0.6750639 1.799632 2.654755 1.813376 2.686568 1.799581 2.686066 0.9910835 0.5523857 0.9787363 0.5186873 0.9925096 0.5211074 0.9770284 0.5561192 0.964963 0.5162671 0.9787363 0.5186873 1.799632 2.654755 1.813458 2.636674 1.813426 2.655885 0.9909185 0.5955033 0.9773979 0.6163297 0.9768924 0.5916618 0.9768924 0.5916618 0.9635176 0.619944 0.9628663 0.5878204 1.801369 1.585049 1.815346 1.473889 1.815165 1.585408 0.9951971 1.684664 0.9819243 1.796238 0.9814531 1.68346 0.9814531 1.68346 0.9682137 1.796756 0.967709 1.682255 1.801549 1.473991 1.815523 1.364845 1.815345 1.474143 0.9956476 1.801612 0.982173 1.910957 0.9819349 1.801154 0.9819349 1.801154 0.9684949 1.911189 0.9682222 1.800695 1.029259 1.265858 1.015415 1.29513 1.015465 1.264347 0.006440639 2.0404 0.0176022 2.009051 0.02056467 2.044784 0.02056467 2.044784 0.03119421 2.006526 0.03468871 2.049168 1.029212 1.294785 1.015304 1.36363 1.015417 1.294154 0.003547608 1.98409 0.01619219 1.914946 0.01721698 1.986155 0.01721698 1.986155 0.02986854 1.914633 0.03088623 1.988221 0.03222805 0.01350045 0.06437557 0.008094668 0.05980992 0.01414114 0.02796888 0.00725609 0.06955587 0.00188446 0.06437557 0.008094668 2.653177 0.06500542 2.646405 0.01414644 2.653178 0.01853698 1.846077 0.01414626 1.839391 0.06500244 1.839392 0.01853984 0.9336256 0.001476526 0.9749175 0.008826732 0.9385116 0.007996737 0.9385116 0.007996737 0.970376 0.01479017 0.9428005 0.01416683 1.846077 0.1530292 1.839348 0.1021595 1.846077 0.09773433 0.02304488 3.510248 0.06445431 3.503796 0.06949555 3.510179 0.0280689 3.50385 0.06002455 3.497669 0.06445431 3.503796 0.9430744 3.496348 0.9750484 3.502433 0.9386631 3.502488 0.9386631 3.502488 0.9800917 3.508816 0.933641 3.508886 2.653133 0.1021599 2.646404 0.1530292 2.646404 0.0977348 0.1908721 0.9251276 0.2544267 0.9111174 0.1908895 0.9428858 0.1908895 0.9428858 0.2544093 0.9288757 0.1928274 0.9596663 0.2700328 0.9977846 0.2861765 0.9288757 0.2859163 0.9999124 0.3814815 0.9251279 0.317961 0.9111174 0.3179436 0.8933593 0.3814989 0.9428861 0.3179436 0.9288757 0.317961 0.9111174 0.3017999 0.9977844 0.2861765 0.9288757 0.30206 0.9267477 8.8103e-5 0.9251289 0.06364274 0.9111186 1.05492e-4 0.9428871 1.05492e-4 0.9428871 0.06362539 0.9288768 0.002043247 0.9596678 0.07924938 0.9977847 0.09539216 0.9288768 0.09513276 0.9999127 0.1906974 0.9251292 0.1271769 0.9111186 0.1271595 0.8933603 0.1907148 0.9428874 0.1271595 0.9288768 0.1271769 0.9111186 0.1110167 0.9977849 0.0953927 0.9288768 0.1112761 0.9267489 0.2861773 0.07112377 0.2700338 0.002215206 0.2859173 8.73348e-5 0.2702938 0.07325178 0.2541794 0.008044421 0.2700338 0.002215206 0.2544277 0.08888196 0.1908724 0.07487142 0.1908898 0.05711323 0.2861773 0.07112377 0.3018008 0.002215266 0.3020608 0.07325178 0.3020608 0.07325178 0.3177133 0.008013308 0.3179443 0.07112377 0.3179617 0.08888208 0.3814815 0.07487189 0.3179443 0.1066402 0.1906974 0.07487219 0.1271775 0.08888238 0.1907148 0.05711388 0.1269297 0.008013367 0.1112766 0.07325214 0.1110172 0.002215266 0.1110172 0.002215266 0.095393 0.07112413 0.0951336 8.73348e-5 8.73419e-5 0.07487177 0.06364262 0.08888232 0.06362527 0.1066406 0.06339496 0.008044421 0.07950884 0.07325208 0.06362527 0.07112407 0.0792495 0.002215206 0.0953924 0.07112413 0.07950884 0.07325208 0.05601257 0.7979825 0.03030204 0.7547994 0.05592477 0.7493396 0.05640012 1.423717 0.0413081 1.434297 0.02985733 1.370778 0.9397813 1.425491 0.9662548 1.420586 0.9676794 1.494884 0.05725795 1.580403 0.05736362 1.676242 0.02994966 1.67382 0.9407109 1.91166 0.9405087 1.799768 0.9682222 1.800695 0.05788534 2.001569 0.05792969 2.056382 0.03468871 2.049168 0.05591249 0.6838102 0.03017067 0.6781129 0.03087252 0.6478989 0.05564802 0.5129414 0.05572283 0.5676479 0.03133553 0.561248 0.05533003 0.3618146 0.05543601 0.4366284 0.02801775 0.4381329 0.05533945 0.2995193 0.02834218 0.3026881 0.02846294 0.203866 0.05598837 0.2063555 0.02843266 0.2068102 0.03014898 0.1042666 0.05771869 0.105413 0.03013348 0.1050674 0.03222805 0.01350045 0.111034 0.6898618 0.8836598 0.6887046 0.8837403 0.7422612 0.05641132 1.082732 0.02877813 1.082787 0.02849727 0.9055047 0.9392003 0.9027769 0.9390638 0.8030949 0.966238 0.8060061 0.939893 1.378625 0.9397296 1.265048 0.9673346 1.264589 0.05815345 2.129363 0.03357899 2.122156 0.03500258 2.081686 0.05842685 2.2832 0.032857 2.277045 0.03874319 2.230745 0.8858272 2.136216 0.8859387 2.210759 0.1133121 2.211915 0.05871701 2.630968 0.03119659 2.630775 0.03092759 2.418306 0.8860551 2.2886 0.8862447 2.415233 0.113618 2.41639 0.0595861 3.205376 0.03204625 3.205355 0.03160381 2.908049 0.05544072 0.4335143 0.05553758 0.5037631 0.02899914 0.4996742 0.9383785 0.3604955 0.9640619 0.3546801 0.9659237 0.4367284 0.8865661 2.629963 0.8869799 2.906516 0.1143533 2.907673 0.06002455 3.497669 0.03248286 3.49771 0.03204655 3.205602 0.05665272 1.383946 0.05667835 1.432574 0.02976453 1.433312 0.05711972 1.426813 0.05717086 1.496255 0.02942979 1.496289 0.05590194 0.6959481 0.05597716 0.7373388 0.03040313 0.7316562 0.9387623 0.6824882 0.9387076 0.6403523 0.963696 0.646502 0.05751073 1.799123 0.02979844 1.79816 0.02996069 1.683658 0.05764472 1.912981 0.02985924 1.912594 0.02980136 1.802098 1.027881 2.115089 1.800507 2.116344 1.800205 2.302303 1.801369 1.585049 1.028743 1.583794 1.028923 1.472737 1.028479 1.746502 1.801105 1.747756 1.800976 1.827114 1.801885 1.267111 1.029259 1.265858 1.029297 1.242721 1.029101 1.363624 1.801726 1.364878 1.801549 1.473991 1.026956 2.68481 1.799581 2.686066 1.799475 2.751157 1.79966 2.637542 1.027034 2.636283 1.027062 2.619103 1.028954 3.145232 1.027256 3.041486 1.799878 3.042764 1.799475 2.751157 1.799329 2.840874 1.026705 2.839612 1.801576 3.146499 1.803651 3.238357 1.03103 3.237101 1.799277 2.939691 1.799878 3.042764 1.027256 3.041486 1.027291 2.477914 1.799917 2.479168 1.799767 2.571919 1.027091 2.60125 1.799717 2.602507 1.799688 2.620359 1.799917 2.479168 1.027291 2.477914 1.027579 2.301049 1.800507 2.116344 1.027881 2.115089 1.028084 1.989683 1.801953 1.2253 1.029327 1.224048 1.029372 1.196098 1.029259 1.265858 1.801885 1.267111 1.801838 1.296038 1.802172 1.090198 1.029546 1.088947 1.029888 0.8776128 1.029327 1.224048 1.801953 1.2253 1.801923 1.243976 1.80296 0.603388 1.030334 0.602137 1.030816 0.3050199 1.029546 1.088947 1.802172 1.090199 1.801998 1.19735 1.026654 2.938409 1.026705 2.839612 1.799329 2.840874 1.799581 2.686066 1.026956 2.68481 1.027006 2.653499 1.031289 0.01297324 1.803915 0.01422446 1.803441 0.3062713 1.030334 0.602137 1.80296 0.603388 1.802514 0.8788645 1.801105 1.747756 1.028479 1.746502 1.028602 1.670325 1.02822 1.905829 1.800847 1.907083 1.80071 1.990937 1.027034 2.636283 1.79966 2.637542 1.799632 2.654755 1.800847 1.907083 1.02822 1.905829 1.02835 1.825859 1.801726 1.364878 1.029101 1.363624 1.029212 1.294785 1.028743 1.583794 1.801369 1.585049 1.801228 1.671579 8.73419e-5 0.07487177 0.06362527 0.1066406 0.06362539 0.8933604 0.8855291 0.1045724 0.1129075 0.1057179 0.1149924 0.01475191 0.8838269 0.8001747 0.8839815 0.9033579 0.1113553 0.9045149 0.8837403 0.7422612 0.8838269 0.8001747 0.1112008 0.8013315 0.05669599 1.267407 0.02909517 1.268068 0.02877801 1.082737 0.9401196 1.382624 0.9550437 1.371808 0.9671553 1.431908 0.8849903 1.576975 0.1123638 1.578131 0.1122412 1.496181 0.9405044 1.797803 0.9402931 1.679853 0.967709 1.682255 0.0571714 1.496052 0.05724751 1.576077 0.02976065 1.573984 0.884685 1.373039 0.8847297 1.402811 0.1121032 1.403968 0.8856161 1.995261 0.1129897 1.996418 0.1128653 1.913325 0.9408502 2.128042 0.940738 2.072705 0.9638584 2.080296 0.05764937 1.913998 0.057729 1.992278 0.03088623 1.988221 0.8849903 1.576975 0.8851406 1.67748 0.1125143 1.678636 0.110862 0.5748357 0.8834875 0.5736787 0.8835772 0.6336165 0.9384829 0.4321932 0.9658954 0.4305245 0.9651256 0.4982728 0.938614 0.6264289 0.9385465 0.5811598 0.9628663 0.5878204 0.9390043 0.7966604 0.9389464 0.7480175 0.9645861 0.7534007 0.110556 0.2962368 0.8831792 0.2951073 0.8831771 0.3667877 0.9389865 0.2060708 0.9407234 0.1047236 0.9683031 0.1049156 0.9384121 0.3728474 0.9384112 0.2919467 0.9654181 0.2888978 0.9385139 0.5116195 0.964963 0.5162671 0.9629734 0.5598528 0.8874255 3.2042 0.8878628 3.496432 0.1152362 3.497588 0.8831793 0.2951073 0.1105561 0.2962368 0.11119 0.2058594 0.9407088 0.1054427 0.9428005 0.01416683 0.970376 0.01479017 0.05613476 0.9040994 0.02849674 0.9036422 0.02880787 0.8074098 0.9383518 0.2986764 0.9390137 0.2040369 0.9665588 0.2033911 0.05686742 1.379948 0.03088355 1.385324 0.0290848 1.265994 0.8842483 1.081479 0.111622 1.082636 0.1113553 0.9045149 0.8847711 1.430611 0.1121448 1.431768 0.1121032 1.403968 0.9394587 1.08141 0.9392027 0.903708 0.9668422 0.9040995 0.884685 1.373039 0.1120585 1.374196 0.1118976 1.266705 0.8842483 1.081479 0.8845242 1.265548 0.1118976 1.266705 0.9404911 1.422392 0.9403987 1.371132 0.9668752 1.369375 0.8860551 2.2886 0.1134285 2.289757 0.113312 2.211915 0.9407344 2.144689 0.9651837 2.15231 0.9603487 2.191537 0.8856161 1.995261 0.8857186 2.063741 0.1130921 2.064898 0.1106532 0.4350714 0.8832779 0.4339154 0.8833871 0.5068227 0.9410368 2.281879 0.9409534 2.22159 0.9605634 2.229365 0.9414671 2.414065 0.9412997 2.294049 0.9670963 2.299171 0.05831879 2.146009 0.05838906 2.200855 0.03884464 2.192916 0.8865661 2.629963 0.1139394 2.63112 0.113618 2.41639 0.9417876 2.629646 0.9414768 2.41605 0.9689405 2.416902 0.9421958 2.906306 0.9417884 2.630112 0.9693089 2.630301 0.05839222 2.415387 0.03093481 2.414349 0.03241926 2.30057 0.8874254 3.2042 0.1147989 3.205356 0.1143533 2.907673 0.942638 3.204054 0.9421962 2.90656 0.9697301 2.906645 0.1108619 0.5748357 0.1107621 0.5079792 0.8833871 0.5068227 0.1106532 0.4350714 0.110553 0.3679369 0.8831771 0.3667877 2.646405 0.01414644 2.646405 0.06944191 1.846077 0.06944179 2.646404 0.0977348 2.646404 0.1530292 1.846077 0.1530292 0.0553174 0.3740841 0.02960675 0.3797636 0.02830988 0.2901453 0.9399369 1.494731 0.9676771 1.494477 0.9675812 1.57258 0.9430744 3.496348 0.9426383 3.204178 0.970178 3.204197 0.05913704 2.907627 0.03160315 2.907541 0.03119808 2.631705 0.8853223 1.798886 0.1126958 1.800041 0.1125143 1.678636 0.8847711 1.430611 0.8848676 1.495024 0.1122412 1.496181 0.9401028 1.579082 0.9675858 1.581228 0.9676906 1.672418 0.05589252 0.6277505 0.03097134 0.6213408 0.03152656 0.5892148 0.9388094 0.6946257 0.9645794 0.7002015 0.9644166 0.7302576 0.111034 0.6898617 0.1109516 0.6347735 0.8835772 0.6336165 0.1129075 0.1057179 0.8855291 0.1045724 0.8838123 0.2047247 0.9407094 1.912677 0.968492 1.913228 0.9676946 1.986819 0.8858272 2.136216 0.1132005 2.137372 0.1130921 2.064898 0.8853223 1.798886 0.8854917 1.912169 0.1128653 1.913325 0.9407355 2.000247 0.9674413 2.005125 0.9640743 2.047777 1.799717 2.602507 1.027091 2.60125 1.027141 2.570664 0.9397273 1.266085 0.9394586 1.081385 0.9670922 1.081332 0.0951336 8.73348e-5 0.095393 0.07112413 0.0953924 0.07112413 0.1908724 0.07487142 0.2544102 0.1066402 0.2544093 0.8933593 0.2861773 0.07112377 0.2861773 0.07112377 0.3020608 0.07588213 0.3020608 0.07588213 0.3136883 0.08888208 0.2586662 0.08888196 0.3136883 0.08888208 0.3179443 0.1066402 0.2544102 0.1066402 0.3179443 0.1066402 0.3179436 0.8933593 0.2544102 0.1066402 0.3179436 0.8933593 0.3136876 0.9111174 0.2544094 0.8933593 0.2544102 0.1066402 0.3179436 0.8933593 0.2544094 0.8933593 0.3020601 0.9241174 0.2861765 0.9288757 0.2861765 0.9288757 0.2861765 0.9288757 0.2702929 0.9241173 0.3020601 0.9241174 0.2702929 0.9241173 0.2586653 0.9111174 0.3136876 0.9111174 0.2586653 0.9111174 0.2544094 0.8933593 0.3136876 0.9111174 0.2544102 0.1066402 0.2586662 0.08888196 0.3136883 0.08888208 0.2586662 0.08888196 0.2702938 0.07588213 0.3020608 0.07588213 0.2702938 0.07588213 0.2861773 0.07112377 0.3020608 0.07588213 0.0953927 0.9288768 0.09539216 0.9288768 0.07950878 0.9241186 0.07950878 0.9241186 0.06788128 0.9111186 0.1229036 0.9111186 0.06788128 0.9111186 0.06362539 0.8933603 0.1229036 0.9111186 0.06362539 0.8933603 0.06362527 0.1066405 0.1271601 0.1066406 0.06362527 0.1066405 0.06788122 0.08888232 0.1271601 0.1066406 0.1271601 0.1066406 0.06788122 0.08888232 0.1229042 0.08888238 0.06788122 0.08888232 0.07950884 0.07588243 0.1112766 0.07588243 0.07950884 0.07588243 0.0953924 0.07112413 0.1112766 0.07588243 0.0953924 0.07112413 0.095393 0.07112413 0.1112766 0.07588243 0.1112766 0.07588243 0.1229042 0.08888238 0.06788122 0.08888232 0.1271601 0.1066406 0.1271595 0.8933604 0.06362539 0.8933603 0.1271595 0.8933604 0.1229036 0.9111186 0.06362539 0.8933603 0.1229036 0.9111186 0.1112761 0.9241185 0.07950878 0.9241186 0.2859173 8.73348e-5 0.2859173 8.73348e-5 0.2861773 0.07112377 0.2859163 0.9999124 0.2861765 0.9288757 0.2861765 0.9288757 0.1906974 0.9251292 0.1271595 0.8933603 0.1271601 0.1066406 0.3814815 0.9251279 0.3179436 0.8933593 0.3179443 0.1066402 0.09513276 0.9999127 0.09539216 0.9288768 0.0953927 0.9288768 2.646405 0.01414644 2.642087 0.007405877 2.650537 0.01008641 0.1057459 0.004083395 0.1106563 0.002265334 0.09949821 0.002282023 0.101451 0.01463353 0.09950792 0.008778452 0.1106659 0.008630573 0.101451 0.01463353 0.08740365 0.01452308 0.08753812 0.008656919 0.06437557 0.008094668 0.07555133 0.008433997 0.07335507 0.01425772 0.06955587 0.00188446 0.07800412 0.002077996 0.07555133 0.008433997 1.846077 0.01414626 1.839392 0.01853984 1.842138 0.01008892 0.9335905 0.003459334 0.9386214 0.001591026 0.9274422 0.001334726 0.9292538 0.0140174 0.9273268 0.008027017 0.9385116 0.007996737 0.9292538 0.0140174 0.9152007 0.01388984 0.9153386 0.007870078 0.8921152 0.007461965 0.9033316 0.007645785 0.9011558 0.01362746 0.8972415 0.001088142 0.9056922 0.001075506 0.9033316 0.007645785 1.846077 0.09773433 1.839348 0.1021595 1.842041 0.09370559 0.06949412 3.50833 0.06445926 3.510187 0.07565665 3.51017 0.07358127 3.497647 0.07565152 3.503587 0.06445431 3.503796 0.08764392 3.497624 0.0876528 3.503567 0.07565152 3.503587 0.1108317 3.503726 0.09964478 3.503549 0.1016937 3.497603 0.1058182 3.510126 0.09736835 3.510138 0.09964478 3.503549 2.646404 0.0977348 2.64199 0.09100663 2.65044 0.09370607 0.8973155 3.507088 0.8922952 3.508949 0.9034819 3.508932 0.9014054 3.496407 0.903472 3.502346 0.8922857 3.502557 0.9014054 3.496407 0.9154551 3.49638 0.915464 3.502324 0.9386631 3.502488 0.9274653 3.502313 0.9295178 3.496366 0.933641 3.508886 0.9251872 3.508899 0.9274653 3.502313 2.646405 0.06944191 2.653177 0.06500542 2.650536 0.0734561 0.02304983 0.002519071 0.02815085 9.36012e-4 0.01695829 6.79622e-4 0.01869088 0.01303267 0.01677292 0.007095813 0.02796888 0.00725609 0.004648864 0.01252293 0.004781842 0.006708383 0.01677292 0.007095813 1.026701 3.243181 1.015543 3.242984 1.017487 3.237131 1.021777 3.249536 1.013327 3.249522 1.015543 3.242984 1.846077 0.06944179 1.850587 0.07616043 1.842137 0.07345324 1.813277 3.248951 1.808141 3.250814 1.819356 3.250833 1.817192 3.238244 1.819367 3.244221 1.808151 3.244451 0.9979605 0.0156722 0.9980974 0.009706795 0.9927378 0.009665489 0.9749175 0.008826732 0.9861038 0.009381473 0.9839134 0.01529461 0.9800757 0.002541482 0.9885242 0.002735197 0.9861038 0.009381473 1.846077 0.1530292 1.850491 0.1597599 1.842041 0.157064 1.021869 0.002278089 1.026895 4.41533e-4 1.015709 4.23416e-4 1.017746 0.012946 1.015698 0.007001698 1.026885 0.006831586 0.004865407 3.497761 0.004874289 3.5037 0.01023435 3.503685 0.0280689 3.50385 0.01687383 3.503676 0.01892715 3.497733 0.02304488 3.510248 0.01459133 3.510261 0.01687383 3.503676 2.646404 0.1530292 2.653133 0.1486105 2.65044 0.157064 0.9800875 3.506967 0.9750627 3.508824 0.9862577 3.508807 0.9841719 3.496289 0.986243 3.502225 0.9750484 3.502433 0.9841719 3.496289 0.9982337 3.496269 0.9982426 3.50221 1.808338 0.008097171 1.819525 0.008303463 1.817457 0.01424115 1.813372 0.001715183 1.821822 0.001728892 1.819525 0.008303463 0.05597239 0.8044173 0.06979042 0.8028951 0.06994891 0.9045605 0.06979042 0.8028951 0.09740519 0.8017536 0.09755909 0.9045307 0.09740519 0.8017536 0.1112008 0.8013315 0.1113553 0.9045149 0.05592477 0.7493396 0.06972324 0.7463995 0.06981045 0.7996776 0.06972324 0.7463995 0.09731906 0.7442209 0.09740388 0.8008924 0.09731906 0.7442209 0.1111142 0.743418 0.1112008 0.8013315 0.9397296 1.265048 0.939893 1.378625 0.9260851 1.375811 0.9259225 1.265537 0.9260851 1.375811 0.8984822 1.373777 0.8983204 1.265541 0.8984822 1.373777 0.884685 1.373039 0.9403987 1.371132 0.9404911 1.422392 0.9264065 1.412581 0.926338 1.372065 0.9264065 1.412581 0.8985298 1.405425 0.8984807 1.372774 0.8985298 1.405425 0.8847297 1.402811 0.9401004 1.574756 0.9263415 1.575845 0.9261987 1.494907 0.9263415 1.575845 0.8987861 1.576668 0.8986637 1.494989 0.8987861 1.576668 0.8849903 1.576975 0.8848676 1.495024 0.9402839 1.674921 0.9265084 1.67618 0.9263427 1.578008 0.9265084 1.67618 0.8989363 1.677127 0.8987869 1.577248 0.8989363 1.677127 0.8851406 1.67748 0.8849903 1.576975 0.05717086 1.496255 0.05711972 1.426813 0.07083612 1.429311 0.07091003 1.496188 0.07083612 1.429311 0.0983476 1.431114 0.09844499 1.496187 0.0983476 1.431114 0.1121448 1.431768 0.05667835 1.432574 0.05665272 1.383946 0.07058173 1.393978 0.07061547 1.432192 0.07058173 1.393978 0.09830296 1.401295 0.09834879 1.431886 0.09830296 1.401295 0.1121032 1.403968 0.9408641 1.990956 0.9270363 1.993088 0.9268972 1.912148 0.9270363 1.993088 0.8994114 1.994675 0.899288 1.912159 0.8994114 1.994675 0.8856161 1.995261 0.8854917 1.912169 0.9408552 2.05506 0.9270831 2.05938 0.9269719 1.997734 0.9270831 2.05938 0.899513 2.062569 0.8994132 1.99592 0.899513 2.062569 0.8857186 2.063741 0.8856161 1.995261 0.05751216 1.801088 0.07130789 1.800585 0.07146 1.913428 0.07130789 1.800585 0.0988999 1.800191 0.09906917 1.913357 0.0988999 1.800191 0.1126958 1.800041 0.1128653 1.913325 0.05736911 1.681174 0.07114553 1.679925 0.07130712 1.799603 0.07114553 1.679925 0.09871864 1.678986 0.09889954 1.799928 0.09871864 1.678986 0.1125143 1.678636 0.1126958 1.800041 0.05582416 0.582482 0.06954669 0.5786795 0.06962573 0.6312826 0.06954669 0.5786795 0.09706711 0.5758697 0.09715384 0.6338422 0.09706711 0.5758697 0.110862 0.5748357 0.1109516 0.6347735 0.05572283 0.5676479 0.05564802 0.5129414 0.06940859 0.5104809 0.06949603 0.5712625 0.06940859 0.5104809 0.09696662 0.5086536 0.09706413 0.5738822 0.09696662 0.5086536 0.1107621 0.5079792 0.9387076 0.6403523 0.9387623 0.6824882 0.9250074 0.6855757 0.9249387 0.6369637 0.9250074 0.6855757 0.8974549 0.6878621 0.8973749 0.6345092 0.8974549 0.6878621 0.8836598 0.6887046 0.9388584 0.7360171 0.9250956 0.7391185 0.925031 0.6916446 0.9250956 0.7391185 0.8975353 0.7414151 0.8974574 0.6894883 0.8975353 0.7414151 0.8837403 0.7422612 0.8836598 0.6887046 0.05532312 0.2931761 0.0691424 0.294722 0.06913816 0.3710262 0.0691424 0.294722 0.09675842 0.2958415 0.09675747 0.3687754 0.09675842 0.2958415 0.110556 0.2962368 0.110553 0.3679369 0.05600351 0.204882 0.0697984 0.2053616 0.06914967 0.297869 0.0697984 0.2053616 0.09739255 0.2057691 0.09675973 0.2967172 0.09739255 0.2057691 0.11119 0.2058594 0.1105561 0.2962368 0.9384972 0.4353064 0.9246841 0.4345902 0.9245745 0.3636211 0.9246841 0.4345902 0.8970747 0.4340922 0.8969725 0.3659352 0.8970747 0.4340922 0.8832779 0.4339154 0.8831771 0.3667877 0.9385969 0.5024417 0.9247885 0.5046116 0.924677 0.4330337 0.9247885 0.5046116 0.8971828 0.5062261 0.8970742 0.4336751 0.8971828 0.5062261 0.8833871 0.5068227 0.8832779 0.4339154 2.646405 0.01414644 1.846077 0.01414626 1.850588 0.007406592 0.1057432 0.002272665 0.8972415 0.001088142 0.8921152 0.007461965 0.1106659 0.008630573 0.8921152 0.007461965 0.8876133 0.01359575 0.05772644 0.1050126 0.07151859 0.105415 0.06979238 0.2060601 0.07151859 0.105415 0.09911018 0.1057384 0.09739297 0.2060041 0.09911018 0.1057384 0.1129075 0.1057179 0.11119 0.2058593 0.05980992 0.01414114 0.07335507 0.01425772 0.07151859 0.105415 0.07335507 0.01425772 0.101451 0.01463353 0.09911018 0.1057384 0.101451 0.01463353 0.1149924 0.01475191 0.1129075 0.1057179 0.9407088 0.1054427 0.926918 0.1048781 0.9292538 0.0140174 0.926918 0.1048781 0.8993263 0.104551 0.9011558 0.01362746 0.8993263 0.104551 0.8855291 0.1045724 0.8876133 0.01359575 0.9407234 0.1047236 0.9389865 0.2060708 0.9251946 0.2054451 0.9251946 0.2054451 0.8976097 0.2048269 0.8993263 0.104551 0.8976097 0.2048269 0.8838123 0.2047247 0.8855291 0.1045724 0.05641126 1.082707 0.07022047 1.082698 0.07049942 1.266818 0.07022047 1.082698 0.09782576 1.082657 0.09810143 1.26674 0.09782576 1.082657 0.1116219 1.082636 0.1118976 1.266705 0.05613505 0.9050303 0.06994891 0.9045605 0.07022047 1.082698 0.06994891 0.9045605 0.09755909 0.9045307 0.09782576 1.082657 0.09755909 0.9045307 0.1113553 0.9045149 0.111622 1.082636 0.9389464 0.7480175 0.9390043 0.7966604 0.9252117 0.7983969 0.9251396 0.7451187 0.9252117 0.7983969 0.8976224 0.7996943 0.8975377 0.7430229 0.8976224 0.7996943 0.8838269 0.8001747 0.9390638 0.8030949 0.9392003 0.9027769 0.9253877 0.9032794 0.9252415 0.8016142 0.9253877 0.9032794 0.8977777 0.9033324 0.8976237 0.8005554 0.8977777 0.9033324 0.8839815 0.9033579 0.9392027 0.903708 0.9394587 1.08141 0.9256497 1.081417 0.9253877 0.9032794 0.9256497 1.081417 0.8980445 1.081459 0.8977777 0.9033324 0.8980445 1.081459 0.8842483 1.081479 0.9394586 1.081385 0.9397273 1.266085 0.9259225 1.265537 0.9256497 1.081417 0.9259225 1.265537 0.8983204 1.265541 0.8980445 1.081459 0.8983204 1.265541 0.8845242 1.265548 0.05633884 1.372455 0.07040256 1.373346 0.07045543 1.413863 0.07040256 1.373346 0.09826201 1.373972 0.09831094 1.406623 0.09826201 1.373972 0.1120585 1.374196 0.1121032 1.403968 0.05669081 1.26637 0.07049942 1.266818 0.07066684 1.377092 0.07049942 1.266818 0.09810143 1.26674 0.0982635 1.374976 0.09810143 1.26674 0.1118976 1.266705 0.1120585 1.374196 0.05838906 2.200855 0.05831879 2.146009 0.07196348 2.141711 0.07205444 2.206406 0.07196348 2.141711 0.09940606 2.138538 0.09951364 2.210443 0.09940606 2.138538 0.1132005 2.137372 0.05809998 2.074026 0.07179987 2.069483 0.07188081 2.133388 0.07179987 2.069483 0.09929776 2.06613 0.09940272 2.136308 0.09929776 2.06613 0.1130921 2.064898 0.1132005 2.137372 0.940738 2.072705 0.9408502 2.128042 0.9271349 2.132108 0.9270246 2.068203 0.9271349 2.132108 0.8996217 2.135111 0.8995165 2.064933 0.8996217 2.135111 0.8858272 2.136216 0.9408282 2.199534 0.9271796 2.205126 0.9270769 2.140432 0.9271796 2.205126 0.8997325 2.209245 0.899625 2.137341 0.8997325 2.209245 0.8859387 2.210759 0.8858272 2.136216 0.05820035 2.295371 0.07201832 2.292584 0.07220894 2.415909 0.07201832 2.292584 0.09963345 2.290519 0.09982162 2.416265 0.09963345 2.290519 0.1134285 2.289757 0.113618 2.41639 0.05832993 2.222911 0.07202488 2.217433 0.07213151 2.286499 0.07202488 2.217433 0.09951806 2.213398 0.09963101 2.288888 0.09951806 2.213398 0.113312 2.211915 0.1134285 2.289757 0.9409534 2.22159 0.9410368 2.281879 0.9273421 2.285219 0.9272422 2.216154 0.9273421 2.285219 0.89985 2.28769 0.899737 2.2122 0.89985 2.28769 0.8860551 2.2886 0.9412997 2.294049 0.9414671 2.414065 0.9276521 2.414628 0.9274736 2.291304 0.9276521 2.414628 0.9000406 2.415067 0.8998524 2.289321 0.9000406 2.415067 0.8862447 2.415233 0.05871778 2.631434 0.07253223 2.631181 0.07294911 2.907734 0.07253223 2.631181 0.1001432 2.63114 0.1005572 2.907693 0.1001432 2.63114 0.1139393 2.63112 0.1143533 2.907673 0.05838865 2.417372 0.07220715 2.416901 0.07253223 2.631181 0.07220715 2.416901 0.09982204 2.416531 0.1001432 2.63114 0.09982204 2.416531 0.113618 2.41639 0.1139394 2.63112 0.9414768 2.41605 0.9417876 2.629646 0.9279732 2.6299 0.9276569 2.415621 0.9279732 2.6299 0.9003622 2.629942 0.900041 2.415333 0.9003622 2.629942 0.8865661 2.629963 0.9417884 2.630112 0.9421958 2.906306 0.9283842 2.906454 0.9279732 2.6299 0.9283842 2.906454 0.9007761 2.906495 0.9003622 2.629942 0.9007761 2.906495 0.8869799 2.906516 0.05553758 0.5037631 0.05544072 0.4335143 0.0692504 0.4343134 0.0693534 0.5058918 0.0692504 0.4343134 0.09685629 0.4348723 0.09696477 0.5074239 0.09685629 0.4348723 0.1106532 0.4350714 0.05543601 0.4366284 0.05533003 0.3618146 0.06914472 0.3648962 0.06924802 0.4358705 0.06914472 0.3648962 0.09675502 0.3671261 0.09685689 0.4352895 0.09675502 0.3671261 0.110553 0.3679369 0.9390137 0.2040369 0.9383518 0.2986764 0.9245609 0.2969009 0.9252086 0.2043898 0.9245609 0.2969009 0.896977 0.2955449 0.8976094 0.2045919 0.896977 0.2955449 0.8831793 0.2951073 0.9384112 0.2919467 0.9384121 0.3728474 0.9245911 0.3698018 0.924592 0.2935115 0.9245911 0.3698018 0.8969751 0.3675845 0.8969756 0.294669 0.8969751 0.3675845 0.8831771 0.3667877 1.846077 0.09773433 1.850491 0.0910061 2.64199 0.09100663 0.1058182 3.510126 0.1108317 3.503726 0.8922857 3.502557 0.1108317 3.503726 0.1152362 3.497588 0.8878628 3.496432 0.9421962 2.90656 0.942638 3.204054 0.928828 3.204137 0.9283842 2.906454 0.928828 3.204137 0.9012215 3.204178 0.9007761 2.906495 0.9012215 3.204178 0.8874254 3.2042 0.9426383 3.204178 0.9430744 3.496348 0.9295178 3.496366 0.928828 3.204137 0.9295178 3.496366 0.9014054 3.496407 0.9014054 3.496407 0.8878628 3.496432 0.8874255 3.2042 0.05958622 3.2055 0.07339638 3.205418 0.07358127 3.497647 0.07339638 3.205418 0.1010028 3.205376 0.1016937 3.497603 0.1016937 3.497603 0.1010028 3.205376 0.1147989 3.205356 0.0591374 2.907882 0.07294911 2.907734 0.07339638 3.205418 0.07294911 2.907734 0.1005572 2.907693 0.1010028 3.205376 0.1005572 2.907693 0.1143533 2.907673 0.1147989 3.205356 0.9402394 1.431251 0.9263014 1.43091 0.9262207 1.392697 0.9263014 1.43091 0.8985674 1.430688 0.8985217 1.400097 0.8985674 1.430688 0.8847711 1.430611 0.8847296 1.402811 0.939938 1.494934 0.9261987 1.494907 0.9260723 1.42803 0.9261987 1.494907 0.8986637 1.494989 0.8985663 1.429916 0.8986637 1.494989 0.8848676 1.495024 0.8847711 1.430611 0.05736362 1.676242 0.05725795 1.580403 0.07101476 1.579288 0.07114279 1.67746 0.07101476 1.579288 0.09856808 1.578446 0.09871762 1.678325 0.09856808 1.578446 0.1123638 1.578131 0.05724751 1.576077 0.0571714 1.496052 0.07091003 1.496188 0.07100951 1.577125 0.07091003 1.496188 0.09844499 1.496187 0.09856724 1.577866 0.09844499 1.496187 0.1122412 1.496181 0.05597716 0.7373388 0.05590194 0.6959481 0.06967175 0.6929256 0.06974947 0.7403991 0.06967175 0.6929256 0.09723895 0.6906868 0.09731668 0.7426132 0.09723895 0.6906868 0.111034 0.6898618 0.05584073 0.6416746 0.0695998 0.6382448 0.06967699 0.6868567 0.0695998 0.6382448 0.09715664 0.6357077 0.09723657 0.6890606 0.09715664 0.6357077 0.1109516 0.6347735 0.111034 0.6898617 0.9386034 0.5663263 0.9248418 0.5699819 0.924747 0.5092005 0.9248418 0.5699819 0.8972824 0.5726841 0.8971846 0.5074558 0.8972824 0.5726841 0.8834875 0.5736787 0.8833871 0.5068227 0.9385465 0.5811598 0.938614 0.6264289 0.924892 0.630002 0.9248134 0.5773986 0.924892 0.630002 0.8973722 0.6326439 0.8972854 0.5746714 0.8973722 0.6326439 0.8835772 0.6336165 0.9402931 1.679853 0.9405044 1.797803 0.9267095 1.798324 0.9265131 1.678646 0.9267095 1.798324 0.8991183 1.798731 0.8989373 1.677788 0.8991183 1.798731 0.8853223 1.798886 0.9405087 1.799768 0.9407109 1.91166 0.9268972 1.912148 0.9267116 1.799306 0.9268972 1.912148 0.899288 1.912159 0.8991187 1.798995 0.899288 1.912159 0.8854917 1.912169 0.05792969 2.056382 0.05788534 2.001569 0.07164132 1.999014 0.07171469 2.060661 0.07164132 1.999014 0.09919458 1.997117 0.09929424 2.063766 0.09919458 1.997117 0.1129897 1.996418 0.057729 1.992278 0.05764937 1.913998 0.07146 1.913428 0.07156318 1.994368 0.07146 1.913428 0.09906917 1.913357 0.09919273 1.995873 0.09906917 1.913357 0.1128653 1.913325 1.027141 2.570664 1.013344 2.57106 1.013495 2.477843 0.001325428 0.8104374 0.01506668 0.8089236 0.01474541 0.9034149 0.01506668 0.8089236 0.02880787 0.8074098 0.02849674 0.9036422 1.027091 2.60125 1.013293 2.602154 1.013345 2.570324 0.0025599 0.7607107 0.01643097 0.7577551 0.01516622 0.7929642 0.01643097 0.7577551 0.03030204 0.7547994 0.02888751 0.79465 1.800507 2.116344 1.80071 1.990937 1.814505 1.991666 0.9948844 1.264236 0.9933968 1.388821 0.9796409 1.386726 0.9811102 1.264359 0.9796409 1.386726 0.9658932 1.383924 1.80071 1.990937 1.800847 1.907083 1.81464 1.908793 0.994717 1.368403 0.9805405 1.448424 0.9679304 1.441507 0.9808745 1.368446 0.9679304 1.441507 0.9556148 1.432928 1.801229 1.671579 1.815025 1.671303 1.814901 1.747739 0.9951053 1.570402 0.9813433 1.571491 0.9814569 1.49435 0.9813433 1.571491 0.9675812 1.57258 0.9676771 1.494477 1.801369 1.585049 1.815166 1.584737 1.815024 1.671891 0.9951696 1.669907 0.9814301 1.671162 0.9813491 1.582302 0.9814301 1.671162 0.9676906 1.672418 0.9675858 1.581228 1.028479 1.746502 1.02835 1.825859 1.014555 1.825223 0.001870214 1.496259 0.003104925 1.417589 0.0168733 1.419481 0.01564949 1.496305 0.0168733 1.419481 0.03063201 1.421988 1.02835 1.825859 1.02822 1.905829 1.014427 1.904135 0.001965284 1.433267 0.01701241 1.357272 0.02951669 1.364404 0.01578444 1.433696 0.02951669 1.364404 0.04169631 1.373175 1.801838 1.296038 1.815635 1.295452 1.815522 1.364929 0.9950206 1.982606 0.9813576 1.984713 0.9821693 1.9135 0.9813576 1.984713 0.9676946 1.986819 0.968492 1.913228 1.801885 1.267111 1.815684 1.265645 1.815634 1.296429 0.9922959 2.038924 0.9781851 2.043351 0.9810407 2.007609 0.9781851 2.043351 0.9640743 2.047777 0.9674413 2.005125 1.028923 1.472737 1.015127 1.472844 1.015304 1.363546 0.002378642 1.803098 0.01609003 1.802598 0.01618057 1.912403 0.01609003 1.802598 0.02980136 1.802098 0.02985924 1.912594 1.028743 1.583794 1.014946 1.584109 1.015127 1.472591 0.002479791 1.686149 0.01622021 1.684903 0.01608633 1.797683 0.01622021 1.684903 0.02996069 1.683658 0.02979844 1.79816 1.027007 2.653499 1.013208 2.654585 1.013239 2.63537 0.003496468 0.596982 0.01751154 0.5930984 0.01707977 0.6177679 0.01751154 0.5930984 0.03152656 0.5892148 0.03097134 0.6213408 1.027006 2.653499 1.026956 2.68481 1.013159 2.685267 0.003201842 0.5538648 0.001682102 0.5225908 0.01544886 0.5201293 0.01726871 0.5575564 0.01544886 0.5201293 0.02921563 0.5176677 1.79966 2.637542 1.799688 2.620359 1.813485 2.619655 0.9915513 0.6533573 0.9920217 0.670533 0.9782549 0.6736232 0.9776236 0.6499297 0.9782549 0.6736232 0.9644882 0.6767135 1.799717 2.602507 1.813515 2.601679 1.813483 2.621166 0.9920874 0.7240222 0.978252 0.72714 0.9783698 0.7031853 0.978252 0.72714 0.9644166 0.7302576 0.9645794 0.7002015 1.026654 2.938409 1.012858 2.937918 1.012907 2.840349 7.04108e-4 0.2875001 0.01450347 0.2885914 0.01586711 0.3827939 0.01450347 0.2885914 0.02830988 0.2901453 0.02960675 0.3797636 1.027256 3.041486 1.013459 3.041331 1.012856 2.938825 8.72352e-4 0.2028768 0.01466649 0.2033276 0.01454299 0.3042781 0.01466649 0.2033276 0.02846294 0.203866 0.02834218 0.3026881 1.799475 2.751157 1.813271 2.751455 1.813127 2.840148 0.9935339 0.4378846 0.9797319 0.4374443 0.9777844 0.3515729 0.9797319 0.4374443 0.9659237 0.4367284 0.9640619 0.3546801 1.799581 2.686066 1.813378 2.685464 1.813272 2.750912 0.9927553 0.4939311 0.9789405 0.496102 0.9796965 0.4296844 0.9789405 0.496102 0.9651256 0.4982728 0.9658954 0.4305245 1.803651 3.238357 1.808151 3.244451 1.026701 3.243181 1.808151 3.244451 1.813274 3.250823 1.021777 3.249536 1.850587 0.07616043 1.846077 0.06944179 2.646405 0.06944191 1.027256 3.041486 1.028954 3.145232 1.015157 3.145172 8.33229e-4 0.2068943 0.002563595 0.1035204 0.01635664 0.1038258 0.01635664 0.1038258 0.03014898 0.1042666 0.02843266 0.2068102 1.028954 3.145232 1.03103 3.237101 1.017487 3.237131 0.002547442 0.1044109 0.004648864 0.01252293 0.01869088 0.01303267 0.0163384 0.1048205 0.01869088 0.01303267 0.03222805 0.01350045 1.803651 3.238357 1.801576 3.146499 1.815373 3.146558 0.9979569 0.01582306 0.9958571 0.1072643 0.9820637 0.1068828 0.9839134 0.01529461 0.9820637 0.1068828 0.9682739 0.1063532 1.801576 3.146499 1.799878 3.042764 1.813675 3.042908 0.9958961 0.1053951 0.9940821 0.2088407 0.9802914 0.2082152 0.9821001 0.1050793 0.9802914 0.2082152 0.9665045 0.2074543 1.027579 2.301049 1.013782 2.301024 1.014084 2.115149 0.001250028 1.082769 0.01501405 1.082752 0.01532161 1.268397 0.01501405 1.082752 0.02877801 1.082737 0.02909517 1.268068 1.027291 2.477914 1.013495 2.477949 1.013782 2.301028 9.95208e-4 0.9059767 0.01474618 0.9057406 0.01501417 1.082814 0.01474618 0.9057406 0.02849727 0.9055047 0.02877813 1.082787 1.799717 2.602507 1.799767 2.571919 1.813563 2.571624 0.9923453 0.7592288 0.9935517 0.7897929 0.9798358 0.7915197 0.9784657 0.7563148 0.9798358 0.7915197 0.9661199 0.7932466 1.799767 2.571919 1.799917 2.479168 1.813714 2.479143 0.993729 0.8089513 0.9943379 0.9016999 0.9805876 0.9019685 0.9799835 0.8074787 0.9805876 0.9019685 0.9668373 0.9022371 1.799917 2.479168 1.800204 2.302303 1.814 2.302328 0.9943453 0.9044892 0.99462 1.081352 0.9808561 1.081368 0.9805938 0.9042943 0.9808561 1.081368 0.9670923 1.081382 1.800205 2.302303 1.800507 2.116344 1.814303 2.116448 0.9946199 1.081282 0.994879 1.267157 0.9811047 1.266951 0.980856 1.081306 0.9811047 1.266951 0.9673302 1.266663 1.028084 1.989683 1.014289 1.988761 1.014421 1.907494 0.002012431 1.369889 0.01585513 1.369891 0.0290181 1.442913 0.01585513 1.369891 0.02985733 1.370778 0.0413081 1.434297 1.027881 2.115089 1.014085 2.114961 1.014287 1.990367 0.001534044 1.265723 0.01530861 1.265806 0.0171445 1.388167 0.01530861 1.265806 0.0290848 1.265994 0.03088355 1.385324 1.029327 1.224048 1.029297 1.242721 1.015499 1.243375 0.00902605 2.180804 0.006651043 2.162283 0.02027171 2.157993 0.02393531 2.18686 0.02027171 2.157993 0.03389227 2.153703 1.029259 1.265858 1.015461 1.267205 1.015502 1.241743 0.006929039 2.090997 0.02096581 2.086342 0.01987588 2.118138 0.02096581 2.086342 0.03500258 2.081686 0.03357899 2.122156 1.801885 1.267111 1.801923 1.243976 1.815721 1.243042 0.99196 2.089522 0.9927855 2.112643 0.9790943 2.116702 0.9779092 2.084909 0.9790943 2.116702 0.9654033 2.120762 1.801953 1.2253 1.815752 1.223204 1.815718 1.244674 0.9901309 2.179336 0.9752398 2.185437 0.978817 2.156559 0.9752398 2.185437 0.9603487 2.191537 0.9651837 2.15231 1.029372 1.196098 1.015575 1.196873 1.01575 1.088833 0.004690945 2.306162 0.0185551 2.303366 0.01711964 2.413826 0.0185551 2.303366 0.03241926 2.30057 0.03093481 2.414349 1.029327 1.224048 1.015527 1.226117 1.015577 1.195658 0.008860051 2.242696 0.02380162 2.23672 0.01910644 2.273736 0.02380162 2.23672 0.03874319 2.230745 0.032857 2.277045 1.801953 1.2253 1.801998 1.19735 1.815795 1.196955 0.9904821 2.241227 0.9940691 2.268946 0.9803286 2.272297 0.9755228 2.235296 0.9803286 2.272297 0.9665881 2.275648 1.801998 1.19735 1.802172 1.090199 1.815968 1.090129 0.9948411 2.30468 0.9965485 2.411817 0.9827349 2.412381 0.9809687 2.301926 0.9827349 2.412381 0.9689213 2.412945 1.029888 0.8776128 1.016092 0.8776215 1.016538 0.6020976 0.003571391 2.631978 0.0173847 2.631842 0.01779222 2.907498 0.0173847 2.631842 0.03119808 2.631705 0.03160315 2.907541 1.029546 1.088947 1.015749 1.089046 1.016092 0.8775597 0.003293454 2.419247 0.01711058 2.418776 0.01738291 2.630678 0.01711058 2.418776 0.03092759 2.418306 0.03119659 2.630775 1.802172 1.090198 1.802514 0.8788646 1.81631 0.8788563 0.9965773 2.41776 0.9969338 2.629095 0.9831205 2.629233 0.9827588 2.417331 0.9831205 2.629233 0.9693072 2.629371 1.802514 0.8788645 1.80296 0.603388 1.816756 0.6033932 0.9969363 2.630491 0.9973506 2.905968 0.9835399 2.906052 0.9831226 2.630396 0.9835399 2.906052 0.9697292 2.906137 1.026956 2.68481 1.02685 2.749902 1.013054 2.749612 0.001355111 0.495415 4.21887e-4 0.4305973 0.01422256 0.4311289 0.01517713 0.4975446 0.01422256 0.4311289 0.02802711 0.4319278 1.02685 2.749902 1.026705 2.839612 1.012909 2.838841 4.09405e-4 0.4393726 0.002150297 0.3507032 0.01589804 0.3530185 0.01421087 0.4388905 0.01589804 0.3530185 0.02963113 0.3560819 1.799878 3.042764 1.799277 2.939691 1.813073 2.94015 0.9941604 0.2029809 0.9928561 0.3054767 0.9790745 0.304036 0.9803595 0.2030969 0.9790745 0.304036 0.9653005 0.3022035 1.799277 2.939691 1.799329 2.840874 1.813124 2.841656 0.993022 0.2862673 0.9916156 0.3838436 0.9778655 0.3815599 0.9792234 0.2873442 0.9778655 0.3815599 0.9641265 0.3785227 1.803915 0.01422446 1.031289 0.01297324 1.026885 0.006831586 1.026885 0.006831586 1.021872 4.33398e-4 1.813372 0.001715183 1.850491 0.1597599 1.846077 0.1530292 2.646404 0.1530292 1.80296 0.603388 1.803442 0.3062713 1.817237 0.3062853 0.9973519 2.90673 0.9977961 3.203847 0.9839869 3.203899 0.983541 2.906688 0.9839869 3.203899 0.9701777 3.203951 1.803441 0.3062713 1.803915 0.01422446 1.817457 0.01424115 0.9977967 3.204217 0.9982337 3.496269 0.9841719 3.496289 0.9839874 3.204207 0.9841719 3.496289 0.9706162 3.496306 1.030816 0.3050199 1.01702 0.3050053 1.017746 0.012946 0.004428148 3.205704 0.01823735 3.205653 0.01892715 3.497733 0.01823735 3.205653 0.03204655 3.205602 0.03248286 3.49771 1.030334 0.602137 1.016538 0.6021316 1.01702 0.3049892 0.003982365 2.908217 0.01779305 2.908133 0.01823687 3.205345 0.01779305 2.908133 0.03160381 2.908049 0.03204625 3.205355 1.800976 1.827114 1.814771 1.827964 1.814645 1.905434 0.9949541 1.431779 0.9811363 1.43225 0.9671969 1.363 0.9811363 1.43225 0.9671553 1.431908 0.9550437 1.371808 1.801105 1.747756 1.814901 1.747841 1.814773 1.826522 0.995239 1.494772 0.9814597 1.494859 0.980006 1.418039 0.9814597 1.494859 0.9676794 1.494884 0.9662548 1.420586 1.028743 1.583794 1.028603 1.670325 1.014806 1.670593 0.00246334 1.671392 0.002261698 1.584862 0.0160216 1.583747 0.0162065 1.672606 0.0160216 1.583747 0.02978157 1.582631 1.028602 1.670325 1.028479 1.746502 1.014683 1.746439 0.002230405 1.571887 0.001871109 1.495751 0.01565092 1.495796 0.0159955 1.572936 0.01565092 1.495796 0.02943092 1.495881 1.027091 2.60125 1.027062 2.619103 1.013265 2.619865 0.00271362 0.7255036 0.002587139 0.7076509 0.01636868 0.7046259 0.0165584 0.7285799 0.01636868 0.7046259 0.03015029 0.7016007 1.027034 2.636283 1.013236 2.637281 1.013267 2.618354 0.003037154 0.6548378 0.01695483 0.6513683 0.01639431 0.6750639 0.01695483 0.6513683 0.03087252 0.6478989 0.03017067 0.6781129 1.799632 2.654755 1.81343 2.653607 1.813376 2.686568 0.9910835 0.5523857 0.9770284 0.5561192 0.9787363 0.5186873 0.9770284 0.5561192 0.9629734 0.5598528 0.964963 0.5162671 1.799632 2.654755 1.79966 2.637542 1.813458 2.636674 0.9909185 0.5955033 0.9912782 0.6127153 0.9773979 0.6163297 0.9768924 0.5916618 0.9773979 0.6163297 0.9635176 0.619944 1.801369 1.585049 1.801549 1.473991 1.815346 1.473889 0.9951971 1.684664 0.9956349 1.79572 0.9819243 1.796238 0.9814531 1.68346 0.9819243 1.796238 0.9682137 1.796756 1.801549 1.473991 1.801726 1.364878 1.815523 1.364845 0.9956476 1.801612 0.9958509 1.910726 0.982173 1.910957 0.9819349 1.801154 0.982173 1.910957 0.9684949 1.911189 1.029259 1.265858 1.029212 1.294785 1.015415 1.29513 0.006440639 2.0404 0.004010081 2.011575 0.0176022 2.009051 0.02056467 2.044784 0.0176022 2.009051 0.03119421 2.006526 1.029212 1.294785 1.029101 1.363624 1.015304 1.36363 0.003547608 1.98409 0.002515733 1.915259 0.01619219 1.914946 0.01721698 1.986155 0.01619219 1.914946 0.02986854 1.914633 0.03222805 0.01350045 0.02796888 0.00725609 0.06437557 0.008094668 0.02796888 0.00725609 0.02309989 8.20309e-4 0.06955587 0.00188446 2.653177 0.06500542 2.646405 0.06944191 2.646405 0.01414644 1.846077 0.01414626 1.846077 0.06944179 1.839391 0.06500244 0.9336256 0.001476526 0.9800757 0.002541482 0.9749175 0.008826732 0.9385116 0.007996737 0.9749175 0.008826732 0.970376 0.01479017 1.846077 0.1530292 1.839348 0.1486104 1.839348 0.1021595 0.02304488 3.510248 0.0280689 3.50385 0.06445431 3.503796 0.0280689 3.50385 0.03248286 3.49771 0.06002455 3.497669 0.9430744 3.496348 0.9706162 3.496306 0.9750484 3.502433 0.9386631 3.502488 0.9750484 3.502433 0.9800917 3.508816 2.653133 0.1021599 2.653133 0.1486105 2.646404 0.1530292 0.1908721 0.9251276 0.2544093 0.8933593 0.2544267 0.9111174 0.1908895 0.9428858 0.2544267 0.9111174 0.2544093 0.9288757 0.2700328 0.9977846 0.2702929 0.9267477 0.2861765 0.9288757 0.3814815 0.9251279 0.3814989 0.9428861 0.317961 0.9111174 0.3814989 0.9428861 0.3796302 0.9597187 0.3179436 0.9288757 0.3017999 0.9977844 0.2859163 0.9999124 0.2861765 0.9288757 8.8103e-5 0.9251289 0.06362539 0.8933604 0.06364274 0.9111186 1.05492e-4 0.9428871 0.06364274 0.9111186 0.06362539 0.9288768 0.07924938 0.9977847 0.07950878 0.9267488 0.09539216 0.9288768 0.1906974 0.9251292 0.1907148 0.9428874 0.1271769 0.9111186 0.1907148 0.9428874 0.188846 0.9597199 0.1271595 0.9288768 0.1110167 0.9977849 0.0951333 0.9999127 0.0953927 0.9288768 0.2861773 0.07112377 0.2702938 0.07325178 0.2700338 0.002215206 0.2702938 0.07325178 0.2544103 0.07112377 0.2541794 0.008044421 0.2544277 0.08888196 0.2544102 0.1066402 0.1908724 0.07487142 0.2861773 0.07112377 0.2859173 8.73348e-5 0.3018008 0.002215266 0.3020608 0.07325178 0.3018008 0.002215266 0.3177133 0.008013308 0.3179617 0.08888208 0.3814989 0.05711364 0.3814815 0.07487189 0.1906974 0.07487219 0.1271601 0.1066406 0.1271775 0.08888238 0.1269297 0.008013367 0.1271601 0.07112413 0.1112766 0.07325214 0.1110172 0.002215266 0.1112766 0.07325214 0.095393 0.07112413 8.73419e-5 0.07487177 1.04699e-4 0.05711352 0.06364262 0.08888232 0.06339496 0.008044421 0.0792495 0.002215206 0.07950884 0.07325208 0.0792495 0.002215206 0.09513306 8.73348e-5 0.0953924 0.07112413 0.05601257 0.7979825 0.02888751 0.79465 0.03030204 0.7547994</float_array>
          <technique_common>
            <accessor source="#Plane-mesh-map-0-array" count="3816" stride="2">
              <param name="S" type="float"/>
              <param name="T" type="float"/>
            </accessor>
          </technique_common>
        </source>
        <vertices id="Plane-mesh-vertices">
          <input semantic="POSITION" source="#Plane-mesh-positions"/>
        </vertices>
        <triangles material="Chair-material" count="1180">
          <input semantic="VERTEX" source="#Plane-mesh-vertices" offset="0"/>
          <input semantic="NORMAL" source="#Plane-mesh-normals" offset="1"/>
          <input semantic="TEXCOORD" source="#Plane-mesh-map-0" offset="2" set="0"/>
          <p>8 0 0 525 1 1 228 2 2 272 3 3 440 4 4 145 5 5 276 6 6 313 7 7 573 8 8 161 9 9 585 10 10 456 11 11 292 12 12 321 13 13 589 14 14 280 15 15 448 16 16 153 17 17 32 18 18 489 19 19 329 20 20 113 21 21 553 22 22 408 23 23 200 24 24 337 25 25 40 26 26 40 26 27 505 27 28 208 28 29 208 28 30 345 29 31 50 30 32 281 31 33 5 32 34 1 33 35 216 34 36 368 35 37 73 36 38 76 37 39 517 38 40 373 39 41 172 40 42 376 41 43 469 42 44 232 43 45 321 13 46 24 44 47 240 45 48 384 46 49 89 47 50 237 48 51 88 49 52 233 50 53 248 51 54 392 52 55 97 53 56 245 54 57 96 55 58 241 56 59 268 57 60 400 58 61 105 59 62 256 60 63 329 20 64 553 22 65 117 61 66 501 62 67 204 63 68 253 64 69 104 65 70 249 66 71 121 67 72 565 68 73 268 57 74 8 0 75 477 69 76 305 70 77 180 71 78 444 72 79 477 69 80 280 15 81 297 73 82 577 74 83 196 75 84 452 76 85 493 77 86 188 78 87 313 7 88 16 79 89 165 80 90 485 81 91 188 78 92 381 82 93 520 83 94 512 84 95 316 85 96 484 86 97 584 87 98 445 88 99 568 89 100 476 90 101 324 91 102 528 92 103 532 93 104 461 94 105 584 87 106 484 86 107 328 95 108 500 96 109 552 97 110 453 98 111 576 99 112 492 100 113 504 101 114 340 102 115 508 103 116 500 96 117 409 104 118 552 97 119 508 103 120 346 105 121 504 101 122 556 106 123 336 107 124 496 108 125 369 109 126 516 110 127 464 111 128 296 112 129 492 100 130 576 99 131 372 113 132 512 84 133 520 83 134 377 114 135 524 115 136 468 116 137 388 117 138 536 118 139 540 119 140 320 120 141 480 121 142 588 122 143 396 123 144 544 124 145 548 125 146 385 126 147 532 93 148 528 92 149 404 127 150 564 128 151 560 129 152 393 130 153 540 119 154 536 118 155 496 108 156 413 131 157 556 106 158 332 132 159 488 133 160 580 134 161 417 135 162 560 129 163 564 128 164 401 136 165 548 125 166 544 124 167 441 137 168 572 138 169 472 139 170 304 140 171 468 116 172 524 115 173 449 141 174 580 134 175 488 133 176 308 142 177 476 90 178 568 89 179 457 143 180 588 122 181 480 121 182 312 144 183 472 139 184 572 138 185 213 148 189 49 149 190 62 150 191 221 151 192 72 152 193 169 153 194 5 32 195 169 153 196 1 33 197 85 154 198 513 155 199 216 34 200 12 156 201 569 157 202 272 3 203 177 158 204 148 159 205 144 160 206 288 161 207 317 162 208 585 10 209 149 163 210 573 8 211 444 72 212 173 164 213 9 165 214 229 166 215 185 167 216 164 168 217 160 169 218 236 170 219 325 171 220 533 172 221 165 80 222 589 14 223 460 173 224 177 158 225 17 174 226 277 175 227 193 176 228 156 177 229 152 178 230 204 63 231 333 179 232 36 180 233 157 181 234 581 182 235 452 76 236 220 183 237 301 184 238 517 38 239 201 185 240 116 186 241 112 187 242 44 188 243 509 189 244 341 190 245 117 61 246 557 191 247 412 192 248 36 180 249 581 182 250 284 193 251 265 194 252 122 195 253 269 196 254 261 197 255 41 198 256 45 199 257 212 200 258 358 201 259 509 189 260 73 36 261 465 202 262 168 203 263 260 204 264 341 190 265 557 191 266 228 2 267 380 205 268 85 154 269 225 206 270 72 152 271 77 207 272 273 208 273 9 165 274 13 209 275 224 210 276 373 39 277 521 211 278 173 164 279 84 212 280 80 213 281 225 206 282 84 212 283 217 214 284 12 156 285 469 42 286 309 215 287 245 54 288 88 49 289 93 216 290 236 170 291 389 217 292 92 218 293 185 167 294 25 219 295 293 220 296 257 221 297 37 222 298 33 223 299 244 224 300 389 217 301 541 225 302 100 226 303 541 225 304 397 227 305 232 43 306 384 46 307 529 228 308 253 64 309 96 55 310 101 229 311 252 230 312 397 227 313 549 231 314 108 232 315 549 231 316 405 233 317 97 53 318 537 234 319 240 45 320 265 194 321 104 65 322 109 235 323 264 236 324 405 233 325 561 237 326 193 176 327 37 222 328 285 238 329 257 221 330 116 186 331 205 239 332 48 240 333 356 241 334 60 242 335 132 243 336 416 244 337 120 245 338 113 21 339 497 246 340 200 24 341 145 5 342 473 247 343 176 248 344 134 249 345 561 237 346 429 250 347 105 59 348 545 251 349 248 51 350 289 252 351 17 174 352 21 253 353 273 208 354 148 159 355 181 254 356 176 248 357 317 162 358 20 255 359 153 17 360 489 19 361 192 256 362 196 75 363 301 184 364 4 257 365 281 31 366 156 177 367 197 258 368 209 259 369 45 199 370 41 198 371 161 9 372 481 260 373 184 261 374 237 48 375 25 219 376 29 262 377 289 252 378 164 168 379 189 263 380 184 261 381 325 171 382 28 264 383 300 265 384 464 111 385 516 110 386 81 266 387 521 211 388 376 41 389 48 240 417 53 291 418 52 292 419 51 293 420 56 294 421 53 291 422 54 295 423 55 296 424 49 149 425 54 295 426 59 297 427 56 294 428 57 298 429 58 299 430 50 30 431 52 292 432 59 297 433 57 298 434 53 291 435 56 294 436 59 297 437 60 242 438 65 300 439 64 301 440 63 302 441 68 303 442 65 300 443 66 304 444 67 305 445 61 306 446 66 304 447 71 307 448 68 303 449 69 308 450 70 309 451 62 150 452 64 301 453 71 307 454 69 308 455 65 300 456 68 303 457 71 307 458 120 245 459 125 310 460 124 311 461 123 312 462 128 313 463 125 310 464 126 314 465 127 315 466 121 67 467 130 316 468 128 313 469 126 314 470 129 317 471 130 316 472 122 195 473 124 311 474 131 318 475 129 317 476 125 310 477 128 313 478 131 318 479 132 243 480 137 319 481 136 320 482 135 321 483 140 322 484 137 319 485 138 323 486 139 324 487 133 325 488 138 323 489 143 326 490 140 322 491 141 327 492 142 328 493 134 249 494 136 320 495 143 326 496 141 327 497 137 319 498 140 322 499 143 326 500 344 329 501 349 330 502 348 331 503 347 332 504 352 333 505 349 330 506 350 334 507 351 335 508 345 29 509 354 336 510 352 333 511 350 334 512 353 337 513 354 336 514 346 105 515 348 331 516 355 338 517 353 337 518 349 330 519 352 333 520 355 338 521 356 241 522 361 339 523 360 340 524 359 341 525 364 342 526 361 339 527 362 343 528 363 344 529 357 345 530 366 346 531 364 342 532 362 343 533 365 347 534 366 346 535 358 201 536 360 340 537 367 348 538 365 347 539 361 339 540 364 342 541 367 348 542 416 244 543 421 349 544 420 350 545 419 351 546 424 352 547 421 349 548 422 353 549 423 354 550 417 135 551 426 355 552 424 352 553 422 353 554 425 356 555 426 355 556 418 357 557 420 350 558 427 358 559 425 356 560 421 349 561 424 352 562 427 358 563 428 359 564 433 360 565 432 361 566 431 362 567 436 363 568 433 360 569 434 364 570 435 365 571 429 250 572 434 364 573 439 366 574 436 363 575 437 367 576 438 368 577 430 369 578 432 361 579 439 366 580 437 367 581 433 360 582 436 363 583 439 366 584 168 203 585 75 370 586 73 36 587 170 371 588 74 372 589 75 370 590 171 373 591 72 152 592 74 372 593 0 374 594 170 371 595 168 203 596 2 375 597 171 373 598 170 371 599 3 376 600 169 153 601 171 373 602 81 266 603 174 377 604 83 378 605 83 378 606 175 379 607 82 380 608 82 380 609 173 164 610 80 213 611 172 40 612 14 381 613 174 377 614 174 377 615 15 382 616 175 379 617 175 379 618 13 209 619 173 164 620 176 248 621 147 383 622 145 5 623 178 384 624 146 385 625 147 383 626 179 386 627 144 160 628 146 385 629 20 255 630 178 384 631 176 248 632 22 387 633 179 386 634 178 384 635 23 388 636 177 158 637 179 386 638 149 163 639 182 389 640 151 390 641 151 390 642 183 391 643 150 392 644 150 392 645 181 254 646 148 159 647 180 71 648 10 393 649 182 389 650 182 389 651 11 394 652 183 391 653 183 391 654 9 165 655 181 254 656 184 261 657 163 395 658 161 9 659 186 396 660 162 397 661 163 395 662 187 398 663 160 169 664 162 397 665 28 264 666 186 396 667 184 261 668 30 399 669 187 398 670 186 396 671 31 400 672 185 167 673 187 398 674 188 78 675 167 401 676 165 80 677 190 402 678 166 403 679 167 401 680 191 404 681 164 168 682 166 403 683 16 79 684 190 402 685 188 78 686 18 405 687 191 404 688 190 402 689 19 406 690 189 263 691 191 404 692 192 256 693 155 407 694 153 17 695 194 408 696 154 409 697 155 407 698 195 410 699 152 178 700 154 409 701 192 256 702 34 411 703 194 408 704 194 408 705 35 412 706 195 410 707 195 410 708 33 223 709 193 176 710 157 181 711 198 413 712 159 414 713 159 414 714 199 415 715 158 416 716 158 416 717 197 258 718 156 177 719 4 257 720 198 413 721 196 75 722 6 417 723 199 415 724 198 413 725 7 418 726 197 258 727 199 415 728 200 24 729 115 419 730 113 21 731 202 420 732 114 421 733 115 419 734 203 422 735 112 187 736 114 421 737 40 26 738 202 420 739 200 24 740 42 423 741 203 422 742 202 420 743 43 424 744 201 185 745 203 422 746 204 63 747 119 425 748 117 61 749 206 426 750 118 427 751 119 425 752 207 428 753 116 186 754 118 427 755 36 180 756 206 426 757 204 63 758 38 429 759 207 428 760 206 426 761 39 430 762 205 239 763 207 428 764 48 240 765 64 301 766 51 293 767 51 293 768 69 308 769 55 296 770 55 296 771 62 150 772 49 149 773 208 28 774 42 423 775 40 26 776 210 431 777 43 424 778 42 423 779 211 432 780 41 198 781 43 424 782 50 30 783 210 431 784 208 28 785 58 299 786 211 432 787 210 431 788 54 295 789 209 259 790 211 432 791 212 200 792 66 304 793 61 306 794 214 433 795 70 309 796 66 304 797 215 434 798 62 150 799 70 309 800 212 200 801 46 435 802 214 433 803 46 435 804 215 434 805 214 433 806 47 436 807 213 148 808 215 434 809 216 34 810 87 437 811 85 154 812 218 438 813 86 439 814 87 437 815 219 440 816 84 212 817 86 439 818 73 36 819 218 438 820 216 34 821 75 370 822 219 440 823 218 438 824 74 372 825 217 214 826 219 440 827 4 257 828 222 441 829 6 417 830 6 417 831 223 442 832 7 418 833 7 418 834 221 151 835 5 32 836 220 183 837 78 443 838 222 441 839 222 441 840 79 444 841 223 442 842 223 442 843 77 207 844 221 151 845 76 37 846 226 445 847 78 443 848 78 443 849 227 446 850 79 444 851 79 444 852 225 206 853 77 207 854 224 210 855 83 378 856 226 445 857 226 445 858 82 380 859 227 446 860 227 446 861 80 213 862 225 206 863 228 2 864 10 393 865 8 0 866 230 447 867 11 394 868 10 393 869 231 448 870 9 165 871 11 394 872 85 154 873 230 447 874 228 2 875 87 437 876 231 448 877 230 447 878 86 439 879 229 166 880 231 448 881 89 47 882 234 449 883 91 450 884 91 450 885 235 451 886 90 452 887 90 452 888 233 50 889 88 49 890 24 44 891 234 449 892 232 43 893 26 453 894 235 451 895 234 449 896 27 454 897 233 50 898 235 451 899 28 264 900 238 455 901 30 399 902 30 399 903 239 456 904 31 400 905 31 400 906 237 48 907 29 262 908 92 218 909 238 455 910 236 170 911 94 457 912 239 456 913 238 455 914 95 458 915 237 48 916 239 456 917 240 45 918 99 459 919 97 53 920 242 460 921 98 461 922 99 459 923 243 462 924 96 55 925 98 461 926 89 47 927 242 460 928 240 45 929 91 450 930 243 462 931 242 460 932 90 452 933 241 56 934 243 462 935 92 218 936 246 463 937 94 457 938 94 457 939 247 464 940 95 458 941 95 458 942 245 54 943 93 216 944 244 224 945 102 465 946 246 463 947 246 463 948 103 466 949 247 464 950 247 464 951 101 229 952 245 54 953 248 51 954 107 467 955 105 59 956 250 468 957 106 469 958 107 467 959 251 470 960 104 65 961 106 469 962 97 53 963 250 468 964 248 51 965 99 459 966 251 470 967 250 468 968 98 461 969 249 66 970 251 470 971 100 226 972 254 471 973 102 465 974 102 465 975 255 472 976 103 466 977 103 466 978 253 64 979 101 229 980 252 230 981 110 473 982 254 471 983 254 471 984 111 474 985 255 472 986 255 472 987 109 235 988 253 64 989 32 18 990 258 475 991 34 411 992 34 411 993 259 476 994 35 412 995 35 412 996 257 221 997 33 223 998 256 60 999 115 419 1000 258 475 1001 258 475 1002 114 421 1003 259 476 1004 259 476 1005 112 187 1006 257 221 1007 44 188 1008 262 477 1009 46 435 1010 46 435 1011 263 478 1012 47 436 1013 47 436 1014 261 197 1015 45 199 1016 260 204 1017 119 425 1018 262 477 1019 262 477 1020 118 427 1021 263 478 1022 263 478 1023 116 186 1024 261 197 1025 120 245 1026 135 321 1027 132 243 1028 124 311 1029 139 324 1030 135 321 1031 129 317 1032 133 325 1033 139 324 1034 108 232 1035 266 479 1036 110 473 1037 110 473 1038 267 480 1039 111 474 1040 111 474 1041 265 194 1042 109 235 1043 264 236 1044 142 328 1045 266 479 1046 266 479 1047 138 323 1048 267 480 1049 138 323 1050 265 194 1051 267 480 1052 268 57 1053 126 314 1054 121 67 1055 270 481 1056 130 316 1057 126 314 1058 130 316 1059 269 196 1060 122 195 1061 105 59 1062 270 481 1063 268 57 1064 107 467 1065 271 482 1066 270 481 1067 106 469 1068 269 196 1069 271 482 1070 272 3 1071 14 381 1072 12 156 1073 274 483 1074 15 382 1075 14 381 1076 275 484 1077 13 209 1078 15 382 1079 145 5 1080 274 483 1081 272 3 1082 147 383 1083 275 484 1084 274 483 1085 146 385 1086 273 208 1087 275 484 1088 16 79 1089 278 485 1090 18 405 1091 18 405 1092 279 486 1093 19 406 1094 19 406 1095 277 175 1096 17 174 1097 276 6 1098 151 390 1099 278 485 1100 278 485 1101 150 392 1102 279 486 1103 279 486 1104 148 159 1105 277 175 1106 0 374 1107 282 487 1108 2 375 1109 2 375 1110 283 488 1111 3 376 1112 3 376 1113 281 31 1114 1 33 1115 153 17 1116 282 487 1117 280 15 1118 155 407 1119 283 488 1120 282 487 1121 154 409 1122 281 31 1123 283 488 1124 284 193 1125 38 429 1126 36 180 1127 286 489 1128 39 430 1129 38 429 1130 287 490 1131 37 222 1132 39 430 1133 284 193 1134 159 414 1135 286 489 1136 286 489 1137 158 416 1138 287 490 1139 287 490 1140 156 177 1141 285 238 1142 20 255 1143 290 491 1144 22 387 1145 22 387 1146 291 492 1147 23 388 1148 23 388 1149 289 252 1150 21 253 1151 288 161 1152 163 395 1153 290 491 1154 290 491 1155 162 397 1156 291 492 1157 291 492 1158 160 169 1159 289 252 1160 24 44 1161 294 493 1162 26 453 1163 26 453 1164 295 494 1165 27 454 1166 27 454 1167 293 220 1168 25 219 1169 292 12 1170 167 401 1171 294 493 1172 294 493 1173 166 403 1174 295 494 1175 295 494 1176 164 168 1177 293 220 1178 464 111 1179 371 495 1180 369 109 1181 466 496 1182 370 497 1183 371 495 1184 467 498 1185 368 35 1186 370 497 1187 296 112 1188 466 496 1189 464 111 1190 298 499 1191 467 498 1192 466 496 1193 299 500 1194 465 202 1195 467 498 1196 377 114 1197 470 501 1198 379 502 1199 379 502 1200 471 503 1201 378 504 1202 378 504 1203 469 42 1204 376 41 1205 468 116 1206 310 505 1207 470 501 1208 470 501 1209 311 506 1210 471 503 1211 471 503 1212 309 215 1213 469 42 1214 472 139 1215 443 507 1216 441 137 1217 474 508 1218 442 509 1219 443 507 1220 475 510 1221 440 4 1222 442 509 1223 316 85 1224 474 508 1225 472 139 1226 318 511 1227 475 510 1228 474 508 1229 319 512 1230 473 247 1231 475 510 1232 445 88 1233 478 513 1234 447 514 1235 447 514 1236 479 515 1237 446 516 1238 446 516 1239 477 69 1240 444 72 1241 476 90 1242 306 517 1243 478 513 1244 478 513 1245 307 518 1246 479 515 1247 479 515 1248 305 70 1249 477 69 1250 480 121 1251 459 519 1252 457 143 1253 482 520 1254 458 521 1255 459 519 1256 483 522 1257 456 11 1258 458 521 1259 324 91 1260 482 520 1261 480 121 1262 326 523 1263 483 522 1264 482 520 1265 327 524 1266 481 260 1267 483 522 1268 484 86 1269 463 525 1270 461 94 1271 486 526 1272 462 527 1273 463 525 1274 487 528 1275 460 173 1276 462 527 1277 312 144 1278 486 526 1279 484 86 1280 314 529 1281 487 528 1282 486 526 1283 315 530 1284 485 81 1285 487 528 1286 488 133 1287 451 531 1288 449 141 1289 490 532 1290 450 533 1291 451 531 1292 491 534 1293 448 16 1294 450 533 1295 488 133 1296 330 535 1297 490 532 1298 490 532 1299 331 536 1300 491 534 1301 491 534 1302 329 20 1303 489 19 1304 453 98 1305 494 537 1306 455 538 1307 455 538 1308 495 539 1309 454 540 1310 454 540 1311 493 77 1312 452 76 1313 300 265 1314 494 537 1315 492 100 1316 302 541 1317 495 539 1318 494 537 1319 303 542 1320 493 77 1321 495 539 1322 496 108 1323 411 543 1324 409 104 1325 498 544 1326 410 545 1327 411 543 1328 499 546 1329 408 23 1330 410 545 1331 336 107 1332 498 544 1333 496 108 1334 338 547 1335 499 546 1336 498 544 1337 339 548 1338 497 246 1339 499 546 1340 500 96 1341 415 549 1342 413 131 1343 502 550 1344 414 551 1345 415 549 1346 503 552 1347 412 192 1348 414 551 1349 332 132 1350 502 550 1351 500 96 1352 334 553 1353 503 552 1354 502 550 1355 335 554 1356 501 62 1357 503 552 1358 357 345 1359 353 337 1360 346 105 1361 363 344 1362 348 331 1363 353 337 1364 359 341 1365 344 329 1366 348 331 1367 336 107 1368 506 555 1369 338 547 1370 338 547 1371 507 556 1372 339 548 1373 507 556 1374 337 25 1375 339 548 1376 504 101 1377 354 336 1378 506 555 1379 506 555 1380 350 334 1381 507 556 1382 507 556 1383 345 29 1384 505 27 1385 357 345 1386 510 557 1387 362 343 1388 362 343 1389 511 558 1390 366 346 1391 366 346 1392 509 189 1393 358 201 1394 508 103 1395 342 559 1396 510 557 1397 510 557 1398 343 560 1399 511 558 1400 511 558 1401 341 190 1402 509 189 1403 512 84 1404 383 561 1405 381 82 1406 514 562 1407 382 563 1408 383 561 1409 515 564 1410 380 205 1411 382 563 1412 369 109 1413 514 562 1414 512 84 1415 371 495 1416 515 564 1417 514 562 1418 370 497 1419 513 155 1420 515 564 1421 300 265 1422 518 565 1423 302 541 1424 302 541 1425 519 566 1426 303 542 1427 303 542 1428 517 38 1429 301 184 1430 516 110 1431 374 567 1432 518 565 1433 518 565 1434 375 568 1435 519 566 1436 519 566 1437 373 39 1438 517 38 1439 372 113 1440 522 569 1441 374 567 1442 374 567 1443 523 570 1444 375 568 1445 375 568 1446 521 211 1447 373 39 1448 520 83 1449 379 502 1450 522 569 1451 522 569 1452 378 504 1453 523 570 1454 523 570 1455 376 41 1456 521 211 1457 524 115 1458 306 517 1459 304 140 1460 526 571 1461 307 518 1462 306 517 1463 527 572 1464 305 70 1465 307 518 1466 381 82 1467 526 571 1468 524 115 1469 383 561 1470 527 572 1471 526 571 1472 382 563 1473 525 1 1474 527 572 1475 385 126 1476 530 573 1477 387 574 1478 387 574 1479 531 575 1480 386 576 1481 386 576 1482 529 228 1483 384 46 1484 320 120 1485 530 573 1486 528 92 1487 322 577 1488 531 575 1489 530 573 1490 323 578 1491 529 228 1492 531 575 1493 324 91 1494 534 579 1495 326 523 1496 326 523 1497 535 580 1498 327 524 1499 327 524 1500 533 172 1501 325 171 1502 388 117 1503 534 579 1504 532 93 1505 390 581 1506 535 580 1507 534 579 1508 391 582 1509 533 172 1510 535 580 1511 536 118 1512 395 583 1513 393 130 1514 538 584 1515 394 585 1516 395 583 1517 539 586 1518 392 52 1519 394 585 1520 385 126 1521 538 584 1522 536 118 1523 387 574 1524 539 586 1525 538 584 1526 386 576 1527 537 234 1528 539 586 1529 388 117 1530 542 587 1531 390 581 1532 390 581 1533 543 588 1534 391 582 1535 391 582 1536 541 225 1537 389 217 1538 540 119 1539 398 589 1540 542 587 1541 542 587 1542 399 590 1543 543 588 1544 543 588 1545 397 227 1546 541 225 1547 544 124 1548 403 591 1549 401 136 1550 546 592 1551 402 593 1552 403 591 1553 547 594 1554 400 58 1555 402 593 1556 393 130 1557 546 592 1558 544 124 1559 395 583 1560 547 594 1561 546 592 1562 394 585 1563 545 251 1564 547 594 1565 396 123 1566 550 595 1567 398 589 1568 398 589 1569 551 596 1570 399 590 1571 399 590 1572 549 231 1573 397 227 1574 548 125 1575 406 597 1576 550 595 1577 550 595 1578 407 598 1579 551 596 1580 551 596 1581 405 233 1582 549 231 1583 328 95 1584 554 599 1585 330 535 1586 330 535 1587 555 600 1588 331 536 1589 331 536 1590 553 22 1591 329 20 1592 552 97 1593 411 543 1594 554 599 1595 554 599 1596 410 545 1597 555 600 1598 555 600 1599 408 23 1600 553 22 1601 340 102 1602 558 601 1603 342 559 1604 342 559 1605 559 602 1606 343 560 1607 343 560 1608 557 191 1609 341 190 1610 556 106 1611 415 549 1612 558 601 1613 558 601 1614 414 551 1615 559 602 1616 559 602 1617 412 192 1618 557 191 1619 430 369 1620 423 354 1621 437 367 1622 423 354 1623 432 361 1624 437 367 1625 419 351 1626 428 359 1627 432 361 1628 404 127 1629 562 603 1630 406 597 1631 406 597 1632 563 604 1633 407 598 1634 407 598 1635 561 237 1636 405 233 1637 560 129 1638 438 368 1639 562 603 1640 562 603 1641 434 364 1642 563 604 1643 563 604 1644 429 250 1645 561 237 1646 564 128 1647 422 353 1648 417 135 1649 566 605 1650 426 355 1651 422 353 1652 567 606 1653 418 357 1654 426 355 1655 401 136 1656 566 605 1657 564 128 1658 403 591 1659 567 606 1660 566 605 1661 402 593 1662 565 68 1663 567 606 1664 568 89 1665 310 505 1666 308 142 1667 570 607 1668 311 506 1669 310 505 1670 571 608 1671 309 215 1672 311 506 1673 441 137 1674 570 607 1675 568 89 1676 443 507 1677 571 608 1678 570 607 1679 442 509 1680 569 157 1681 571 608 1682 312 144 1683 574 609 1684 314 529 1685 314 529 1686 575 610 1687 315 530 1688 315 530 1689 573 8 1690 313 7 1691 572 138 1692 447 514 1693 574 609 1694 574 609 1695 446 516 1696 575 610 1697 575 610 1698 444 72 1699 573 8 1700 296 112 1701 578 611 1702 298 499 1703 298 499 1704 579 612 1705 299 500 1706 299 500 1707 577 74 1708 297 73 1709 449 141 1710 578 611 1711 576 99 1712 451 531 1713 579 612 1714 578 611 1715 450 533 1716 577 74 1717 579 612 1718 580 134 1719 334 553 1720 332 132 1721 582 613 1722 335 554 1723 334 553 1724 583 614 1725 333 179 1726 335 554 1727 580 134 1728 455 538 1729 582 613 1730 582 613 1731 454 540 1732 583 614 1733 583 614 1734 452 76 1735 581 182 1736 316 85 1737 586 615 1738 318 511 1739 318 511 1740 587 616 1741 319 512 1742 319 512 1743 585 10 1744 317 162 1745 584 87 1746 459 519 1747 586 615 1748 586 615 1749 458 521 1750 587 616 1751 587 616 1752 456 11 1753 585 10 1754 320 120 1755 590 617 1756 322 577 1757 322 577 1758 591 618 1759 323 578 1760 323 578 1761 589 14 1762 321 13 1763 588 122 1764 463 525 1765 590 617 1766 590 617 1767 462 527 1768 591 618 1769 591 618 1770 460 173 1771 589 14 1772 345 29 1773 57 298 1774 50 30 1775 351 335 1776 52 292 1777 57 298 1778 347 332 1779 48 240 1780 52 292 1781 60 242 1782 360 340 1783 63 302 1784 63 302 1785 365 347 1786 67 305 1787 67 305 1788 358 201 1789 61 306 1790 416 244 1791 123 312 1792 120 245 1793 420 350 1794 127 315 1795 123 312 1796 425 356 1797 121 67 1798 127 315 1799 134 249 1800 435 365 1801 141 327 1802 141 327 1803 431 362 1804 136 320 1805 136 320 1806 428 359 1807 132 243 1808 168 203 1881 297 73 1882 0 374 1883 8 0 1884 305 70 1885 525 1 1886 272 3 1887 569 157 1888 440 4 1889 276 6 1890 16 79 1891 313 7 1892 161 9 1893 288 161 1894 585 10 1895 292 12 1896 24 44 1897 321 13 1898 280 15 1899 577 74 1900 448 16 1901 32 18 1902 192 256 1903 489 19 1904 113 21 1905 256 60 1906 553 22 1907 200 24 1908 497 246 1909 337 25 1910 40 26 1911 337 25 1912 505 27 1913 208 28 1914 505 27 1915 345 29 1916 281 31 1917 197 258 1918 5 32 1919 216 34 1920 513 155 1921 368 35 1922 76 37 1923 220 183 1924 517 38 1925 172 40 1926 81 266 1927 376 41 1928 232 43 1929 529 228 1930 321 13 1931 240 45 1932 537 234 1933 384 46 1934 237 48 1935 93 216 1936 88 49 1937 248 51 1938 545 251 1939 392 52 1940 245 54 1941 101 229 1942 96 55 1943 268 57 1944 565 68 1945 400 58 1946 256 60 1947 32 18 1948 329 20 1949 117 61 1950 412 192 1951 501 62 1952 253 64 1953 109 235 1954 104 65 1955 121 67 1956 418 357 1957 565 68 1958 8 0 1959 180 71 1960 477 69 1961 180 71 1962 149 163 1963 444 72 1964 280 15 1965 0 374 1966 297 73 1967 196 75 1968 157 181 1969 452 76 1970 188 78 1971 485 81 1972 313 7 1973 165 80 1974 460 173 1975 485 81 1976 381 82 1977 377 114 1978 520 83 1979 316 85 1980 312 144 1981 484 86 1982 445 88 1983 441 137 1984 568 89 1985 324 91 1986 320 120 1987 528 92 1988 461 94 1989 457 143 1990 584 87 1991 328 95 1992 332 132 1993 500 96 1994 453 98 1995 449 141 1996 576 99 1997 504 101 1998 336 107 1999 340 102 2000 500 96 2001 413 131 2002 409 104 2003 508 103 2004 357 345 2005 346 105 2006 556 106 2007 340 102 2008 336 107 2009 369 109 2010 372 113 2011 516 110 2012 296 112 2013 300 265 2014 492 100 2015 372 113 2016 369 109 2017 512 84 2018 377 114 2019 381 82 2020 524 115 2021 388 117 2022 385 126 2023 536 118 2024 320 120 2025 324 91 2026 480 121 2027 396 123 2028 393 130 2029 544 124 2030 385 126 2031 388 117 2032 532 93 2033 404 127 2034 401 136 2035 564 128 2036 393 130 2037 396 123 2038 540 119 2039 496 108 2040 409 104 2041 413 131 2042 332 132 2043 328 95 2044 488 133 2045 417 135 2046 430 369 2047 560 129 2048 401 136 2049 404 127 2050 548 125 2051 441 137 2052 445 88 2053 572 138 2054 304 140 2055 308 142 2056 468 116 2057 449 141 2058 453 98 2059 580 134 2060 308 142 2061 304 140 2062 476 90 2063 457 143 2064 461 94 2065 588 122 2066 312 144 2067 316 85 2068 472 139 2069 213 148 2073 209 259 2074 49 149 2075 221 151 2076 77 207 2077 72 152 2078 5 32 2079 221 151 2080 169 153 2081 85 154 2082 380 205 2083 513 155 2084 12 156 2085 309 215 2086 569 157 2087 177 158 2088 277 175 2089 148 159 2090 288 161 2091 20 255 2092 317 162 2093 149 163 2094 276 6 2095 573 8 2096 173 164 2097 13 209 2098 9 165 2099 185 167 2100 293 220 2101 164 168 2102 236 170 2103 28 264 2104 325 171 2105 165 80 2106 292 12 2107 589 14 2108 177 158 2109 21 253 2110 17 174 2111 193 176 2112 285 238 2113 156 177 2114 204 63 2115 501 62 2116 333 179 2117 157 181 2118 284 193 2119 581 182 2120 220 183 2121 4 257 2122 301 184 2123 201 185 2124 261 197 2125 116 186 2126 44 188 2127 212 200 2128 509 189 2129 117 61 2130 260 204 2131 557 191 2132 36 180 2133 333 179 2134 581 182 2135 265 194 2136 133 325 2137 122 195 2138 261 197 2139 201 185 2140 41 198 2141 212 200 2142 61 306 2143 358 201 2144 73 36 2145 368 35 2146 465 202 2147 260 204 2148 44 188 2149 341 190 2150 228 2 2151 525 1 2152 380 205 2153 225 206 2154 217 214 2155 72 152 2156 273 208 2157 181 254 2158 9 165 2159 224 210 2160 76 37 2161 373 39 2162 173 164 2163 229 166 2164 84 212 2165 225 206 2166 80 213 2167 84 212 2168 12 156 2169 172 40 2170 469 42 2171 245 54 2172 241 56 2173 88 49 2174 236 170 2175 533 172 2176 389 217 2177 185 167 2178 29 262 2179 25 219 2180 257 221 2181 205 239 2182 37 222 2183 244 224 2184 92 218 2185 389 217 2186 100 226 2187 244 224 2188 541 225 2189 232 43 2190 89 47 2191 384 46 2192 253 64 2193 249 66 2194 96 55 2195 252 230 2196 100 226 2197 397 227 2198 108 232 2199 252 230 2200 549 231 2201 97 53 2202 392 52 2203 537 234 2204 265 194 2205 269 196 2206 104 65 2207 264 236 2208 108 232 2209 405 233 2210 193 176 2211 33 223 2212 37 222 2213 257 221 2214 112 187 2215 116 186 2216 48 240 2217 344 329 2218 356 241 2219 132 243 2220 428 359 2221 416 244 2222 113 21 2223 408 23 2224 497 246 2225 145 5 2226 440 4 2227 473 247 2228 134 249 2229 264 236 2230 561 237 2231 105 59 2232 400 58 2233 545 251 2234 289 252 2235 189 263 2236 17 174 2237 273 208 2238 144 160 2239 148 159 2240 176 248 2241 473 247 2242 317 162 2243 153 17 2244 448 16 2245 489 19 2246 196 75 2247 493 77 2248 301 184 2249 281 31 2250 152 178 2251 156 177 2252 209 259 2253 213 148 2254 45 199 2255 161 9 2256 456 11 2257 481 260 2258 237 48 2259 233 50 2260 25 219 2261 289 252 2262 160 169 2263 164 168 2264 184 261 2265 481 260 2266 325 171 2267 300 265 2268 296 112 2269 464 111 2270 81 266 2271 224 210 2272 521 211 2273 48 240 2373 51 293 2374 53 291 2375 51 293 2376 55 296 2377 56 294 2378 54 295 2379 56 294 2380 55 296 2381 54 295 2382 58 299 2383 59 297 2384 57 298 2385 59 297 2386 58 299 2387 52 292 2388 53 291 2389 59 297 2390 60 242 2391 63 302 2392 65 300 2393 63 302 2394 67 305 2395 68 303 2396 66 304 2397 68 303 2398 67 305 2399 66 304 2400 70 309 2401 71 307 2402 69 308 2403 71 307 2404 70 309 2405 64 301 2406 65 300 2407 71 307 2408 120 245 2409 123 312 2410 125 310 2411 123 312 2412 127 315 2413 128 313 2414 126 314 2415 128 313 2416 127 315 2417 130 316 2418 131 318 2419 128 313 2420 129 317 2421 131 318 2422 130 316 2423 124 311 2424 125 310 2425 131 318 2426 132 243 2427 135 321 2428 137 319 2429 135 321 2430 139 324 2431 140 322 2432 138 323 2433 140 322 2434 139 324 2435 138 323 2436 142 328 2437 143 326 2438 141 327 2439 143 326 2440 142 328 2441 136 320 2442 137 319 2443 143 326 2444 344 329 2445 347 332 2446 349 330 2447 347 332 2448 351 335 2449 352 333 2450 350 334 2451 352 333 2452 351 335 2453 354 336 2454 355 338 2455 352 333 2456 353 337 2457 355 338 2458 354 336 2459 348 331 2460 349 330 2461 355 338 2462 356 241 2463 359 341 2464 361 339 2465 359 341 2466 363 344 2467 364 342 2468 362 343 2469 364 342 2470 363 344 2471 366 346 2472 367 348 2473 364 342 2474 365 347 2475 367 348 2476 366 346 2477 360 340 2478 361 339 2479 367 348 2480 416 244 2481 419 351 2482 421 349 2483 419 351 2484 423 354 2485 424 352 2486 422 353 2487 424 352 2488 423 354 2489 426 355 2490 427 358 2491 424 352 2492 425 356 2493 427 358 2494 426 355 2495 420 350 2496 421 349 2497 427 358 2498 428 359 2499 431 362 2500 433 360 2501 431 362 2502 435 365 2503 436 363 2504 434 364 2505 436 363 2506 435 365 2507 434 364 2508 438 368 2509 439 366 2510 437 367 2511 439 366 2512 438 368 2513 432 361 2514 433 360 2515 439 366 2516 168 203 2517 170 371 2518 75 370 2519 170 371 2520 171 373 2521 74 372 2522 171 373 2523 169 153 2524 72 152 2525 0 374 2526 2 375 2527 170 371 2528 2 375 2529 3 376 2530 171 373 2531 3 376 2532 1 33 2533 169 153 2534 81 266 2535 172 40 2536 174 377 2537 83 378 2538 174 377 2539 175 379 2540 82 380 2541 175 379 2542 173 164 2543 172 40 2544 12 156 2545 14 381 2546 174 377 2547 14 381 2548 15 382 2549 175 379 2550 15 382 2551 13 209 2552 176 248 2553 178 384 2554 147 383 2555 178 384 2556 179 386 2557 146 385 2558 179 386 2559 177 158 2560 144 160 2561 20 255 2562 22 387 2563 178 384 2564 22 387 2565 23 388 2566 179 386 2567 23 388 2568 21 253 2569 177 158 2570 149 163 2571 180 71 2572 182 389 2573 151 390 2574 182 389 2575 183 391 2576 150 392 2577 183 391 2578 181 254 2579 180 71 2580 8 0 2581 10 393 2582 182 389 2583 10 393 2584 11 394 2585 183 391 2586 11 394 2587 9 165 2588 184 261 2589 186 396 2590 163 395 2591 186 396 2592 187 398 2593 162 397 2594 187 398 2595 185 167 2596 160 169 2597 28 264 2598 30 399 2599 186 396 2600 30 399 2601 31 400 2602 187 398 2603 31 400 2604 29 262 2605 185 167 2606 188 78 2607 190 402 2608 167 401 2609 190 402 2610 191 404 2611 166 403 2612 191 404 2613 189 263 2614 164 168 2615 16 79 2616 18 405 2617 190 402 2618 18 405 2619 19 406 2620 191 404 2621 19 406 2622 17 174 2623 189 263 2624 192 256 2625 194 408 2626 155 407 2627 194 408 2628 195 410 2629 154 409 2630 195 410 2631 193 176 2632 152 178 2633 192 256 2634 32 18 2635 34 411 2636 194 408 2637 34 411 2638 35 412 2639 195 410 2640 35 412 2641 33 223 2642 157 181 2643 196 75 2644 198 413 2645 159 414 2646 198 413 2647 199 415 2648 158 416 2649 199 415 2650 197 258 2651 4 257 2652 6 417 2653 198 413 2654 6 417 2655 7 418 2656 199 415 2657 7 418 2658 5 32 2659 197 258 2660 200 24 2661 202 420 2662 115 419 2663 202 420 2664 203 422 2665 114 421 2666 203 422 2667 201 185 2668 112 187 2669 40 26 2670 42 423 2671 202 420 2672 42 423 2673 43 424 2674 203 422 2675 43 424 2676 41 198 2677 201 185 2678 204 63 2679 206 426 2680 119 425 2681 206 426 2682 207 428 2683 118 427 2684 207 428 2685 205 239 2686 116 186 2687 36 180 2688 38 429 2689 206 426 2690 38 429 2691 39 430 2692 207 428 2693 39 430 2694 37 222 2695 205 239 2696 48 240 2697 60 242 2698 64 301 2699 51 293 2700 64 301 2701 69 308 2702 55 296 2703 69 308 2704 62 150 2705 208 28 2706 210 431 2707 42 423 2708 210 431 2709 211 432 2710 43 424 2711 211 432 2712 209 259 2713 41 198 2714 50 30 2715 58 299 2716 210 431 2717 58 299 2718 54 295 2719 211 432 2720 54 295 2721 49 149 2722 209 259 2723 212 200 2724 214 433 2725 66 304 2726 214 433 2727 215 434 2728 70 309 2729 215 434 2730 213 148 2731 62 150 2732 212 200 2733 44 188 2734 46 435 2735 46 435 2736 47 436 2737 215 434 2738 47 436 2739 45 199 2740 213 148 2741 216 34 2742 218 438 2743 87 437 2744 218 438 2745 219 440 2746 86 439 2747 219 440 2748 217 214 2749 84 212 2750 73 36 2751 75 370 2752 218 438 2753 75 370 2754 74 372 2755 219 440 2756 74 372 2757 72 152 2758 217 214 2759 4 257 2760 220 183 2761 222 441 2762 6 417 2763 222 441 2764 223 442 2765 7 418 2766 223 442 2767 221 151 2768 220 183 2769 76 37 2770 78 443 2771 222 441 2772 78 443 2773 79 444 2774 223 442 2775 79 444 2776 77 207 2777 76 37 2778 224 210 2779 226 445 2780 78 443 2781 226 445 2782 227 446 2783 79 444 2784 227 446 2785 225 206 2786 224 210 2787 81 266 2788 83 378 2789 226 445 2790 83 378 2791 82 380 2792 227 446 2793 82 380 2794 80 213 2795 228 2 2796 230 447 2797 10 393 2798 230 447 2799 231 448 2800 11 394 2801 231 448 2802 229 166 2803 9 165 2804 85 154 2805 87 437 2806 230 447 2807 87 437 2808 86 439 2809 231 448 2810 86 439 2811 84 212 2812 229 166 2813 89 47 2814 232 43 2815 234 449 2816 91 450 2817 234 449 2818 235 451 2819 90 452 2820 235 451 2821 233 50 2822 24 44 2823 26 453 2824 234 449 2825 26 453 2826 27 454 2827 235 451 2828 27 454 2829 25 219 2830 233 50 2831 28 264 2832 236 170 2833 238 455 2834 30 399 2835 238 455 2836 239 456 2837 31 400 2838 239 456 2839 237 48 2840 92 218 2841 94 457 2842 238 455 2843 94 457 2844 95 458 2845 239 456 2846 95 458 2847 93 216 2848 237 48 2849 240 45 2850 242 460 2851 99 459 2852 242 460 2853 243 462 2854 98 461 2855 243 462 2856 241 56 2857 96 55 2858 89 47 2859 91 450 2860 242 460 2861 91 450 2862 90 452 2863 243 462 2864 90 452 2865 88 49 2866 241 56 2867 92 218 2868 244 224 2869 246 463 2870 94 457 2871 246 463 2872 247 464 2873 95 458 2874 247 464 2875 245 54 2876 244 224 2877 100 226 2878 102 465 2879 246 463 2880 102 465 2881 103 466 2882 247 464 2883 103 466 2884 101 229 2885 248 51 2886 250 468 2887 107 467 2888 250 468 2889 251 470 2890 106 469 2891 251 470 2892 249 66 2893 104 65 2894 97 53 2895 99 459 2896 250 468 2897 99 459 2898 98 461 2899 251 470 2900 98 461 2901 96 55 2902 249 66 2903 100 226 2904 252 230 2905 254 471 2906 102 465 2907 254 471 2908 255 472 2909 103 466 2910 255 472 2911 253 64 2912 252 230 2913 108 232 2914 110 473 2915 254 471 2916 110 473 2917 111 474 2918 255 472 2919 111 474 2920 109 235 2921 32 18 2922 256 60 2923 258 475 2924 34 411 2925 258 475 2926 259 476 2927 35 412 2928 259 476 2929 257 221 2930 256 60 2931 113 21 2932 115 419 2933 258 475 2934 115 419 2935 114 421 2936 259 476 2937 114 421 2938 112 187 2939 44 188 2940 260 204 2941 262 477 2942 46 435 2943 262 477 2944 263 478 2945 47 436 2946 263 478 2947 261 197 2948 260 204 2949 117 61 2950 119 425 2951 262 477 2952 119 425 2953 118 427 2954 263 478 2955 118 427 2956 116 186 2957 120 245 2958 124 311 2959 135 321 2960 124 311 2961 129 317 2962 139 324 2963 129 317 2964 122 195 2965 133 325 2966 108 232 2967 264 236 2968 266 479 2969 110 473 2970 266 479 2971 267 480 2972 111 474 2973 267 480 2974 265 194 2975 264 236 2976 134 249 2977 142 328 2978 266 479 2979 142 328 2980 138 323 2981 138 323 2982 133 325 2983 265 194 2984 268 57 2985 270 481 2986 126 314 2987 270 481 2988 271 482 2989 130 316 2990 130 316 2991 271 482 2992 269 196 2993 105 59 2994 107 467 2995 270 481 2996 107 467 2997 106 469 2998 271 482 2999 106 469 3000 104 65 3001 269 196 3002 272 3 3003 274 483 3004 14 381 3005 274 483 3006 275 484 3007 15 382 3008 275 484 3009 273 208 3010 13 209 3011 145 5 3012 147 383 3013 274 483 3014 147 383 3015 146 385 3016 275 484 3017 146 385 3018 144 160 3019 273 208 3020 16 79 3021 276 6 3022 278 485 3023 18 405 3024 278 485 3025 279 486 3026 19 406 3027 279 486 3028 277 175 3029 276 6 3030 149 163 3031 151 390 3032 278 485 3033 151 390 3034 150 392 3035 279 486 3036 150 392 3037 148 159 3038 0 374 3039 280 15 3040 282 487 3041 2 375 3042 282 487 3043 283 488 3044 3 376 3045 283 488 3046 281 31 3047 153 17 3048 155 407 3049 282 487 3050 155 407 3051 154 409 3052 283 488 3053 154 409 3054 152 178 3055 281 31 3056 284 193 3057 286 489 3058 38 429 3059 286 489 3060 287 490 3061 39 430 3062 287 490 3063 285 238 3064 37 222 3065 284 193 3066 157 181 3067 159 414 3068 286 489 3069 159 414 3070 158 416 3071 287 490 3072 158 416 3073 156 177 3074 20 255 3075 288 161 3076 290 491 3077 22 387 3078 290 491 3079 291 492 3080 23 388 3081 291 492 3082 289 252 3083 288 161 3084 161 9 3085 163 395 3086 290 491 3087 163 395 3088 162 397 3089 291 492 3090 162 397 3091 160 169 3092 24 44 3093 292 12 3094 294 493 3095 26 453 3096 294 493 3097 295 494 3098 27 454 3099 295 494 3100 293 220 3101 292 12 3102 165 80 3103 167 401 3104 294 493 3105 167 401 3106 166 403 3107 295 494 3108 166 403 3109 164 168 3110 464 111 3111 466 496 3112 371 495 3113 466 496 3114 467 498 3115 370 497 3116 467 498 3117 465 202 3118 368 35 3119 296 112 3120 298 499 3121 466 496 3122 298 499 3123 299 500 3124 467 498 3125 299 500 3126 297 73 3127 465 202 3128 377 114 3129 468 116 3130 470 501 3131 379 502 3132 470 501 3133 471 503 3134 378 504 3135 471 503 3136 469 42 3137 468 116 3138 308 142 3139 310 505 3140 470 501 3141 310 505 3142 311 506 3143 471 503 3144 311 506 3145 309 215 3146 472 139 3147 474 508 3148 443 507 3149 474 508 3150 475 510 3151 442 509 3152 475 510 3153 473 247 3154 440 4 3155 316 85 3156 318 511 3157 474 508 3158 318 511 3159 319 512 3160 475 510 3161 319 512 3162 317 162 3163 473 247 3164 445 88 3165 476 90 3166 478 513 3167 447 514 3168 478 513 3169 479 515 3170 446 516 3171 479 515 3172 477 69 3173 476 90 3174 304 140 3175 306 517 3176 478 513 3177 306 517 3178 307 518 3179 479 515 3180 307 518 3181 305 70 3182 480 121 3183 482 520 3184 459 519 3185 482 520 3186 483 522 3187 458 521 3188 483 522 3189 481 260 3190 456 11 3191 324 91 3192 326 523 3193 482 520 3194 326 523 3195 327 524 3196 483 522 3197 327 524 3198 325 171 3199 481 260 3200 484 86 3201 486 526 3202 463 525 3203 486 526 3204 487 528 3205 462 527 3206 487 528 3207 485 81 3208 460 173 3209 312 144 3210 314 529 3211 486 526 3212 314 529 3213 315 530 3214 487 528 3215 315 530 3216 313 7 3217 485 81 3218 488 133 3219 490 532 3220 451 531 3221 490 532 3222 491 534 3223 450 533 3224 491 534 3225 489 19 3226 448 16 3227 488 133 3228 328 95 3229 330 535 3230 490 532 3231 330 535 3232 331 536 3233 491 534 3234 331 536 3235 329 20 3236 453 98 3237 492 100 3238 494 537 3239 455 538 3240 494 537 3241 495 539 3242 454 540 3243 495 539 3244 493 77 3245 300 265 3246 302 541 3247 494 537 3248 302 541 3249 303 542 3250 495 539 3251 303 542 3252 301 184 3253 493 77 3254 496 108 3255 498 544 3256 411 543 3257 498 544 3258 499 546 3259 410 545 3260 499 546 3261 497 246 3262 408 23 3263 336 107 3264 338 547 3265 498 544 3266 338 547 3267 339 548 3268 499 546 3269 339 548 3270 337 25 3271 497 246 3272 500 96 3273 502 550 3274 415 549 3275 502 550 3276 503 552 3277 414 551 3278 503 552 3279 501 62 3280 412 192 3281 332 132 3282 334 553 3283 502 550 3284 334 553 3285 335 554 3286 503 552 3287 335 554 3288 333 179 3289 501 62 3290 357 345 3291 363 344 3292 353 337 3293 363 344 3294 359 341 3295 348 331 3296 359 341 3297 356 241 3298 344 329 3299 336 107 3300 504 101 3301 506 555 3302 338 547 3303 506 555 3304 507 556 3305 507 556 3306 505 27 3307 337 25 3308 504 101 3309 346 105 3310 354 336 3311 506 555 3312 354 336 3313 350 334 3314 507 556 3315 350 334 3316 345 29 3317 357 345 3318 508 103 3319 510 557 3320 362 343 3321 510 557 3322 511 558 3323 366 346 3324 511 558 3325 509 189 3326 508 103 3327 340 102 3328 342 559 3329 510 557 3330 342 559 3331 343 560 3332 511 558 3333 343 560 3334 341 190 3335 512 84 3336 514 562 3337 383 561 3338 514 562 3339 515 564 3340 382 563 3341 515 564 3342 513 155 3343 380 205 3344 369 109 3345 371 495 3346 514 562 3347 371 495 3348 370 497 3349 515 564 3350 370 497 3351 368 35 3352 513 155 3353 300 265 3354 516 110 3355 518 565 3356 302 541 3357 518 565 3358 519 566 3359 303 542 3360 519 566 3361 517 38 3362 516 110 3363 372 113 3364 374 567 3365 518 565 3366 374 567 3367 375 568 3368 519 566 3369 375 568 3370 373 39 3371 372 113 3372 520 83 3373 522 569 3374 374 567 3375 522 569 3376 523 570 3377 375 568 3378 523 570 3379 521 211 3380 520 83 3381 377 114 3382 379 502 3383 522 569 3384 379 502 3385 378 504 3386 523 570 3387 378 504 3388 376 41 3389 524 115 3390 526 571 3391 306 517 3392 526 571 3393 527 572 3394 307 518 3395 527 572 3396 525 1 3397 305 70 3398 381 82 3399 383 561 3400 526 571 3401 383 561 3402 382 563 3403 527 572 3404 382 563 3405 380 205 3406 525 1 3407 385 126 3408 528 92 3409 530 573 3410 387 574 3411 530 573 3412 531 575 3413 386 576 3414 531 575 3415 529 228 3416 320 120 3417 322 577 3418 530 573 3419 322 577 3420 323 578 3421 531 575 3422 323 578 3423 321 13 3424 529 228 3425 324 91 3426 532 93 3427 534 579 3428 326 523 3429 534 579 3430 535 580 3431 327 524 3432 535 580 3433 533 172 3434 388 117 3435 390 581 3436 534 579 3437 390 581 3438 391 582 3439 535 580 3440 391 582 3441 389 217 3442 533 172 3443 536 118 3444 538 584 3445 395 583 3446 538 584 3447 539 586 3448 394 585 3449 539 586 3450 537 234 3451 392 52 3452 385 126 3453 387 574 3454 538 584 3455 387 574 3456 386 576 3457 539 586 3458 386 576 3459 384 46 3460 537 234 3461 388 117 3462 540 119 3463 542 587 3464 390 581 3465 542 587 3466 543 588 3467 391 582 3468 543 588 3469 541 225 3470 540 119 3471 396 123 3472 398 589 3473 542 587 3474 398 589 3475 399 590 3476 543 588 3477 399 590 3478 397 227 3479 544 124 3480 546 592 3481 403 591 3482 546 592 3483 547 594 3484 402 593 3485 547 594 3486 545 251 3487 400 58 3488 393 130 3489 395 583 3490 546 592 3491 395 583 3492 394 585 3493 547 594 3494 394 585 3495 392 52 3496 545 251 3497 396 123 3498 548 125 3499 550 595 3500 398 589 3501 550 595 3502 551 596 3503 399 590 3504 551 596 3505 549 231 3506 548 125 3507 404 127 3508 406 597 3509 550 595 3510 406 597 3511 407 598 3512 551 596 3513 407 598 3514 405 233 3515 328 95 3516 552 97 3517 554 599 3518 330 535 3519 554 599 3520 555 600 3521 331 536 3522 555 600 3523 553 22 3524 552 97 3525 409 104 3526 411 543 3527 554 599 3528 411 543 3529 410 545 3530 555 600 3531 410 545 3532 408 23 3533 340 102 3534 556 106 3535 558 601 3536 342 559 3537 558 601 3538 559 602 3539 343 560 3540 559 602 3541 557 191 3542 556 106 3543 413 131 3544 415 549 3545 558 601 3546 415 549 3547 414 551 3548 559 602 3549 414 551 3550 412 192 3551 430 369 3552 417 135 3553 423 354 3554 423 354 3555 419 351 3556 432 361 3557 419 351 3558 416 244 3559 428 359 3560 404 127 3561 560 129 3562 562 603 3563 406 597 3564 562 603 3565 563 604 3566 407 598 3567 563 604 3568 561 237 3569 560 129 3570 430 369 3571 438 368 3572 562 603 3573 438 368 3574 434 364 3575 563 604 3576 434 364 3577 429 250 3578 564 128 3579 566 605 3580 422 353 3581 566 605 3582 567 606 3583 426 355 3584 567 606 3585 565 68 3586 418 357 3587 401 136 3588 403 591 3589 566 605 3590 403 591 3591 402 593 3592 567 606 3593 402 593 3594 400 58 3595 565 68 3596 568 89 3597 570 607 3598 310 505 3599 570 607 3600 571 608 3601 311 506 3602 571 608 3603 569 157 3604 309 215 3605 441 137 3606 443 507 3607 570 607 3608 443 507 3609 442 509 3610 571 608 3611 442 509 3612 440 4 3613 569 157 3614 312 144 3615 572 138 3616 574 609 3617 314 529 3618 574 609 3619 575 610 3620 315 530 3621 575 610 3622 573 8 3623 572 138 3624 445 88 3625 447 514 3626 574 609 3627 447 514 3628 446 516 3629 575 610 3630 446 516 3631 444 72 3632 296 112 3633 576 99 3634 578 611 3635 298 499 3636 578 611 3637 579 612 3638 299 500 3639 579 612 3640 577 74 3641 449 141 3642 451 531 3643 578 611 3644 451 531 3645 450 533 3646 579 612 3647 450 533 3648 448 16 3649 577 74 3650 580 134 3651 582 613 3652 334 553 3653 582 613 3654 583 614 3655 335 554 3656 583 614 3657 581 182 3658 333 179 3659 580 134 3660 453 98 3661 455 538 3662 582 613 3663 455 538 3664 454 540 3665 583 614 3666 454 540 3667 452 76 3668 316 85 3669 584 87 3670 586 615 3671 318 511 3672 586 615 3673 587 616 3674 319 512 3675 587 616 3676 585 10 3677 584 87 3678 457 143 3679 459 519 3680 586 615 3681 459 519 3682 458 521 3683 587 616 3684 458 521 3685 456 11 3686 320 120 3687 588 122 3688 590 617 3689 322 577 3690 590 617 3691 591 618 3692 323 578 3693 591 618 3694 589 14 3695 588 122 3696 461 94 3697 463 525 3698 590 617 3699 463 525 3700 462 527 3701 591 618 3702 462 527 3703 460 173 3704 345 29 3705 351 335 3706 57 298 3707 351 335 3708 347 332 3709 52 292 3710 347 332 3711 344 329 3712 48 240 3713 60 242 3714 356 241 3715 360 340 3716 63 302 3717 360 340 3718 365 347 3719 67 305 3720 365 347 3721 358 201 3722 416 244 3723 420 350 3724 123 312 3725 420 350 3726 425 356 3727 127 315 3728 425 356 3729 418 357 3730 121 67 3731 134 249 3732 429 250 3733 435 365 3734 141 327 3735 435 365 3736 431 362 3737 136 320 3738 431 362 3739 428 359 3740 168 203 3813 465 202 3814 297 73 3815</p>
        </triangles>
        <triangles material="Table_Edge-material" count="92">
          <input semantic="VERTEX" source="#Plane-mesh-vertices" offset="0"/>
          <input semantic="NORMAL" source="#Plane-mesh-normals" offset="1"/>
          <input semantic="TEXCOORD" source="#Plane-mesh-map-0" offset="2" set="0"/>
          <p>597 145 186 629 146 187 592 147 188 601 267 390 625 268 391 596 269 392 621 270 393 649 271 394 616 272 395 634 273 396 635 274 397 650 275 398 647 276 399 645 277 400 630 275 401 620 278 402 636 279 403 653 280 404 617 281 405 633 282 406 612 283 407 605 284 408 641 285 409 600 286 410 613 287 411 637 285 412 608 288 413 593 289 414 645 277 415 604 290 416 616 272 1809 651 619 1810 618 620 1811 618 620 1812 650 275 1813 619 621 1814 619 621 1815 648 622 1816 617 281 1817 613 287 1818 634 273 1819 632 623 1820 615 624 1821 635 274 1822 634 273 1823 614 625 1824 633 282 1825 635 274 1826 592 147 1827 631 619 1828 594 626 1829 594 626 1830 630 275 1831 595 621 1832 595 621 1833 628 627 1834 593 289 1835 605 284 1836 646 273 1837 644 623 1838 607 624 1839 647 276 1840 646 273 1841 606 625 1842 645 277 1843 647 276 1844 653 280 1845 622 628 1846 620 278 1847 655 629 1848 623 630 1849 622 628 1850 654 631 1851 621 270 1852 623 630 1853 636 279 1854 611 632 1855 638 633 1856 638 633 1857 610 634 1858 639 635 1859 639 635 1860 608 288 1861 637 285 1862 600 286 1863 643 635 1864 602 634 1865 602 634 1866 642 636 1867 603 632 1868 603 632 1869 640 637 1870 601 267 1871 597 145 1872 626 631 1873 624 638 1874 599 639 1875 627 629 1876 626 631 1877 598 628 1878 625 268 1879 627 629 1880 597 145 2070 624 638 2071 629 146 2072 601 267 2274 640 637 2275 625 268 2276 621 270 2277 652 640 2278 649 271 2279 653 280 2280 636 279 2281 638 633 2282 638 633 2283 639 635 2284 654 631 2285 639 635 2286 637 285 2287 652 640 2288 637 285 2289 632 623 2290 652 640 2291 632 623 2292 634 273 2293 649 271 2294 652 640 2295 632 623 2296 649 271 2297 635 274 2298 633 282 2299 648 622 2300 648 622 2301 650 275 2302 635 274 2303 650 275 2304 651 619 2305 634 273 2306 651 619 2307 649 271 2308 634 273 2309 652 640 2310 654 631 2311 639 635 2312 654 631 2313 655 629 2314 638 633 2315 655 629 2316 653 280 2317 638 633 2318 645 277 2319 628 627 2320 630 275 2321 630 275 2322 631 619 2323 646 273 2324 631 619 2325 629 146 2326 646 273 2327 629 146 2328 624 638 2329 641 285 2330 624 638 2331 626 631 2332 641 285 2333 641 285 2334 626 631 2335 643 635 2336 626 631 2337 627 629 2338 642 636 2339 627 629 2340 625 268 2341 642 636 2342 625 268 2343 640 637 2344 642 636 2345 642 636 2346 643 635 2347 626 631 2348 641 285 2349 644 623 2350 629 146 2351 644 623 2352 646 273 2353 629 146 2354 646 273 2355 647 276 2356 630 275 2357 620 278 2358 609 641 2359 636 279 2360 617 281 2361 648 622 2362 633 282 2363 605 284 2364 644 623 2365 641 285 2366 613 287 2367 632 623 2368 637 285 2369 593 289 2370 628 627 2371 645 277 2372 616 272 3741 649 271 3742 651 619 3743 618 620 3744 651 619 3745 650 275 3746 619 621 3747 650 275 3748 648 622 3749 613 287 3750 615 624 3751 634 273 3752 615 624 3753 614 625 3754 635 274 3755 614 625 3756 612 283 3757 633 282 3758 592 147 3759 629 146 3760 631 619 3761 594 626 3762 631 619 3763 630 275 3764 595 621 3765 630 275 3766 628 627 3767 605 284 3768 607 624 3769 646 273 3770 607 624 3771 606 625 3772 647 276 3773 606 625 3774 604 290 3775 645 277 3776 653 280 3777 655 629 3778 622 628 3779 655 629 3780 654 631 3781 623 630 3782 654 631 3783 652 640 3784 621 270 3785 636 279 3786 609 641 3787 611 632 3788 638 633 3789 611 632 3790 610 634 3791 639 635 3792 610 634 3793 608 288 3794 600 286 3795 641 285 3796 643 635 3797 602 634 3798 643 635 3799 642 636 3800 603 632 3801 642 636 3802 640 637 3803 597 145 3804 599 639 3805 626 631 3806 599 639 3807 598 628 3808 627 629 3809 598 628 3810 596 269 3811 625 268 3812</p>
        </triangles>
      </mesh>
    </geometry>
    <geometry id="Cube-mesh" name="Cube">
      <mesh>
        <source id="Cube-mesh-positions">
          <float_array id="Cube-mesh-positions-array" count="480">-0.09999996 -0.5 0.06 -0.5 -0.09999996 0.06 -0.1945415 -0.4970407 0.06 -0.2876332 -0.4802839 0.06 -0.3733001 -0.4401838 0.06 -0.4401838 -0.3733001 0.06 -0.4802839 -0.2876332 0.06 -0.4970407 -0.1945415 0.06 -0.5 -0.09999996 0.5 -0.09999996 -0.5 0.5 -0.4970407 -0.1945415 0.5 -0.4802839 -0.2876332 0.5 -0.4401838 -0.3733001 0.5 -0.3733001 -0.4401838 0.5 -0.2876332 -0.4802839 0.5 -0.1945415 -0.4970407 0.5 -0.5 0.09999996 0.06 -0.09999996 0.5 0.06 -0.4970407 0.1945415 0.06 -0.4802839 0.2876332 0.06 -0.4401838 0.3733001 0.06 -0.3733001 0.4401838 0.06 -0.2876332 0.4802839 0.06 -0.1945415 0.4970407 0.06 -0.09999996 0.5 0.5 -0.5 0.09999996 0.5 -0.1945415 0.4970407 0.5 -0.2876332 0.4802839 0.5 -0.3733001 0.4401838 0.5 -0.4401838 0.3733001 0.5 -0.4802839 0.2876332 0.5 -0.4970407 0.1945415 0.5 0.5 -0.09999996 0.06 0.09999996 -0.5 0.06 0.4970407 -0.1945415 0.06 0.4802839 -0.2876332 0.06 0.4401838 -0.3733001 0.06 0.3733001 -0.4401838 0.06 0.2876332 -0.4802839 0.06 0.1945415 -0.4970407 0.06 0.09999996 -0.5 0.5 0.5 -0.09999996 0.5 0.1945415 -0.4970407 0.5 0.2876332 -0.4802839 0.5 0.3733001 -0.4401838 0.5 0.4401838 -0.3733001 0.5 0.4802839 -0.2876332 0.5 0.4970407 -0.1945415 0.5 0.09999996 0.5 0.06 0.5 0.09999996 0.06 0.1945415 0.4970407 0.06 0.2876332 0.4802839 0.06 0.3733001 0.4401838 0.06 0.4401838 0.3733001 0.06 0.4802839 0.2876332 0.06 0.4970407 0.1945415 0.06 0.5 0.09999996 0.5 0.09999996 0.5 0.5 0.4970407 0.1945415 0.5 0.4802839 0.2876332 0.5 0.4401838 0.3733001 0.5 0.3733001 0.4401838 0.5 0.2876332 0.4802839 0.5 0.1945415 0.4970407 0.5 -0.48 0.09968703 0.06 -0.4770965 0.1924458 0.06 -0.461063 0.2815197 0.06 -0.4235587 0.3616409 0.06 -0.3616409 0.4235587 0.06 -0.2815197 0.461063 0.06 -0.1924458 0.4770965 0.06 -0.09968703 0.48 0.06 0.09968703 0.48 0.06 0.1924458 0.4770965 0.06 0.2815197 0.461063 0.06 0.3616409 0.4235587 0.06 0.4235587 0.3616409 0.06 0.461063 0.2815197 0.06 0.4770965 0.1924458 0.06 0.48 0.09968703 0.06 0.48 -0.09968703 0.06 0.4770965 -0.1924458 0.06 0.461063 -0.2815197 0.06 0.4235587 -0.3616409 0.06 0.3616409 -0.4235587 0.06 0.2815197 -0.461063 0.06 0.1924458 -0.4770965 0.06 0.09968703 -0.48 0.06 -0.09968703 -0.48 0.06 -0.1924458 -0.4770965 0.06 -0.2815197 -0.461063 0.06 -0.3616409 -0.4235587 0.06 -0.4235587 -0.3616409 0.06 -0.461063 -0.2815197 0.06 -0.4770965 -0.1924458 0.06 -0.48 -0.09968703 0.06 -0.4773131 0.1983638 9.51646e-4 -0.4802165 0.105605 9.51646e-4 -0.4802165 -0.09376907 9.51646e-4 -0.4612795 0.2874376 9.51646e-4 -0.4237752 0.3675589 9.51646e-4 -0.3618575 0.4294767 9.51646e-4 -0.2817361 0.4669809 9.51646e-4 -0.1926623 0.4830145 9.51646e-4 -0.09990352 0.4859179 9.51646e-4 0.09947049 0.4859179 9.51646e-4 0.1922293 0.4830145 9.51646e-4 0.2813031 0.4669809 9.51646e-4 0.3614245 0.4294767 9.51646e-4 0.4233422 0.3675589 9.51646e-4 0.4608464 0.2874376 9.51646e-4 0.47688 0.1983638 9.51646e-4 0.4797835 0.105605 9.51646e-4 0.4797835 -0.09376907 9.51646e-4 0.47688 -0.1865279 9.51646e-4 0.4608464 -0.2756017 9.51646e-4 0.4233422 -0.355723 9.51646e-4 0.3614245 -0.4176408 9.51646e-4 0.2813031 -0.455145 9.51646e-4 0.1922293 -0.4711785 9.51646e-4 0.09947049 -0.474082 9.51646e-4 -0.09990352 -0.474082 9.51646e-4 -0.1926623 -0.4711785 9.51646e-4 -0.2817361 -0.455145 9.51646e-4 -0.3618575 -0.4176408 9.51646e-4 -0.4237752 -0.355723 9.51646e-4 -0.4612795 -0.2756017 9.51646e-4 -0.4773131 -0.1865279 9.51646e-4 0.49 0.0998435 0.5 0.4870686 0.1934936 0.5 0.4706735 0.2845764 0.5 0.4318712 0.3674705 0.5 0.3674705 0.4318712 0.5 0.2845764 0.4706735 0.5 0.1934936 0.4870686 0.5 0.0998435 0.49 0.5 -0.0998435 0.49 0.5 -0.1934936 0.4870686 0.5 -0.2845764 0.4706735 0.5 -0.3674705 0.4318712 0.5 -0.4318712 0.3674705 0.5 -0.4706735 0.2845764 0.5 -0.4870686 0.1934936 0.5 -0.49 0.0998435 0.5 -0.49 -0.0998435 0.5 -0.4870686 -0.1934936 0.5 -0.4706735 -0.2845764 0.5 -0.4318712 -0.3674705 0.5 -0.3674705 -0.4318712 0.5 -0.2845764 -0.4706735 0.5 -0.1934936 -0.4870686 0.5 -0.0998435 -0.49 0.5 0.0998435 -0.49 0.5 0.1934936 -0.4870686 0.5 0.2845764 -0.4706735 0.5 0.3674705 -0.4318712 0.5 0.4318712 -0.3674705 0.5 0.4706735 -0.2845764 0.5 0.4870686 -0.1934936 0.5 0.49 -0.0998435 0.5</float_array>
          <technique_common>
            <accessor source="#Cube-mesh-positions-array" count="160" stride="3">
              <param name="X" type="float"/>
              <param name="Y" type="float"/>
              <param name="Z" type="float"/>
            </accessor>
          </technique_common>
        </source>
        <source id="Cube-mesh-normals">
          <float_array id="Cube-mesh-normals-array" count="534">0.0156449 -0.9998777 0 -0.0156449 -0.9998777 0 0.0156449 -0.9998776 0 0.9998777 0.01564466 0 0.9998777 -0.01564466 0 0.9998776 0.01564496 0 0 0 1 -0.9998777 -0.01564466 0 -0.9998777 0.01564466 0 -0.9998776 -0.01564496 0 -0.0156449 0.9998777 0 0.0156449 0.9998777 0 -0.0156449 0.9998776 0 -0.0156449 -0.9998776 0 -0.1045023 -0.9945247 0 -0.1045023 -0.9945247 0 -0.303103 -0.9529579 0 -0.3031028 -0.9529579 0 -0.5741768 -0.8187314 0 -0.5741767 -0.8187315 0 -0.8187314 -0.5741769 0 -0.8187316 -0.5741766 0 -0.9529579 -0.3031029 0 -0.9529579 -0.3031029 0 -0.9945247 -0.1045024 0 -0.9945247 -0.1045024 0 -0.1045023 0.9945247 0 -0.1045023 0.9945247 0 -0.303103 0.9529579 0 -0.3031028 0.9529579 0 -0.5741768 0.8187314 0 -0.5741767 0.8187315 0 -0.8187314 0.5741769 0 -0.8187316 0.5741766 0 -0.9529579 0.3031029 0 -0.9529579 0.3031029 0 -0.9945247 0.1045024 0 -0.9945247 0.1045024 0 -0.9998776 0.01564496 0 0.9945247 0.1045024 0 0.9945247 0.1045024 0 0.9529579 0.3031029 0 0.9529579 0.3031029 0 0.8187316 0.5741766 0 0.8187314 0.5741769 0 0.5741767 0.8187315 0 0.5741768 0.8187314 0 0.3031028 0.9529579 0 0.303103 0.9529579 0 0.1045023 0.9945247 0 0.1045023 0.9945247 0 0.0156449 0.9998776 0 0.1045023 -0.9945247 0 0.1045023 -0.9945247 0 0.303103 -0.9529579 0 0.3031028 -0.9529579 0 0.5741768 -0.8187314 0 0.5741767 -0.8187315 0 0.8187314 -0.5741769 0 0.8187316 -0.5741766 0 0.9529579 -0.3031029 0 0.9529579 -0.3031029 0 0.9945247 -0.1045024 0 0.9945247 -0.1045024 0 0.9998776 -0.01564496 0 0.9939261 -0.1090798 -0.01457667 0.9547649 -0.2955123 -0.03311806 0.9949044 -0.09989279 -0.01365947 0 0 -1 0 0 -1 0 0 -1 0 0 -1 0 0 -1 0 0 -1 2.15653e-7 0 -1 0 0 -1 2.46153e-7 0 -1 0 0 -1 0 0 -1 0 0 -1 0 0 -1 0 0 -1 0 0 -1 0 0 -1 0 0 -1 -1.23076e-7 0 -1 0 0 -1 0 0 -1 0 0 -1 0 0 -1 0 0 -1 0 0 -1 0 0 -1 0 0 -1 0 0 -1 0 0 -1 -2.15653e-7 0 -1 0 0 -1 -2.46153e-7 0 -1 0 0 -1 0 0 -1 0 0 -1 0 0 -1 1.23076e-7 0 -1 0 0 -1 0 0 -1 0 0 -1 0 0 -1 0 0 -1 -0.3038153 0.9478707 0.09611195 -0.5673174 0.8191854 0.08418059 -0.577103 0.8123878 0.08353537 0.9500205 -0.3102667 -0.03457921 0.8223115 -0.5658941 -0.05973076 -0.1042991 0.9895504 0.09955751 -0.2996277 0.9491909 0.09622895 0.8121944 -0.580176 -0.0611245 0.577103 -0.8123878 -0.08353549 -0.01558744 0.9948888 0.09976726 -0.1036713 0.989616 0.09956163 0.5673174 -0.8191854 -0.08418053 0.3038154 -0.9478706 -0.09611195 -0.01554608 0.9948894 0.09976732 0.01551544 0.9949012 0.09965395 0.2996277 -0.9491909 -0.09622889 0.1042991 -0.9895504 -0.09955757 0.01561862 0.9948997 0.0996536 0.103346 0.9897251 0.09881287 0.01558744 -0.9948888 -0.09976762 0.1036713 -0.989616 -0.09956163 0.1046446 0.9895904 0.09879535 0.2991509 0.9495577 0.09407001 -0.01551544 -0.9949012 -0.09965431 0.01554608 -0.9948894 -0.09976768 0.3044296 0.9478968 0.09388476 0.5669732 0.8198339 0.08008658 -0.103346 -0.9897251 -0.09881311 -0.01561862 -0.9948996 -0.09965389 0.5778426 0.8122875 0.07929074 0.8122029 0.5807552 0.05522656 -0.299151 -0.9495576 -0.09407007 -0.1046446 -0.9895903 -0.09879547 0.8228539 0.565712 0.0536803 0.9501672 0.3105134 0.02763646 -0.9949045 0.09989291 0.01365953 -0.9998474 0.01663863 0.005333662 -0.9998796 0.01465058 0.005134582 -0.5669733 -0.8198339 -0.08008599 -0.3044295 -0.9478968 -0.0938847 0.9550157 0.2954046 0.02610468 0.9940012 0.1091263 0.007292151 -0.9998903 -0.01464968 0.00219804 -0.9998596 -0.01664006 0.001998484 -0.8122029 -0.5807552 -0.05522644 -0.5778426 -0.8122876 -0.07929021 0.9949805 0.09986674 0.00636053 0.9998596 0.01663982 -0.001998484 -0.9547649 0.2955121 0.03311794 -0.9939261 0.1090799 0.01457667 -0.9501672 -0.3105136 -0.02763652 -0.8228539 -0.5657119 -0.0536803 0.9998904 0.01464939 -0.00219804 0.9998796 -0.01465022 -0.005134582 -0.8223115 0.565894 0.05973076 -0.9500204 0.3102669 0.03457915 -0.9940012 -0.1091265 -0.007292151 -0.9550157 -0.2954044 -0.02610462 0.9998474 -0.01663839 -0.005333662 -0.8121943 0.5801761 0.06112468 -0.9949805 -0.09986692 -0.00636053 0 0 1 -3.72529e-6 0 1 3.72529e-6 0 1 -3.82526e-7 0 1 3.82526e-7 0 1 0 0 1 7.46226e-6 0 1 -7.46226e-6 0 1</float_array>
          <technique_common>
            <accessor source="#Cube-mesh-normals-array" count="178" stride="3">
              <param name="X" type="float"/>
              <param name="Y" type="float"/>
              <param name="Z" type="float"/>
            </accessor>
          </technique_common>
        </source>
        <source id="Cube-mesh-map-0">
          <float_array id="Cube-mesh-map-0-array" count="1716">5.75171 0.01938343 6.146673 0.8495917 5.751709 0.8495917 4.077803 0.01938343 4.472765 0.8495917 4.077803 0.8495917 0 0.6018812 0.3981189 0 1 0.3981189 0.7299897 0.01938313 1.124952 0.8495914 0.7299897 0.8495914 2.403896 0.01938343 2.798859 0.8495915 2.403896 0.8495915 6.146673 0.01938343 6.331995 0.8495917 6.146673 0.8495917 6.331996 0.01938343 6.515043 0.8495917 6.331995 0.8495917 6.515044 0.01938343 6.696075 0.8495917 6.515043 0.8495917 4.46975e-4 0.01938319 0.1805878 0.8495913 4.47035e-4 0.8495914 0.1805877 0.01938325 0.3616187 0.8495913 0.1805878 0.8495913 0.3616186 0.01938313 0.5446673 0.8495914 0.3616187 0.8495913 0.5446672 0.01938319 0.7299897 0.8495914 0.5446673 0.8495914 2.403896 0.8495915 2.218574 0.01938319 2.403896 0.01938343 2.218574 0.8495915 2.035525 0.01938343 2.218574 0.01938319 2.035525 0.8495915 1.854495 0.01938331 2.035525 0.01938343 1.854495 0.8495914 1.674354 0.01938331 1.854495 0.01938331 1.674354 0.8495915 1.493323 0.01938319 1.674354 0.01938331 1.493323 0.8495914 1.310275 0.01938319 1.493323 0.01938319 1.310275 0.8495914 1.124952 0.01938331 1.310275 0.01938319 4.077803 0.8495917 3.892481 0.01938319 4.077803 0.01938343 3.892481 0.8495915 3.709432 0.01938343 3.892481 0.01938319 3.709432 0.8495915 3.528401 0.01938343 3.709432 0.01938343 3.528401 0.8495915 3.34826 0.01938343 3.528401 0.01938343 3.34826 0.8495915 3.16723 0.01938319 3.34826 0.01938343 3.16723 0.8495915 2.984181 0.01938319 3.16723 0.01938319 2.984181 0.8495915 2.798859 0.01938319 2.984181 0.01938319 5.751709 0.8495917 5.566387 0.01938343 5.75171 0.01938343 5.566387 0.8495917 5.383339 0.01938343 5.566387 0.01938343 5.383338 0.8495917 5.202308 0.01938343 5.383339 0.01938343 5.202308 0.8495917 5.022167 0.01938343 5.202308 0.01938343 5.022167 0.8495917 4.841136 0.01938343 5.022167 0.01938343 4.841136 0.8495917 4.658088 0.01938343 4.841136 0.01938343 4.658088 0.8495917 4.472765 0.01938343 4.658088 0.01938343 4.658088 0.8875795 4.841136 0.9995527 4.658088 0.9995527 1.124952 0.8495914 1.310275 0.8875791 1.124952 0.8875791 1.310275 0.8495914 1.493323 0.8875791 1.310275 0.8875791 1.493323 0.8495914 1.674354 0.8875792 1.493323 0.8875791 1.854495 0.8495914 1.674354 0.8875792 1.674354 0.8495915 2.035525 0.8495915 1.854495 0.8875792 1.854495 0.8495914 2.218574 0.8495915 2.035525 0.8875792 2.035525 0.8495915 2.403896 0.8495915 2.218574 0.8875792 2.218574 0.8495915 2.798859 0.8495915 2.403896 0.8875792 2.403896 0.8495915 2.798859 0.8495915 2.984181 0.8875792 2.798859 0.8875792 2.984181 0.8495915 3.16723 0.8875792 2.984181 0.8875792 3.16723 0.8495915 3.34826 0.8875792 3.16723 0.8875792 3.528401 0.8495915 3.34826 0.8875792 3.34826 0.8495915 3.709432 0.8495915 3.528401 0.8875792 3.528401 0.8495915 3.892481 0.8495915 3.709432 0.8875792 3.709432 0.8495915 4.077803 0.8495917 3.892481 0.8875792 3.892481 0.8495915 4.472765 0.8495917 4.077803 0.8875795 4.077803 0.8495917 4.472765 0.8495917 4.658088 0.8875795 4.472765 0.8875795 4.658088 0.8495917 4.841136 0.8875795 4.658088 0.8875795 4.841136 0.8495917 5.022167 0.8875795 4.841136 0.8875795 5.202308 0.8495917 5.022167 0.8875795 5.022167 0.8495917 5.383338 0.8495917 5.202308 0.8875795 5.202308 0.8495917 5.566387 0.8495917 5.383338 0.8875795 5.383338 0.8495917 5.751709 0.8495917 5.566387 0.8875795 5.566387 0.8495917 6.146673 0.8495917 5.751709 0.8875795 5.751709 0.8495917 6.146673 0.8495917 6.331995 0.8875795 6.146673 0.8875795 6.331995 0.8495917 6.515043 0.8875795 6.331995 0.8875795 6.515043 0.8495917 6.696075 0.8875795 6.515043 0.8875795 0.1805878 0.8495913 4.47035e-4 0.8875791 4.47035e-4 0.8495914 0.3616187 0.8495913 0.1805878 0.8875791 0.1805878 0.8495913 0.5446673 0.8495914 0.3616187 0.887579 0.3616187 0.8495913 0.7299897 0.8495914 0.5446673 0.8875792 0.5446673 0.8495914 1.124952 0.8495914 0.7299897 0.8875792 0.7299897 0.8495914 2.035525 0.8875792 1.854495 0.9995526 1.854495 0.8875792 4.841136 0.8875795 5.022167 0.9995527 4.841136 0.9995527 2.218574 0.8875792 2.035525 0.9995525 2.035525 0.8875792 5.022167 0.8875795 5.202308 0.9995527 5.022167 0.9995527 2.218574 0.8875792 2.403896 0.9995525 2.218574 0.9995525 5.202308 0.8875795 5.383338 0.9995527 5.202308 0.9995527 2.403896 0.8875792 2.798859 0.9995527 2.403896 0.9995525 5.383338 0.8875795 5.566387 0.9995527 5.383338 0.9995527 2.798859 0.8875792 2.984181 0.9995527 2.798859 0.9995527 5.751709 0.8875795 5.566387 0.9995527 5.566387 0.8875795 2.984181 0.8875792 3.16723 0.9995527 2.984181 0.9995527 6.146673 0.8875795 5.751709 0.9995527 5.751709 0.8875795 3.16723 0.8875792 3.34826 0.9995527 3.16723 0.9995527 6.331995 0.8875795 6.146673 0.9995527 6.146673 0.8875795 3.34826 0.8875792 3.528401 0.9995525 3.34826 0.9995527 6.515043 0.8875795 6.331995 0.9995527 6.331995 0.8875795 3.528401 0.8875792 3.709432 0.9995525 3.528401 0.9995525 1.310275 0.8875791 1.124952 0.9995525 1.124952 0.8875791 6.696075 0.8875795 6.515043 0.9995527 6.515043 0.8875795 3.709432 0.8875792 3.892481 0.9995527 3.709432 0.9995525 1.124952 0.8875791 0.7299897 0.9995526 0.7299897 0.8875792 0.1805878 0.8875791 4.47041e-4 0.9995525 4.47035e-4 0.8875791 3.892481 0.8875792 4.077803 0.9995527 3.892481 0.9995527 1.493323 0.8875791 1.310275 0.9995525 1.310275 0.8875791 0.3616187 0.887579 0.1805878 0.9995525 0.1805878 0.8875791 4.077803 0.8875795 4.472765 0.9995527 4.077803 0.9995527 1.674354 0.8875792 1.493323 0.9995525 1.493323 0.8875791 0.5446673 0.8875792 0.3616187 0.9995525 0.3616187 0.887579 4.472765 0.8875795 4.658088 0.9995527 4.472765 0.9995527 1.854495 0.8875792 1.674354 0.9995526 1.674354 0.8875792 0.7299897 0.8875792 0.5446673 0.9995526 0.5446673 0.8875792 4.077803 0.01938343 3.892481 3.89338e-4 4.077803 3.89576e-4 3.892481 0.01938319 3.709432 3.89576e-4 3.892481 3.89338e-4 3.709432 0.01938343 3.528401 3.89576e-4 3.709432 3.89576e-4 3.34826 0.01938343 3.528401 3.89576e-4 3.528401 0.01938343 3.16723 0.01938319 3.34826 3.89576e-4 3.34826 0.01938343 2.984181 0.01938319 3.16723 3.89338e-4 3.16723 0.01938319 2.798859 0.01938319 2.984181 3.89338e-4 2.984181 0.01938319 2.403896 0.01938343 2.798859 3.89338e-4 2.798859 0.01938319 2.403896 0.01938343 2.218574 3.89338e-4 2.403896 3.89576e-4 2.218574 0.01938319 2.035525 3.89338e-4 2.218574 3.89338e-4 2.035525 0.01938343 1.854495 3.89457e-4 2.035525 3.89338e-4 1.674354 0.01938331 1.854495 3.89457e-4 1.854495 0.01938331 1.493323 0.01938319 1.674354 3.89457e-4 1.674354 0.01938331 1.310275 0.01938319 1.493323 3.89338e-4 1.493323 0.01938319 1.124952 0.01938331 1.310275 3.89338e-4 1.310275 0.01938319 0.7299897 0.01938313 1.124952 3.89457e-4 1.124952 0.01938331 0.7299897 0.01938313 0.5446672 3.89338e-4 0.7299897 3.89278e-4 0.5446672 0.01938319 0.3616186 3.89278e-4 0.5446672 3.89338e-4 0.3616186 0.01938313 0.1805877 3.89397e-4 0.3616186 3.89278e-4 4.46975e-4 0.01938319 0.1805877 3.89397e-4 0.1805877 0.01938325 6.515044 0.01938343 6.696075 3.89576e-4 6.696075 0.01938343 6.331996 0.01938343 6.515044 3.89576e-4 6.515044 0.01938343 6.146673 0.01938343 6.331995 3.89576e-4 6.331996 0.01938343 5.75171 0.01938343 6.146673 3.89576e-4 6.146673 0.01938343 5.75171 0.01938343 5.566387 3.89576e-4 5.751709 3.89576e-4 5.566387 0.01938343 5.383338 3.89576e-4 5.566387 3.89576e-4 5.383339 0.01938343 5.202308 3.89576e-4 5.383338 3.89576e-4 5.022167 0.01938343 5.202308 3.89576e-4 5.202308 0.01938343 4.841136 0.01938343 5.022167 3.89576e-4 5.022167 0.01938343 4.658088 0.01938343 4.841136 3.89576e-4 4.841136 0.01938343 4.472765 0.01938343 4.658088 3.89576e-4 4.658088 0.01938343 4.077803 0.01938343 4.472765 3.89576e-4 4.472765 0.01938343 5.75171 0.01938343 6.146673 0.01938343 6.146673 0.8495917 4.077803 0.01938343 4.472765 0.01938343 4.472765 0.8495917 1 0.3981189 1 0.6018812 0.6018812 1 1 0.6018812 0.9970089 0.6974425 0.6018812 1 0.9970089 0.6974425 0.9802791 0.7903841 0.7903842 0.980279 0.9802791 0.7903841 0.940685 0.87497 0.7903842 0.980279 0.940685 0.87497 0.87497 0.940685 0.7903842 0.980279 0.7903842 0.980279 0.6974425 0.9970089 0.9970089 0.6974425 0.6974425 0.9970089 0.6018812 1 0.9970089 0.6974425 0.6018812 1 0.3981189 1 0 0.6018812 0.3981189 1 0.3025574 0.9970089 0 0.6018812 0.3025574 0.9970089 0.2096158 0.980279 0.01972091 0.7903841 0.2096158 0.980279 0.1250301 0.940685 0.01972091 0.7903841 0.1250301 0.940685 0.05931502 0.87497 0.01972091 0.7903841 0.01972091 0.7903841 0.002991139 0.6974425 0.3025574 0.9970089 0.002991139 0.6974425 0 0.6018812 0.3025574 0.9970089 0 0.6018812 0 0.3981189 0.3981189 0 0 0.3981189 0.002991139 0.3025575 0.3981189 0 0.002991139 0.3025575 0.01972091 0.2096159 0.2096158 0.01972097 0.01972091 0.2096159 0.05931502 0.1250301 0.2096158 0.01972097 0.05931502 0.1250301 0.1250301 0.05931508 0.2096158 0.01972097 0.2096158 0.01972097 0.3025574 0.002991199 0.002991139 0.3025575 0.3025574 0.002991199 0.3981189 0 0.002991139 0.3025575 0.3981189 0 0.6018812 0 1 0.3981189 0.6018812 0 0.6974425 0.002991199 1 0.3981189 0.6974425 0.002991199 0.7903842 0.01972097 0.9802791 0.2096159 0.7903842 0.01972097 0.87497 0.05931508 0.9802791 0.2096159 0.87497 0.05931508 0.940685 0.1250301 0.9802791 0.2096159 0.9802791 0.2096159 0.9970089 0.3025575 0.6974425 0.002991199 0.9970089 0.3025575 1 0.3981189 0.6974425 0.002991199 1 0.3981189 0.6018812 1 0 0.6018812 0.7299897 0.01938313 1.124952 0.01938331 1.124952 0.8495914 2.403896 0.01938343 2.798859 0.01938319 2.798859 0.8495915 6.146673 0.01938343 6.331996 0.01938343 6.331995 0.8495917 6.331996 0.01938343 6.515044 0.01938343 6.515043 0.8495917 6.515044 0.01938343 6.696075 0.01938343 6.696075 0.8495917 4.46975e-4 0.01938319 0.1805877 0.01938325 0.1805878 0.8495913 0.1805877 0.01938325 0.3616186 0.01938313 0.3616187 0.8495913 0.3616186 0.01938313 0.5446672 0.01938319 0.5446673 0.8495914 0.5446672 0.01938319 0.7299897 0.01938313 0.7299897 0.8495914 2.403896 0.8495915 2.218574 0.8495915 2.218574 0.01938319 2.218574 0.8495915 2.035525 0.8495915 2.035525 0.01938343 2.035525 0.8495915 1.854495 0.8495914 1.854495 0.01938331 1.854495 0.8495914 1.674354 0.8495915 1.674354 0.01938331 1.674354 0.8495915 1.493323 0.8495914 1.493323 0.01938319 1.493323 0.8495914 1.310275 0.8495914 1.310275 0.01938319 1.310275 0.8495914 1.124952 0.8495914 1.124952 0.01938331 4.077803 0.8495917 3.892481 0.8495915 3.892481 0.01938319 3.892481 0.8495915 3.709432 0.8495915 3.709432 0.01938343 3.709432 0.8495915 3.528401 0.8495915 3.528401 0.01938343 3.528401 0.8495915 3.34826 0.8495915 3.34826 0.01938343 3.34826 0.8495915 3.16723 0.8495915 3.16723 0.01938319 3.16723 0.8495915 2.984181 0.8495915 2.984181 0.01938319 2.984181 0.8495915 2.798859 0.8495915 2.798859 0.01938319 5.751709 0.8495917 5.566387 0.8495917 5.566387 0.01938343 5.566387 0.8495917 5.383338 0.8495917 5.383339 0.01938343 5.383338 0.8495917 5.202308 0.8495917 5.202308 0.01938343 5.202308 0.8495917 5.022167 0.8495917 5.022167 0.01938343 5.022167 0.8495917 4.841136 0.8495917 4.841136 0.01938343 4.841136 0.8495917 4.658088 0.8495917 4.658088 0.01938343 4.658088 0.8495917 4.472765 0.8495917 4.472765 0.01938343 4.658088 0.8875795 4.841136 0.8875795 4.841136 0.9995527 1.124952 0.8495914 1.310275 0.8495914 1.310275 0.8875791 1.310275 0.8495914 1.493323 0.8495914 1.493323 0.8875791 1.493323 0.8495914 1.674354 0.8495915 1.674354 0.8875792 1.854495 0.8495914 1.854495 0.8875792 1.674354 0.8875792 2.035525 0.8495915 2.035525 0.8875792 1.854495 0.8875792 2.218574 0.8495915 2.218574 0.8875792 2.035525 0.8875792 2.403896 0.8495915 2.403896 0.8875792 2.218574 0.8875792 2.798859 0.8495915 2.798859 0.8875792 2.403896 0.8875792 2.798859 0.8495915 2.984181 0.8495915 2.984181 0.8875792 2.984181 0.8495915 3.16723 0.8495915 3.16723 0.8875792 3.16723 0.8495915 3.34826 0.8495915 3.34826 0.8875792 3.528401 0.8495915 3.528401 0.8875792 3.34826 0.8875792 3.709432 0.8495915 3.709432 0.8875792 3.528401 0.8875792 3.892481 0.8495915 3.892481 0.8875792 3.709432 0.8875792 4.077803 0.8495917 4.077803 0.8875795 3.892481 0.8875792 4.472765 0.8495917 4.472765 0.8875795 4.077803 0.8875795 4.472765 0.8495917 4.658088 0.8495917 4.658088 0.8875795 4.658088 0.8495917 4.841136 0.8495917 4.841136 0.8875795 4.841136 0.8495917 5.022167 0.8495917 5.022167 0.8875795 5.202308 0.8495917 5.202308 0.8875795 5.022167 0.8875795 5.383338 0.8495917 5.383338 0.8875795 5.202308 0.8875795 5.566387 0.8495917 5.566387 0.8875795 5.383338 0.8875795 5.751709 0.8495917 5.751709 0.8875795 5.566387 0.8875795 6.146673 0.8495917 6.146673 0.8875795 5.751709 0.8875795 6.146673 0.8495917 6.331995 0.8495917 6.331995 0.8875795 6.331995 0.8495917 6.515043 0.8495917 6.515043 0.8875795 6.515043 0.8495917 6.696075 0.8495917 6.696075 0.8875795 0.1805878 0.8495913 0.1805878 0.8875791 4.47035e-4 0.8875791 0.3616187 0.8495913 0.3616187 0.887579 0.1805878 0.8875791 0.5446673 0.8495914 0.5446673 0.8875792 0.3616187 0.887579 0.7299897 0.8495914 0.7299897 0.8875792 0.5446673 0.8875792 1.124952 0.8495914 1.124952 0.8875791 0.7299897 0.8875792 2.035525 0.8875792 2.035525 0.9995525 1.854495 0.9995526 4.841136 0.8875795 5.022167 0.8875795 5.022167 0.9995527 2.218574 0.8875792 2.218574 0.9995525 2.035525 0.9995525 5.022167 0.8875795 5.202308 0.8875795 5.202308 0.9995527 2.218574 0.8875792 2.403896 0.8875792 2.403896 0.9995525 5.202308 0.8875795 5.383338 0.8875795 5.383338 0.9995527 2.403896 0.8875792 2.798859 0.8875792 2.798859 0.9995527 5.383338 0.8875795 5.566387 0.8875795 5.566387 0.9995527 2.798859 0.8875792 2.984181 0.8875792 2.984181 0.9995527 5.751709 0.8875795 5.751709 0.9995527 5.566387 0.9995527 2.984181 0.8875792 3.16723 0.8875792 3.16723 0.9995527 6.146673 0.8875795 6.146673 0.9995527 5.751709 0.9995527 3.16723 0.8875792 3.34826 0.8875792 3.34826 0.9995527 6.331995 0.8875795 6.331995 0.9995527 6.146673 0.9995527 3.34826 0.8875792 3.528401 0.8875792 3.528401 0.9995525 6.515043 0.8875795 6.515043 0.9995527 6.331995 0.9995527 3.528401 0.8875792 3.709432 0.8875792 3.709432 0.9995525 1.310275 0.8875791 1.310275 0.9995525 1.124952 0.9995525 6.696075 0.8875795 6.696075 0.9995527 6.515043 0.9995527 3.709432 0.8875792 3.892481 0.8875792 3.892481 0.9995527 1.124952 0.8875791 1.124952 0.9995525 0.7299897 0.9995526 0.1805878 0.8875791 0.1805878 0.9995525 4.47041e-4 0.9995525 3.892481 0.8875792 4.077803 0.8875795 4.077803 0.9995527 1.493323 0.8875791 1.493323 0.9995525 1.310275 0.9995525 0.3616187 0.887579 0.3616187 0.9995525 0.1805878 0.9995525 4.077803 0.8875795 4.472765 0.8875795 4.472765 0.9995527 1.674354 0.8875792 1.674354 0.9995526 1.493323 0.9995525 0.5446673 0.8875792 0.5446673 0.9995526 0.3616187 0.9995525 4.472765 0.8875795 4.658088 0.8875795 4.658088 0.9995527 1.854495 0.8875792 1.854495 0.9995526 1.674354 0.9995526 0.7299897 0.8875792 0.7299897 0.9995526 0.5446673 0.9995526 4.077803 0.01938343 3.892481 0.01938319 3.892481 3.89338e-4 3.892481 0.01938319 3.709432 0.01938343 3.709432 3.89576e-4 3.709432 0.01938343 3.528401 0.01938343 3.528401 3.89576e-4 3.34826 0.01938343 3.34826 3.89576e-4 3.528401 3.89576e-4 3.16723 0.01938319 3.16723 3.89338e-4 3.34826 3.89576e-4 2.984181 0.01938319 2.984181 3.89338e-4 3.16723 3.89338e-4 2.798859 0.01938319 2.798859 3.89338e-4 2.984181 3.89338e-4 2.403896 0.01938343 2.403896 3.89576e-4 2.798859 3.89338e-4 2.403896 0.01938343 2.218574 0.01938319 2.218574 3.89338e-4 2.218574 0.01938319 2.035525 0.01938343 2.035525 3.89338e-4 2.035525 0.01938343 1.854495 0.01938331 1.854495 3.89457e-4 1.674354 0.01938331 1.674354 3.89457e-4 1.854495 3.89457e-4 1.493323 0.01938319 1.493323 3.89338e-4 1.674354 3.89457e-4 1.310275 0.01938319 1.310275 3.89338e-4 1.493323 3.89338e-4 1.124952 0.01938331 1.124952 3.89457e-4 1.310275 3.89338e-4 0.7299897 0.01938313 0.7299897 3.89278e-4 1.124952 3.89457e-4 0.7299897 0.01938313 0.5446672 0.01938319 0.5446672 3.89338e-4 0.5446672 0.01938319 0.3616186 0.01938313 0.3616186 3.89278e-4 0.3616186 0.01938313 0.1805877 0.01938325 0.1805877 3.89397e-4 4.46975e-4 0.01938319 4.46975e-4 3.89338e-4 0.1805877 3.89397e-4 6.515044 0.01938343 6.515044 3.89576e-4 6.696075 3.89576e-4 6.331996 0.01938343 6.331995 3.89576e-4 6.515044 3.89576e-4 6.146673 0.01938343 6.146673 3.89576e-4 6.331995 3.89576e-4 5.75171 0.01938343 5.751709 3.89576e-4 6.146673 3.89576e-4 5.75171 0.01938343 5.566387 0.01938343 5.566387 3.89576e-4 5.566387 0.01938343 5.383339 0.01938343 5.383338 3.89576e-4 5.383339 0.01938343 5.202308 0.01938343 5.202308 3.89576e-4 5.022167 0.01938343 5.022167 3.89576e-4 5.202308 3.89576e-4 4.841136 0.01938343 4.841136 3.89576e-4 5.022167 3.89576e-4 4.658088 0.01938343 4.658088 3.89576e-4 4.841136 3.89576e-4 4.472765 0.01938343 4.472765 3.89576e-4 4.658088 3.89576e-4 4.077803 0.01938343 4.077803 3.89576e-4 4.472765 3.89576e-4</float_array>
          <technique_common>
            <accessor source="#Cube-mesh-map-0-array" count="858" stride="2">
              <param name="S" type="float"/>
              <param name="T" type="float"/>
            </accessor>
          </technique_common>
        </source>
        <vertices id="Cube-mesh-vertices">
          <input semantic="POSITION" source="#Cube-mesh-positions"/>
        </vertices>
        <triangles material="Table_Light-material" count="30">
          <input semantic="VERTEX" source="#Cube-mesh-vertices" offset="0"/>
          <input semantic="NORMAL" source="#Cube-mesh-normals" offset="1"/>
          <input semantic="TEXCOORD" source="#Cube-mesh-map-0" offset="2" set="0"/>
          <p>143 6 6 151 6 7 159 6 8 159 173 393 128 173 394 135 173 395 128 170 396 129 170 397 135 170 398 129 170 399 130 170 400 133 170 401 130 170 402 131 170 403 133 170 404 131 170 405 132 170 406 133 170 407 133 170 408 134 170 409 129 170 410 134 170 411 135 170 412 129 170 413 135 170 414 136 170 415 143 170 416 136 170 417 137 170 418 143 170 419 137 170 420 138 170 421 141 170 422 138 170 423 139 170 424 141 170 425 139 170 426 140 170 427 141 170 428 141 170 429 142 170 430 137 170 431 142 170 432 143 170 433 137 170 434 143 174 435 144 174 436 151 174 437 144 170 438 145 170 439 151 170 440 145 170 441 146 170 442 149 170 443 146 170 444 147 170 445 149 170 446 147 170 447 148 170 448 149 170 449 149 170 450 150 170 451 145 170 452 150 170 453 151 170 454 145 170 455 151 170 456 152 170 457 159 170 458 152 170 459 153 170 460 159 170 461 153 170 462 154 170 463 157 170 464 154 170 465 155 170 466 157 170 467 155 170 468 156 170 469 157 170 470 157 170 471 158 170 472 153 170 473 158 170 474 159 170 475 153 170 476 159 175 477 135 175 478 143 175 479</p>
        </triangles>
        <triangles material="Table_Edge-material" count="256">
          <input semantic="VERTEX" source="#Cube-mesh-vertices" offset="0"/>
          <input semantic="NORMAL" source="#Cube-mesh-normals" offset="1"/>
          <input semantic="TEXCOORD" source="#Cube-mesh-map-0" offset="2" set="0"/>
          <p>40 0 0 0 1 1 33 2 2 56 3 3 32 4 4 49 5 5 8 7 9 16 8 10 1 9 11 24 10 12 48 11 13 17 12 14 9 13 15 2 14 16 0 1 17 15 15 18 3 16 19 2 14 20 14 17 21 4 18 22 3 16 23 13 19 24 5 20 25 4 18 26 12 21 27 6 22 28 5 20 29 11 23 30 7 24 31 6 22 32 10 25 33 1 9 34 7 24 35 17 12 36 26 26 37 24 10 38 23 27 39 27 28 40 26 26 41 22 29 42 28 30 43 27 28 44 21 31 45 29 32 46 28 30 47 20 33 48 30 34 49 29 32 50 19 35 51 31 36 52 30 34 53 18 37 54 25 38 55 31 36 56 49 5 57 58 39 58 56 3 59 55 40 60 59 41 61 58 39 62 54 42 63 60 43 64 59 41 65 53 44 66 61 45 67 60 43 68 52 46 69 62 47 70 61 45 71 51 48 72 63 49 73 62 47 74 50 50 75 57 51 76 63 49 77 33 2 78 42 52 79 40 0 80 39 53 81 43 54 82 42 52 83 38 55 84 44 56 85 43 54 86 37 57 87 45 58 88 44 56 89 36 59 90 46 60 91 45 58 92 35 61 93 47 62 94 46 60 95 34 63 96 41 64 97 47 62 98 81 65 99 115 66 100 114 67 101 16 68 102 65 69 103 64 70 104 18 71 105 66 72 106 65 69 107 19 73 108 67 74 109 66 72 110 21 75 111 67 74 112 20 76 113 22 70 114 68 70 115 21 75 116 23 70 117 69 70 118 22 70 119 17 77 120 70 78 121 23 70 122 48 79 123 71 80 124 17 77 125 48 79 126 73 81 127 72 82 128 50 70 129 74 70 130 73 81 131 51 70 132 75 83 133 74 70 134 53 84 135 75 83 136 52 85 137 54 86 138 76 87 139 53 84 140 55 88 141 77 89 142 54 86 143 49 90 144 78 91 145 55 88 146 32 92 147 79 93 148 49 90 149 32 92 150 81 91 151 80 70 152 34 94 153 82 89 154 81 91 155 35 95 156 83 96 157 82 89 158 37 97 159 83 96 160 36 98 161 38 70 162 84 70 163 37 97 164 39 70 165 85 70 166 38 70 167 33 99 168 86 81 169 39 70 170 0 100 171 87 82 172 33 99 173 0 100 174 89 78 175 88 80 176 2 70 177 90 70 178 89 78 179 3 70 180 91 101 181 90 70 182 5 102 183 91 101 184 4 103 185 6 104 186 92 105 187 5 102 188 7 106 189 93 72 190 6 104 191 1 107 192 94 69 193 7 106 194 16 68 195 95 108 196 1 107 197 69 109 198 101 110 199 68 111 200 82 112 201 116 113 202 115 66 203 70 114 204 102 115 205 69 109 206 83 116 207 117 117 208 116 113 209 70 114 210 104 118 211 103 119 212 84 120 213 118 121 214 117 117 215 71 122 216 105 123 217 104 118 218 85 124 219 119 125 220 118 121 221 72 126 222 106 127 223 105 123 224 87 128 225 119 125 226 86 129 227 73 130 228 107 131 229 106 127 230 88 132 231 120 133 232 87 128 233 74 134 234 108 135 235 107 131 236 89 136 237 121 137 238 88 132 239 75 138 240 109 139 241 108 135 242 90 140 243 122 141 244 89 136 245 76 142 246 110 143 247 109 139 248 65 144 249 97 145 250 64 146 251 91 147 252 123 148 253 90 140 254 77 149 255 111 150 256 110 143 257 64 146 258 98 151 259 95 152 260 92 153 261 124 154 262 91 147 263 78 155 264 112 156 265 111 150 266 66 157 267 96 158 268 65 144 269 93 159 270 125 160 271 92 153 272 79 161 273 113 162 274 112 156 275 67 163 276 99 164 277 66 157 278 94 165 279 126 166 280 93 159 281 80 167 282 114 67 283 113 162 284 68 111 285 100 168 286 67 163 287 95 152 288 127 169 289 94 165 290 56 170 291 129 170 292 128 170 293 58 170 294 130 170 295 129 170 296 59 170 297 131 170 298 130 170 299 61 170 300 131 170 301 60 170 302 62 170 303 132 170 304 61 170 305 63 170 306 133 170 307 62 170 308 57 170 309 134 170 310 63 170 311 24 170 312 135 170 313 57 170 314 24 170 315 137 170 316 136 170 317 26 170 318 138 170 319 137 170 320 27 170 321 139 170 322 138 170 323 29 170 324 139 170 325 28 170 326 30 170 327 140 170 328 29 170 329 31 170 330 141 170 331 30 170 332 25 170 333 142 170 334 31 170 335 8 171 336 143 171 337 25 171 338 8 170 339 145 170 340 144 170 341 10 170 342 146 170 343 145 170 344 11 170 345 147 170 346 146 170 347 13 170 348 147 170 349 12 170 350 14 170 351 148 170 352 13 170 353 15 170 354 149 170 355 14 170 356 9 170 357 150 170 358 15 170 359 40 170 360 151 170 361 9 170 362 40 170 363 153 170 364 152 170 365 42 170 366 154 170 367 153 170 368 43 170 369 155 170 370 154 170 371 45 170 372 155 170 373 44 170 374 46 170 375 156 170 376 45 170 377 47 170 378 157 170 379 46 170 380 41 170 381 158 170 382 47 170 383 56 172 384 159 172 385 41 172 386 40 0 387 9 13 388 0 1 389 56 3 390 41 64 391 32 4 392 8 7 480 25 38 481 16 8 482 24 10 483 57 51 484 48 11 485 9 13 486 15 15 487 2 14 488 15 15 489 14 17 490 3 16 491 14 17 492 13 19 493 4 18 494 13 19 495 12 21 496 5 20 497 12 21 498 11 23 499 6 22 500 11 23 501 10 25 502 7 24 503 10 25 504 8 7 505 1 9 506 17 12 507 23 27 508 26 26 509 23 27 510 22 29 511 27 28 512 22 29 513 21 31 514 28 30 515 21 31 516 20 33 517 29 32 518 20 33 519 19 35 520 30 34 521 19 35 522 18 37 523 31 36 524 18 37 525 16 8 526 25 38 527 49 5 528 55 40 529 58 39 530 55 40 531 54 42 532 59 41 533 54 42 534 53 44 535 60 43 536 53 44 537 52 46 538 61 45 539 52 46 540 51 48 541 62 47 542 51 48 543 50 50 544 63 49 545 50 50 546 48 11 547 57 51 548 33 2 549 39 53 550 42 52 551 39 53 552 38 55 553 43 54 554 38 55 555 37 57 556 44 56 557 37 57 558 36 59 559 45 58 560 36 59 561 35 61 562 46 60 563 35 61 564 34 63 565 47 62 566 34 63 567 32 4 568 41 64 569 81 65 570 82 112 571 115 66 572 16 68 573 18 71 574 65 69 575 18 71 576 19 73 577 66 72 578 19 73 579 20 76 580 67 74 581 21 75 582 68 70 583 67 74 584 22 70 585 69 70 586 68 70 587 23 70 588 70 78 589 69 70 590 17 77 591 71 80 592 70 78 593 48 79 594 72 82 595 71 80 596 48 79 597 50 70 598 73 81 599 50 70 600 51 70 601 74 70 602 51 70 603 52 85 604 75 83 605 53 84 606 76 87 607 75 83 608 54 86 609 77 89 610 76 87 611 55 88 612 78 91 613 77 89 614 49 90 615 79 93 616 78 91 617 32 92 618 80 70 619 79 93 620 32 92 621 34 94 622 81 91 623 34 94 624 35 95 625 82 89 626 35 95 627 36 98 628 83 96 629 37 97 630 84 70 631 83 96 632 38 70 633 85 70 634 84 70 635 39 70 636 86 81 637 85 70 638 33 99 639 87 82 640 86 81 641 0 100 642 88 80 643 87 82 644 0 100 645 2 70 646 89 78 647 2 70 648 3 70 649 90 70 650 3 70 651 4 103 652 91 101 653 5 102 654 92 105 655 91 101 656 6 104 657 93 72 658 92 105 659 7 106 660 94 69 661 93 72 662 1 107 663 95 108 664 94 69 665 16 68 666 64 70 667 95 108 668 69 109 669 102 115 670 101 110 671 82 112 672 83 116 673 116 113 674 70 114 675 103 119 676 102 115 677 83 116 678 84 120 679 117 117 680 70 114 681 71 122 682 104 118 683 84 120 684 85 124 685 118 121 686 71 122 687 72 126 688 105 123 689 85 124 690 86 129 691 119 125 692 72 126 693 73 130 694 106 127 695 87 128 696 120 133 697 119 125 698 73 130 699 74 134 700 107 131 701 88 132 702 121 137 703 120 133 704 74 134 705 75 138 706 108 135 707 89 136 708 122 141 709 121 137 710 75 138 711 76 142 712 109 139 713 90 140 714 123 148 715 122 141 716 76 142 717 77 149 718 110 143 719 65 144 720 96 158 721 97 145 722 91 147 723 124 154 724 123 148 725 77 149 726 78 155 727 111 150 728 64 146 729 97 145 730 98 151 731 92 153 732 125 160 733 124 154 734 78 155 735 79 161 736 112 156 737 66 157 738 99 164 739 96 158 740 93 159 741 126 166 742 125 160 743 79 161 744 80 167 745 113 162 746 67 163 747 100 168 748 99 164 749 94 165 750 127 169 751 126 166 752 80 167 753 81 65 754 114 67 755 68 111 756 101 110 757 100 168 758 95 152 759 98 151 760 127 169 761 56 170 762 58 170 763 129 170 764 58 170 765 59 170 766 130 170 767 59 170 768 60 170 769 131 170 770 61 170 771 132 170 772 131 170 773 62 170 774 133 170 775 132 170 776 63 170 777 134 170 778 133 170 779 57 170 780 135 170 781 134 170 782 24 170 783 136 170 784 135 170 785 24 170 786 26 170 787 137 170 788 26 170 789 27 170 790 138 170 791 27 170 792 28 170 793 139 170 794 29 170 795 140 170 796 139 170 797 30 170 798 141 170 799 140 170 800 31 170 801 142 170 802 141 170 803 25 170 804 143 170 805 142 170 806 8 176 807 144 176 808 143 176 809 8 170 810 10 170 811 145 170 812 10 170 813 11 170 814 146 170 815 11 170 816 12 170 817 147 170 818 13 170 819 148 170 820 147 170 821 14 170 822 149 170 823 148 170 824 15 170 825 150 170 826 149 170 827 9 170 828 151 170 829 150 170 830 40 170 831 152 170 832 151 170 833 40 170 834 42 170 835 153 170 836 42 170 837 43 170 838 154 170 839 43 170 840 44 170 841 155 170 842 45 170 843 156 170 844 155 170 845 46 170 846 157 170 847 156 170 848 47 170 849 158 170 850 157 170 851 41 170 852 159 170 853 158 170 854 56 177 855 128 177 856 159 177 857</p>
        </triangles>
      </mesh>
    </geometry>
    <geometry id="Board_5_001-mesh" name="Board 5.001">
      <mesh>
        <source id="Board_5_001-mesh-positions">
          <float_array id="Board_5_001-mesh-positions-array" count="294">0.04499995 -0.185 0.25 0.09499996 -0.185 0.25 0.145 -0.235 0.25 0.145 -0.185 0.25 0.09499996 -0.285 0.25 0.145 -0.285 0.25 0.09499996 -0.235 0.25 0.04499995 -0.285 0.25 0.04499995 -0.235 0.25 0.09599995 -0.234 0.2509999 0.1439999 -0.234 0.2509999 0.1439999 -0.186 0.2509999 0.09599995 -0.186 0.2509999 0.04599994 -0.234 0.2509999 0.09399998 -0.234 0.2509999 0.09399998 -0.186 0.2509999 0.04599994 -0.186 0.2509999 0.09599995 -0.284 0.2509999 0.1439999 -0.284 0.2509999 0.1439999 -0.236 0.2509999 0.09599995 -0.236 0.2509999 0.04599994 -0.284 0.2509999 0.09399998 -0.284 0.2509999 0.09399998 -0.236 0.2509999 0.04599994 -0.236 0.2509999 0.04499995 -0.185 0.245 0.09499996 -0.185 0.245 0.145 -0.235 0.245 0.145 -0.185 0.245 0.09499996 -0.285 0.245 0.145 -0.285 0.245 0.04499995 -0.285 0.245 0.04499995 -0.235 0.245 -0.145 -0.185 0.25 -0.09499996 -0.185 0.25 -0.04499995 -0.235 0.25 -0.04499995 -0.185 0.25 -0.09499996 -0.285 0.25 -0.04499995 -0.285 0.25 -0.09499996 -0.235 0.25 -0.145 -0.285 0.25 -0.145 -0.235 0.25 -0.09399998 -0.234 0.2509999 -0.046 -0.234 0.2509999 -0.046 -0.186 0.2509999 -0.09399998 -0.186 0.2509999 -0.144 -0.234 0.2509999 -0.09599995 -0.234 0.2509999 -0.09599995 -0.186 0.2509999 -0.144 -0.186 0.2509999 -0.09399998 -0.284 0.2509999 -0.046 -0.284 0.2509999 -0.046 -0.236 0.2509999 -0.09399998 -0.236 0.2509999 -0.144 -0.284 0.2509999 -0.09599995 -0.284 0.2509999 -0.09599995 -0.236 0.2509999 -0.144 -0.236 0.2509999 -0.145 -0.185 0.245 -0.09499996 -0.185 0.245 -0.04499995 -0.235 0.245 -0.04499995 -0.185 0.245 -0.09499996 -0.285 0.245 -0.04499995 -0.285 0.245 -0.145 -0.285 0.245 -0.145 -0.235 0.245 -0.09499996 -0.232 0.151 -0.09499996 -0.232 0.245 -0.09287863 -0.2328787 0.151 -0.09287863 -0.2328787 0.245 -0.09199994 -0.235 0.151 -0.09199994 -0.235 0.245 -0.09287863 -0.2371213 0.151 -0.09287863 -0.2371213 0.245 -0.09499996 -0.238 0.151 -0.09499996 -0.238 0.245 -0.09712129 -0.2371213 0.151 -0.09712129 -0.2371213 0.245 -0.09799998 -0.235 0.151 -0.09799998 -0.235 0.245 -0.09712129 -0.2328787 0.151 -0.09712129 -0.2328787 0.245 0.09499996 -0.232 0.151 0.09499996 -0.232 0.245 0.09712129 -0.2328787 0.151 0.09712129 -0.2328787 0.245 0.09799998 -0.235 0.151 0.09799998 -0.235 0.245 0.09712129 -0.2371213 0.151 0.09712129 -0.2371213 0.245 0.09499996 -0.238 0.151 0.09499996 -0.238 0.245 0.09287863 -0.2371213 0.151 0.09287863 -0.2371213 0.245 0.092 -0.235 0.151 0.092 -0.235 0.245 0.09287863 -0.2328787 0.151 0.09287863 -0.2328787 0.245</float_array>
          <technique_common>
            <accessor source="#Board_5_001-mesh-positions-array" count="98" stride="3">
              <param name="X" type="float"/>
              <param name="Y" type="float"/>
              <param name="Z" type="float"/>
            </accessor>
          </technique_common>
        </source>
        <source id="Board_5_001-mesh-normals">
          <float_array id="Board_5_001-mesh-normals-array" count="156">0 0 1 0 -0.7071133 0.7071003 0.707095 0 0.7071186 0 0.7071024 0.7071112 -0.7071101 0 0.7071035 0 0.7070893 0.7071243 -0.7071114 0 0.7071023 0 -0.7070996 0.707114 0.7071105 0 0.7071031 0 0.7070999 0.7071137 -0.7070974 0 0.7071162 0 0.7071 0.7071136 -0.7070961 0 0.7071176 0 1 0 0 -1 0 1 0 0 -1 0 0 0 0 -1 0 -0.7070961 0.7071175 0 0.7071025 0.7071112 0 -0.7070997 0.7071139 0 0.7071025 0.7071111 -0.7071152 0 0.7070984 0 -0.7070852 0.7071284 0 0.7071132 0.7071005 -0.7070948 0 0.7071188 0 -0.7071135 0.7071002 -0.7071002 0 0.7071135 0.7071068 0.7071068 0 0.7071068 -0.7071068 0 -0.7071068 -0.7071068 0 -0.7071068 0.7071068 0 0 -0.7071092 0.7071045 0.7071101 0 0.7071035 0 0.7070859 0.7071277 -0.7070977 0 0.7071159 0 -0.7071092 0.7071043 0 0.7070996 0.707114 -0.7070963 0 0.7071173 0 -0.7070851 0.7071285 0.7070948 0 0.7071188 -0.707113 0 0.7071006 -0.7071117 0 0.7071018 0 -0.7071132 0.7071004 0 0.7070858 0.7071278 -0.707095 0 0.7071186 0 0.707086 0.7071276 -0.7071004 0 0.7071133 0 0.7070995 0.7071141 -0.7071105 0 0.7071031 0 0.7070997 0.7071139 -0.7071154 0 0.7070981</float_array>
          <technique_common>
            <accessor source="#Board_5_001-mesh-normals-array" count="52" stride="3">
              <param name="X" type="float"/>
              <param name="Y" type="float"/>
              <param name="Z" type="float"/>
            </accessor>
          </technique_common>
        </source>
        <source id="Board_5_001-mesh-map-0">
          <float_array id="Board_5_001-mesh-map-0-array" count="936">0.7628301 0.1172592 0.8771359 0.003059566 0.8770856 0.1173017 0.8828583 0.1172891 0.9970674 0.003144502 0.9970306 0.1173111 0.7628541 0.2373076 0.8770932 0.1230642 0.8771113 0.2373131 0.8828873 0.2373037 0.9970329 0.123073 0.9970677 0.2372524 0.8799728 0.1201853 0.7628301 0.1172592 0.8770856 0.1173017 0.759953 0.1201545 0.7628654 0.00296247 0.7628301 0.1172592 0.880021 1.93196e-4 0.7628654 0.00296247 0.7599703 4.99879e-5 0.8799728 0.1201853 0.8771359 0.003059566 0.880021 1.93196e-4 0.9999127 0.1201923 0.8828583 0.1172891 0.9970306 0.1173111 0.8799728 0.1201853 0.8829002 0.003091096 0.8828583 0.1172891 0.9999501 2.65071e-4 0.8829002 0.003091096 0.880021 1.93196e-4 0.9999127 0.1201923 0.9970674 0.003144502 0.9999501 2.65071e-4 0.8800067 0.2402046 0.7628541 0.2373076 0.8771113 0.2373131 0.759953 0.1201545 0.7628541 0.2373076 0.7599701 0.240191 0.8799728 0.1201853 0.7628441 0.1230504 0.759953 0.1201545 0.8799728 0.1201853 0.8771113 0.2373131 0.8770932 0.1230642 0.9999501 0.2401328 0.8828873 0.2373037 0.9970677 0.2372524 0.8799728 0.1201853 0.8828873 0.2373037 0.8800067 0.2402046 0.9999127 0.1201923 0.8828544 0.123086 0.8799728 0.1201853 0.9999127 0.1201923 0.9970677 0.2372524 0.9970329 0.123073 0.5118593 0.2598531 0.6299515 0.2480439 0.6299515 0.2598531 0.6299515 4.99879e-5 0.5118592 0.01185923 0.5118593 4.99879e-5 0.7480438 5.00607e-5 0.6299515 0.01185923 0.6299515 4.99879e-5 0.50005 0.1299515 0.5118593 0.2480438 0.5000501 0.2480438 0.7598531 0.2480438 0.7480438 0.1299515 0.759853 0.1299515 0.759853 0.1299515 0.7480438 0.01185923 0.759853 0.01185923 0.50005 0.01185923 0.5118592 0.1299515 0.50005 0.1299515 0.6299515 0.2598531 0.7480438 0.2480438 0.7480438 0.2598531 0.5118592 0.1299515 0.6299515 0.01185923 0.7480438 0.1299515 0.7480438 0.2480438 0.6299515 0.2480439 0.7480438 0.1299515 0.6299515 0.2480439 0.5118593 0.2480438 0.5118592 0.1299515 0.5118592 0.1299515 0.5118592 0.01185923 0.6299515 0.01185923 0.6299515 0.2480439 0.5118592 0.1299515 0.7480438 0.1299515 0.6299515 0.01185923 0.7480438 0.01185923 0.7480438 0.1299515 0.6172559 0.4970733 0.5030463 0.3827833 0.6172855 0.3828209 0.6172722 0.3770483 0.5031179 0.262855 0.6172815 0.262879 0.7373011 0.4970359 0.6230479 0.3828126 0.7372937 0.3827816 0.7372836 0.3770059 0.6230432 0.2628761 0.7372195 0.2628286 0.6201514 0.4999499 0.6172855 0.3828209 0.6201686 0.3799333 0.6201514 0.4999499 0.5029621 0.4970508 0.6172559 0.4970733 0.5001797 0.3798986 0.5029621 0.4970508 0.50005 0.4999462 0.6201686 0.3799333 0.5030463 0.3827833 0.5001797 0.3798986 0.6201623 0.2599968 0.6172722 0.3770483 0.6172815 0.262879 0.6201686 0.3799333 0.5030773 0.3770191 0.6172722 0.3770483 0.5002382 0.2599728 0.5030773 0.3770191 0.5001797 0.3798986 0.6201623 0.2599968 0.5031179 0.262855 0.5002382 0.2599728 0.7401848 0.4999193 0.7372937 0.3827816 0.7401848 0.379886 0.6201514 0.4999499 0.7373011 0.4970359 0.7401848 0.4999193 0.6201686 0.3799333 0.6230469 0.4970586 0.6201514 0.4999499 0.6201686 0.3799333 0.7372937 0.3827816 0.6230479 0.3828126 0.7400994 0.2599461 0.7372836 0.3770059 0.7372195 0.2628286 0.6201686 0.3799333 0.7372836 0.3770059 0.7401848 0.379886 0.6201623 0.2599968 0.6230689 0.3770516 0.6201686 0.3799333 0.6201623 0.2599968 0.7372195 0.2628286 0.6230432 0.2628761 0.5118589 0.2598461 0.629948 0.2480372 0.629948 0.2598461 0.629948 4.99865e-5 0.5118589 0.01185888 0.5118589 5.01322e-5 0.748037 5.00594e-5 0.629948 0.01185876 0.629948 4.99865e-5 0.50005 0.129948 0.5118589 0.2480372 0.50005 0.2480372 0.759846 0.2480372 0.748037 0.129948 0.759846 0.129948 0.759846 0.129948 0.7480371 0.01185888 0.759846 0.01185899 0.50005 0.01185899 0.5118589 0.1299481 0.50005 0.129948 0.629948 0.2598461 0.7480371 0.2480372 0.7480371 0.2598461 0.5118589 0.1299481 0.629948 0.01185876 0.748037 0.129948 0.7480371 0.2480372 0.629948 0.2480372 0.748037 0.129948 0.629948 0.2480372 0.5118589 0.2480372 0.5118589 0.1299481 0.5118589 0.1299481 0.5118589 0.01185888 0.629948 0.01185876 0.629948 0.2480372 0.5118589 0.1299481 0.748037 0.129948 0.629948 0.01185876 0.7480371 0.01185888 0.748037 0.129948 4.43562e-5 0.122244 0.4999558 0.1100365 0.4999555 0.1222465 4.45939e-5 0.1100329 0.4999558 0.09782636 0.4999558 0.1100365 4.43562e-5 0.1955108 0.4999557 0.1832966 0.4999558 0.1955067 4.44354e-5 0.1832997 0.4999557 0.1710866 0.4999557 0.1832966 4.41977e-5 0.1710885 0.4999555 0.1588765 0.4999557 0.1710866 4.4277e-5 0.1588773 0.4999555 0.1466665 0.4999555 0.1588765 4.4277e-5 0.1466662 0.4999555 0.1344565 0.4999555 0.1466665 4.45147e-5 0.1344552 0.4999555 0.1222465 0.4999555 0.1344565 0.4999557 0.02446663 4.45147e-5 0.03668081 4.44354e-5 0.02447074 0.4999558 0.03667765 4.45939e-5 0.04889088 4.45147e-5 0.03668081 0.4999558 0.04888874 4.46732e-5 0.06110095 4.45939e-5 0.04889088 0.4999558 0.0611 4.46732e-5 0.07331085 4.46732e-5 0.06110095 0.4999557 0.07331103 4.46732e-5 0.08552104 4.46732e-5 0.07331085 0.4999558 0.08552211 4.45939e-5 0.09773093 4.46732e-5 0.08552104 0.4999555 4.41977e-5 4.43562e-5 0.01226067 4.41977e-5 5.06961e-5 0.4999555 0.01225525 4.44354e-5 0.02447074 4.43562e-5 0.01226067 0.7628301 0.1172592 0.7628654 0.00296247 0.8771359 0.003059566 0.8828583 0.1172891 0.8829002 0.003091096 0.9970674 0.003144502 0.7628541 0.2373076 0.7628441 0.1230504 0.8770932 0.1230642 0.8828873 0.2373037 0.8828544 0.123086 0.9970329 0.123073 0.8799728 0.1201853 0.759953 0.1201545 0.7628301 0.1172592 0.759953 0.1201545 0.7599703 4.99879e-5 0.7628654 0.00296247 0.880021 1.93196e-4 0.8771359 0.003059566 0.7628654 0.00296247 0.8799728 0.1201853 0.8770856 0.1173017 0.8771359 0.003059566 0.9999127 0.1201923 0.8799728 0.1201853 0.8828583 0.1172891 0.8799728 0.1201853 0.880021 1.93196e-4 0.8829002 0.003091096 0.9999501 2.65071e-4 0.9970674 0.003144502 0.8829002 0.003091096 0.9999127 0.1201923 0.9970306 0.1173111 0.9970674 0.003144502 0.8800067 0.2402046 0.7599701 0.240191 0.7628541 0.2373076 0.759953 0.1201545 0.7628441 0.1230504 0.7628541 0.2373076 0.8799728 0.1201853 0.8770932 0.1230642 0.7628441 0.1230504 0.8799728 0.1201853 0.8800067 0.2402046 0.8771113 0.2373131 0.9999501 0.2401328 0.8800067 0.2402046 0.8828873 0.2373037 0.8799728 0.1201853 0.8828544 0.123086 0.8828873 0.2373037 0.9999127 0.1201923 0.9970329 0.123073 0.8828544 0.123086 0.9999127 0.1201923 0.9999501 0.2401328 0.9970677 0.2372524 0.5118593 0.2598531 0.5118593 0.2480438 0.6299515 0.2480439 0.6299515 4.99879e-5 0.6299515 0.01185923 0.5118592 0.01185923 0.7480438 5.00607e-5 0.7480438 0.01185923 0.6299515 0.01185923 0.50005 0.1299515 0.5118592 0.1299515 0.5118593 0.2480438 0.7598531 0.2480438 0.7480438 0.2480438 0.7480438 0.1299515 0.759853 0.1299515 0.7480438 0.1299515 0.7480438 0.01185923 0.50005 0.01185923 0.5118592 0.01185923 0.5118592 0.1299515 0.6299515 0.2598531 0.6299515 0.2480439 0.7480438 0.2480438 0.6172559 0.4970733 0.5029621 0.4970508 0.5030463 0.3827833 0.6172722 0.3770483 0.5030773 0.3770191 0.5031179 0.262855 0.7373011 0.4970359 0.6230469 0.4970586 0.6230479 0.3828126 0.7372836 0.3770059 0.6230689 0.3770516 0.6230432 0.2628761 0.6201514 0.4999499 0.6172559 0.4970733 0.6172855 0.3828209 0.6201514 0.4999499 0.50005 0.4999462 0.5029621 0.4970508 0.5001797 0.3798986 0.5030463 0.3827833 0.5029621 0.4970508 0.6201686 0.3799333 0.6172855 0.3828209 0.5030463 0.3827833 0.6201623 0.2599968 0.6201686 0.3799333 0.6172722 0.3770483 0.6201686 0.3799333 0.5001797 0.3798986 0.5030773 0.3770191 0.5002382 0.2599728 0.5031179 0.262855 0.5030773 0.3770191 0.6201623 0.2599968 0.6172815 0.262879 0.5031179 0.262855 0.7401848 0.4999193 0.7373011 0.4970359 0.7372937 0.3827816 0.6201514 0.4999499 0.6230469 0.4970586 0.7373011 0.4970359 0.6201686 0.3799333 0.6230479 0.3828126 0.6230469 0.4970586 0.6201686 0.3799333 0.7401848 0.379886 0.7372937 0.3827816 0.7400994 0.2599461 0.7401848 0.379886 0.7372836 0.3770059 0.6201686 0.3799333 0.6230689 0.3770516 0.7372836 0.3770059 0.6201623 0.2599968 0.6230432 0.2628761 0.6230689 0.3770516 0.6201623 0.2599968 0.7400994 0.2599461 0.7372195 0.2628286 0.5118589 0.2598461 0.5118589 0.2480372 0.629948 0.2480372 0.629948 4.99865e-5 0.629948 0.01185876 0.5118589 0.01185888 0.748037 5.00594e-5 0.7480371 0.01185888 0.629948 0.01185876 0.50005 0.129948 0.5118589 0.1299481 0.5118589 0.2480372 0.759846 0.2480372 0.7480371 0.2480372 0.748037 0.129948 0.759846 0.129948 0.748037 0.129948 0.7480371 0.01185888 0.50005 0.01185899 0.5118589 0.01185888 0.5118589 0.1299481 0.629948 0.2598461 0.629948 0.2480372 0.7480371 0.2480372 4.43562e-5 0.122244 4.45939e-5 0.1100329 0.4999558 0.1100365 4.45939e-5 0.1100329 4.46732e-5 0.09782171 0.4999558 0.09782636 4.43562e-5 0.1955108 4.44354e-5 0.1832997 0.4999557 0.1832966 4.44354e-5 0.1832997 4.41977e-5 0.1710885 0.4999557 0.1710866 4.41977e-5 0.1710885 4.4277e-5 0.1588773 0.4999555 0.1588765 4.4277e-5 0.1588773 4.4277e-5 0.1466662 0.4999555 0.1466665 4.4277e-5 0.1466662 4.45147e-5 0.1344552 0.4999555 0.1344565 4.45147e-5 0.1344552 4.43562e-5 0.122244 0.4999555 0.1222465 0.4999557 0.02446663 0.4999558 0.03667765 4.45147e-5 0.03668081 0.4999558 0.03667765 0.4999558 0.04888874 4.45939e-5 0.04889088 0.4999558 0.04888874 0.4999558 0.0611 4.46732e-5 0.06110095 0.4999558 0.0611 0.4999557 0.07331103 4.46732e-5 0.07331085 0.4999557 0.07331103 0.4999558 0.08552211 4.46732e-5 0.08552104 0.4999558 0.08552211 0.4999557 0.09773331 4.45939e-5 0.09773093 0.4999555 4.41977e-5 0.4999555 0.01225525 4.43562e-5 0.01226067 0.4999555 0.01225525 0.4999557 0.02446663 4.44354e-5 0.02447074</float_array>
          <technique_common>
            <accessor source="#Board_5_001-mesh-map-0-array" count="468" stride="2">
              <param name="S" type="float"/>
              <param name="T" type="float"/>
            </accessor>
          </technique_common>
        </source>
        <vertices id="Board_5_001-mesh-vertices">
          <input semantic="POSITION" source="#Board_5_001-mesh-positions"/>
        </vertices>
        <triangles material="Glass-material" count="52">
          <input semantic="VERTEX" source="#Board_5_001-mesh-vertices" offset="0"/>
          <input semantic="NORMAL" source="#Board_5_001-mesh-normals" offset="1"/>
          <input semantic="TEXCOORD" source="#Board_5_001-mesh-map-0" offset="2" set="0"/>
          <p>10 0 0 12 0 1 9 0 2 22 0 9 24 0 10 21 0 11 6 1 12 10 1 13 9 1 14 2 2 15 11 2 16 10 2 17 1 3 18 11 3 19 3 3 20 6 4 21 12 4 22 1 4 23 7 7 48 22 7 49 21 7 50 6 8 51 22 8 52 4 8 53 8 11 54 23 11 55 6 11 56 8 12 57 21 12 58 24 12 59 27 17 84 29 17 85 32 17 86 25 17 87 26 17 88 32 17 89 26 17 90 28 17 91 27 17 92 27 17 93 30 17 94 29 17 95 26 17 96 27 17 97 32 17 98 29 17 99 31 17 100 32 17 101 43 0 102 45 0 103 42 0 104 55 0 111 57 0 112 54 0 113 35 18 114 42 18 115 39 18 116 35 2 117 44 2 118 43 2 119 34 19 120 44 19 121 36 19 122 39 4 123 45 4 124 34 4 125 40 26 150 55 26 151 54 26 152 39 8 153 55 8 154 37 8 155 41 11 156 56 11 157 39 11 158 41 27 159 54 27 160 57 27 161 60 17 186 62 17 187 65 17 188 58 17 189 59 17 190 65 17 191 59 17 192 61 17 193 60 17 194 60 17 195 63 17 196 62 17 197 59 17 198 60 17 199 65 17 200 62 17 201 64 17 202 65 17 203 10 0 252 11 0 253 12 0 254 22 0 261 23 0 262 24 0 263 6 32 264 2 32 265 10 32 266 2 33 267 3 33 268 11 33 269 1 34 270 12 34 271 11 34 272 6 35 273 9 35 274 12 35 275 7 23 300 4 23 301 22 23 302 6 40 303 23 40 304 22 40 305 8 37 306 24 37 307 23 37 308 8 42 309 7 42 310 21 42 311 43 0 336 44 0 337 45 0 338 55 0 345 56 0 346 57 0 347 35 43 348 43 43 349 42 43 350 35 33 351 36 33 352 44 33 353 34 44 354 45 44 355 44 44 356 39 45 357 42 45 358 45 45 359 40 23 384 37 23 385 55 23 386 39 40 387 56 40 388 55 40 389 41 50 390 57 50 391 56 50 392 41 51 393 40 51 394 54 51 395</p>
        </triangles>
        <triangles material="Glass_Dark-material" count="40">
          <input semantic="VERTEX" source="#Board_5_001-mesh-vertices" offset="0"/>
          <input semantic="NORMAL" source="#Board_5_001-mesh-normals" offset="1"/>
          <input semantic="TEXCOORD" source="#Board_5_001-mesh-map-0" offset="2" set="0"/>
          <p>14 0 3 16 0 4 13 0 5 18 0 6 20 0 7 17 0 8 8 1 24 14 1 25 13 1 26 6 2 27 15 2 28 14 2 29 0 5 30 15 5 31 1 5 32 8 6 33 16 6 34 0 6 35 4 7 36 18 7 37 17 7 38 2 8 39 18 8 40 5 8 41 6 9 42 19 9 43 2 9 44 6 10 45 17 10 46 20 10 47 47 0 105 49 0 106 46 0 107 51 0 108 53 0 109 50 0 110 41 20 126 47 20 127 46 20 128 39 2 129 48 2 130 47 2 131 33 21 132 48 21 133 34 21 134 41 22 135 49 22 136 33 22 137 38 23 138 50 23 139 37 23 140 35 8 141 51 8 142 38 8 143 39 24 144 52 24 145 35 24 146 39 25 147 50 25 148 53 25 149 14 0 255 15 0 256 16 0 257 18 0 258 19 0 259 20 0 260 8 36 276 6 36 277 14 36 278 6 33 279 1 33 280 15 33 281 0 37 282 16 37 283 15 37 284 8 38 285 13 38 286 16 38 287 4 39 288 5 39 289 18 39 290 2 40 291 19 40 292 18 40 293 6 37 294 20 37 295 19 37 296 6 41 297 4 41 298 17 41 299 47 0 339 48 0 340 49 0 341 51 0 342 52 0 343 53 0 344 41 36 360 39 36 361 47 36 362 39 33 363 34 33 364 48 33 365 33 46 366 49 46 367 48 46 368 41 47 369 46 47 370 49 47 371 38 43 372 51 43 373 50 43 374 35 40 375 52 40 376 51 40 377 39 48 378 53 48 379 52 48 380 39 49 381 37 49 382 50 49 383</p>
        </triangles>
        <triangles material="Glass_Diffuse-material" count="64">
          <input semantic="VERTEX" source="#Board_5_001-mesh-vertices" offset="0"/>
          <input semantic="NORMAL" source="#Board_5_001-mesh-normals" offset="1"/>
          <input semantic="TEXCOORD" source="#Board_5_001-mesh-map-0" offset="2" set="0"/>
          <p>3 13 60 26 13 61 1 13 62 4 14 63 30 14 64 5 14 65 7 14 66 29 14 67 4 14 68 2 15 69 28 15 70 3 15 71 0 16 72 32 16 73 8 16 74 8 16 75 31 16 76 7 16 77 5 15 78 27 15 79 2 15 80 1 13 81 25 13 82 0 13 83 36 13 162 59 13 163 34 13 164 37 14 165 63 14 166 38 14 167 40 14 168 62 14 169 37 14 170 35 15 171 61 15 172 36 15 173 33 16 174 65 16 175 41 16 176 41 16 177 64 16 178 40 16 179 38 15 180 60 15 181 35 15 182 34 13 183 58 13 184 33 13 185 67 13 204 68 28 205 66 13 206 69 28 207 70 15 208 68 28 209 71 15 210 72 29 211 70 15 212 73 29 213 74 14 214 72 29 215 75 14 216 76 30 217 74 14 218 77 30 219 78 16 220 76 30 221 79 16 222 80 31 223 78 16 224 81 31 225 66 13 226 80 31 227 83 13 228 84 28 229 82 13 230 85 28 231 86 15 232 84 28 233 87 15 234 88 29 235 86 15 236 89 29 237 90 14 238 88 29 239 91 14 240 92 30 241 90 14 242 93 30 243 94 16 244 92 30 245 95 16 246 96 31 247 94 16 248 97 31 249 82 13 250 96 31 251 3 13 312 28 13 313 26 13 314 4 14 315 29 14 316 30 14 317 7 14 318 31 14 319 29 14 320 2 15 321 27 15 322 28 15 323 0 16 324 25 16 325 32 16 326 8 16 327 32 16 328 31 16 329 5 15 330 30 15 331 27 15 332 1 13 333 26 13 334 25 13 335 36 13 396 61 13 397 59 13 398 37 14 399 62 14 400 63 14 401 40 14 402 64 14 403 62 14 404 35 15 405 60 15 406 61 15 407 33 16 408 58 16 409 65 16 410 41 16 411 65 16 412 64 16 413 38 15 414 63 15 415 60 15 416 34 13 417 59 13 418 58 13 419 67 13 420 69 28 421 68 28 422 69 28 423 71 15 424 70 15 425 71 15 426 73 29 427 72 29 428 73 29 429 75 14 430 74 14 431 75 14 432 77 30 433 76 30 434 77 30 435 79 16 436 78 16 437 79 16 438 81 31 439 80 31 440 81 31 441 67 13 442 66 13 443 83 13 444 85 28 445 84 28 446 85 28 447 87 15 448 86 15 449 87 15 450 89 29 451 88 29 452 89 29 453 91 14 454 90 14 455 91 14 456 93 30 457 92 30 458 93 30 459 95 16 460 94 16 461 95 16 462 97 31 463 96 31 464 97 31 465 83 13 466 82 13 467</p>
        </triangles>
      </mesh>
    </geometry>
    <geometry id="Board_3-mesh" name="Board 3">
      <mesh>
        <source id="Board_3-mesh-positions">
          <float_array id="Board_3-mesh-positions-array" count="342">-0.04999995 0.08999997 0.55 -0.1 0.08999997 0.55 -0.1 0.14 0.55 -0.04999995 0.14 0.55 -0.1 0.1899999 0.55 -0.04999995 0.1899999 0.55 0.09999996 0.14 0.55 0.04999995 0.1899999 0.55 0.09999996 0.1899999 0.55 0 0.14 0.55 0.04999995 0.14 0.55 0 0.1899999 0.55 0 0.08999997 0.55 0.04999995 0.08999997 0.55 -0.04999995 -0.00999999 0.55 -0.04999995 0.03999996 0.55 -0.1 -0.00999999 0.55 -0.1 0.03999996 0.55 0.09999996 0.03999996 0.55 0.09999996 0.08999997 0.55 0.04999995 -0.00999999 0.55 0.09999996 -0.00999999 0.55 0.04999995 0.03999996 0.55 0 -0.00999999 0.55 0 0.03999996 0.55 -0.04899996 0.09099996 0.551 -0.000999987 0.09099996 0.551 -0.000999987 0.1389999 0.551 -0.04899996 0.1389999 0.551 -0.09899997 0.09099996 0.551 -0.05099999 0.09099996 0.551 -0.05099999 0.1389999 0.551 -0.09899997 0.1389999 0.551 -0.04899996 0.141 0.551 -0.000999987 0.141 0.551 -0.000999987 0.189 0.551 -0.04899996 0.189 0.551 -0.09899997 0.141 0.551 -0.05099999 0.141 0.551 -0.05099999 0.189 0.551 -0.09899997 0.189 0.551 0.05099999 0.141 0.551 0.09899997 0.141 0.551 0.09899997 0.189 0.551 0.05099993 0.189 0.551 9.99992e-4 0.141 0.551 0.04899996 0.141 0.551 0.04899996 0.189 0.551 9.99992e-4 0.189 0.551 0.05099999 0.09099996 0.551 0.09899997 0.09099996 0.551 0.09899997 0.1389999 0.551 0.05099999 0.1389999 0.551 9.99992e-4 0.09099996 0.551 0.04899996 0.09099996 0.551 0.04899996 0.1389999 0.551 9.99992e-4 0.1389999 0.551 -0.04899996 -0.008999943 0.551 -0.000999987 -0.008999943 0.551 -0.000999987 0.03899997 0.551 -0.04899996 0.03899997 0.551 -0.09899997 -0.008999943 0.551 -0.05099999 -0.008999943 0.551 -0.05099999 0.03899997 0.551 -0.09899997 0.03899997 0.551 -0.04899996 0.041 0.551 -0.000999987 0.041 0.551 -0.000999987 0.08899998 0.551 -0.04899996 0.08899998 0.551 -0.09899997 0.041 0.551 -0.05099999 0.041 0.551 -0.05099999 0.08899998 0.551 -0.09899997 0.08899998 0.551 0.05099993 0.041 0.551 0.09899997 0.041 0.551 0.09899997 0.08899998 0.551 0.05099999 0.08899998 0.551 9.99992e-4 0.041 0.551 0.04899996 0.041 0.551 0.04899996 0.08899998 0.551 9.99992e-4 0.08899998 0.551 0.05099993 -0.008999943 0.551 0.09899997 -0.008999943 0.551 0.09899997 0.03899997 0.551 0.05099993 0.03899997 0.551 9.99992e-4 -0.008999943 0.551 0.04899996 -0.008999943 0.551 0.04899996 0.03899997 0.551 9.99992e-4 0.03899997 0.551 -0.1 0.08999997 0.545 -0.1 0.14 0.545 -0.1 0.1899999 0.545 -0.04999995 0.1899999 0.545 0.09999996 0.14 0.545 0.04999995 0.1899999 0.545 0.09999996 0.1899999 0.545 0 0.1899999 0.545 -0.04999995 -0.00999999 0.545 -0.1 -0.00999999 0.545 -0.1 0.03999996 0.545 0.09999996 0.03999996 0.545 0.09999996 0.08999997 0.545 0.04999995 -0.00999999 0.545 0.09999996 -0.00999999 0.545 0 -0.00999999 0.545 0.04999995 0.1399999 0.545 -0.04999995 0.14 0.545 0 0.14 0.545 0 0.08999997 0.545 0.04999995 0.08999997 0.545 -0.04999995 0.08999997 0.545 -0.04999995 0.03999996 0.545 0.04999995 0.03999996 0.545 0 0.03999996 0.545</float_array>
          <technique_common>
            <accessor source="#Board_3-mesh-positions-array" count="114" stride="3">
              <param name="X" type="float"/>
              <param name="Y" type="float"/>
              <param name="Z" type="float"/>
            </accessor>
          </technique_common>
        </source>
        <source id="Board_3-mesh-normals">
          <float_array id="Board_3-mesh-normals-array" count="333">0 0 1 -3.29843e-7 0 1 0 -0.7071242 0.7070894 0.7071136 0 0.7071 0 0.7071235 0.7070902 -0.7071143 0 0.7070993 0 -0.707126 0.7070875 0.7071142 0 0.7070994 0 0.7071275 0.7070862 -0.707113 0 0.7071006 0 -0.7071174 0.7070962 0 0.7071313 0.7070824 -0.7071142 0 0.7070994 0 -0.7071168 0.7070968 0.7071144 0 0.7070991 0 0.7071206 0.707093 -0.7071127 0 0.7071008 0 -0.7071275 0.7070862 0.7071132 0 0.7071004 0 0.7071371 0.7070766 -0.707114 0 0.7070996 0 -0.7071145 0.7070991 0 0.707127 0.7070865 -0.7071136 0 0.7071 0 -0.7071206 0.707093 0.7071129 0 0.7071007 0 0.7071144 0.7070992 -0.7071144 0 0.7070991 0 -0.7071222 0.7070914 0 0.7071137 0.7071 -0.7071137 0 0.7070999 0 -0.7071229 0.7070907 0 0.7071229 0.7070907 -0.7071376 0 0.7070761 0 -0.7071222 0.7070914 8.09445e-7 0.7071259 0.7070878 -0.707113 0 0.7071007 0.7071135 0 0.7071 0 0.7071225 0.7070912 0 -0.707122 0.7070916 0 0.7071139 0.7070997 -0.7071129 0 0.7071007 0 0.7071251 0.7070885 -0.7071142 0 0.7070994 0 -0.70712 0.7070937 0.7071141 0 0.7070995 0 0.7071204 0.7070932 0 -0.7071229 0.7070907 0.707113 0 0.7071007 0 0.7071225 0.7070911 -0.7071143 0 0.7070993 0 -0.7071223 0.7070913 0 0.7071238 0.7070899 -0.7071137 0 0.7071 0 1 0 0 -1 0 -1 0 0 1 0 0 0 0 -1 1.49012e-6 0 -1 -5.36442e-7 0 -1 2.68221e-7 0 -1 3.29843e-7 0 1 0 -0.7071275 0.7070862 0.7071371 0 0.7070766 0 0.7071274 0.7070862 -0.7071377 0 0.707076 0 -0.7071207 0.7070929 0.7071378 0 0.7070758 0 0.7071145 0.7070991 -0.7071363 0 0.7070773 0 -0.7071274 0.7070862 0.707137 0 0.7070766 0 0.7071205 0.7070931 -0.7071377 0 0.707076 0.7071374 0 0.7070761 0 0.707124 0.7070896 -0.7071364 0 0.7070773 0 -0.7071167 0.7070969 0.707136 0 0.7070777 0 0.7071207 0.7070929 -0.7071378 0 0.7070758 0 -0.7071275 0.7070861 0.7071375 0 0.7070761 -0.707137 0 0.7070766 0 -0.7071194 0.7070941 0.7071364 0 0.7070773 0 -0.7071207 0.707093 0 0.7071344 0.7070792 0 -0.7071223 0.7070913 0.707137 0 0.7070766 -8.09445e-7 0.7071258 0.7070878 0.7071376 0 0.7070761 0 -0.7071241 0.7070896 0.707137 0 0.7070766 0.7071363 0 0.7070773 -0.7071376 0 0.707076 0 -0.7071241 0.7070895 0.7071377 0 0.707076 0 0.7071275 0.7070861 -0.7071371 0 0.7070765 0.7071363 0 0.7070774 0 0.7071242 0.7070894 -0.7071376 0 0.707076 0 -0.7071228 0.7070908 0.7071377 0 0.707076 0 0.7071223 0.7070913 -1.2219e-6 0 -1 -1.49012e-6 0 -1 5.36442e-7 0 -1 1.49012e-6 0 -1</float_array>
          <technique_common>
            <accessor source="#Board_3-mesh-normals-array" count="111" stride="3">
              <param name="X" type="float"/>
              <param name="Y" type="float"/>
              <param name="Z" type="float"/>
            </accessor>
          </technique_common>
        </source>
        <source id="Board_3-mesh-map-0">
          <float_array id="Board_3-mesh-map-0-array" count="1344">0.74623 0.7470399 0.6279604 0.6284523 0.7463722 0.6286823 0.7463696 0.6227663 0.6284778 0.5039331 0.7468019 0.5044811 0.6218109 0.7470376 0.5032283 0.6280866 0.6219806 0.6283586 0.6219848 0.6224414 0.5038029 0.5031325 0.6225167 0.5038074 0.6219844 0.8775582 0.5038039 0.9968682 0.5032467 0.8780179 0.6218103 0.752962 0.503229 0.8719142 0.5030517 0.7530494 0.7468024 0.9955183 0.6279907 0.8776177 0.746369 0.8772333 0.7463728 0.8713173 0.6278025 0.7530347 0.7462294 0.7529597 0.9943744 0.6291175 0.8763318 0.7469924 0.8764302 0.6289843 0.9943838 0.6231868 0.876729 0.5050126 0.9946348 0.5052818 0.8703667 0.7470383 0.752335 0.6287558 0.8704773 0.6289309 0.8704749 0.6230077 0.7527403 0.5045683 0.8707951 0.5049639 0.8707957 0.9950355 0.7523654 0.8772795 0.8704743 0.8769918 0.8704779 0.8710686 0.7522084 0.7530196 0.8703661 0.7529611 0.9946354 0.9947176 0.8764535 0.877025 0.9943831 0.8768125 0.994375 0.8708819 0.8763311 0.7530081 0.9942819 0.7529621 0.7492191 0.7500001 0.7463722 0.6286823 0.7493607 0.6257314 0.6248069 0.7500001 0.74623 0.7470399 0.7492191 0.7500001 0.6249793 0.6254089 0.627803 0.7469661 0.6248069 0.7500001 0.7493607 0.6257314 0.6279604 0.6284523 0.6249793 0.6254089 0.7493607 0.6257314 0.7468019 0.5044811 0.749785 0.5015432 0.6249793 0.6254089 0.7463696 0.6227663 0.7493607 0.6257314 0.6249793 0.6254089 0.6284778 0.5039331 0.6279912 0.6223832 0.749785 0.5015432 0.6284778 0.5039331 0.6255156 0.5008803 0.6248069 0.7500001 0.6219806 0.6283586 0.6249793 0.6254089 0.5000499 0.75 0.6218109 0.7470376 0.6248069 0.7500001 0.500236 0.6250252 0.5030522 0.7469514 0.5000499 0.75 0.6249793 0.6254089 0.5032283 0.6280866 0.500236 0.6250252 0.6249793 0.6254089 0.6225167 0.5038074 0.6255156 0.5008803 0.500236 0.6250252 0.6219848 0.6224414 0.6249793 0.6254089 0.500236 0.6250252 0.5038029 0.5031325 0.5032473 0.6219829 0.6255156 0.5008803 0.5038029 0.5031325 0.5008213 0.5000499 0.6249796 0.8745914 0.6225176 0.9961921 0.6219844 0.8775582 0.5008216 0.9999502 0.6225176 0.9961921 0.6255157 0.9991199 0.500236 0.8749749 0.5038039 0.9968682 0.5008216 0.9999502 0.6249796 0.8745914 0.5032467 0.8780179 0.500236 0.8749749 0.6249796 0.8745914 0.6218103 0.752962 0.6248069 0.7500001 0.500236 0.8749749 0.6219812 0.8716409 0.6249796 0.8745914 0.5000499 0.75 0.503229 0.8719142 0.500236 0.8749749 0.6248069 0.7500001 0.5030517 0.7530494 0.5000499 0.75 0.7493606 0.8742688 0.7468024 0.9955183 0.746369 0.8772333 0.6255157 0.9991199 0.7468024 0.9955183 0.749785 0.9984569 0.6249796 0.8745914 0.6284784 0.9960677 0.6255157 0.9991199 0.7493606 0.8742688 0.6279907 0.8776177 0.6249796 0.8745914 0.7493606 0.8742688 0.7462294 0.7529597 0.7492191 0.7500001 0.6249796 0.8745914 0.7463728 0.8713173 0.7493606 0.8742688 0.6248069 0.7500001 0.6279611 0.8715486 0.6249796 0.8745914 0.7492191 0.7500001 0.6278025 0.7530347 0.6248069 0.7500001 0.9972569 0.75 0.9943744 0.6291175 0.9973539 0.6261568 0.8733489 0.75 0.9942825 0.7470372 0.9972569 0.75 0.8734593 0.6259746 0.8763318 0.7469924 0.8733489 0.75 0.8734593 0.6259746 0.9943744 0.6291175 0.8764302 0.6289843 0.9973539 0.6261568 0.9946348 0.5052818 0.9976169 0.5023137 0.8734593 0.6259746 0.9943838 0.6231868 0.9973539 0.6261568 0.8734593 0.6259746 0.876729 0.5050126 0.8764541 0.6229757 0.9976169 0.5023137 0.876729 0.5050126 0.8737716 0.5020118 0.8733489 0.75 0.8704773 0.6289309 0.8734593 0.6259746 0.7492191 0.7500001 0.8703667 0.7470383 0.8733489 0.75 0.7493607 0.6257314 0.7522091 0.7469811 0.7492191 0.7500001 0.8734593 0.6259746 0.752335 0.6287558 0.7493607 0.6257314 0.8734593 0.6259746 0.8707951 0.5049639 0.8737716 0.5020118 0.7493607 0.6257314 0.8704749 0.6230077 0.8734593 0.6259746 0.7493607 0.6257314 0.7527403 0.5045683 0.752366 0.6227212 0.8737716 0.5020118 0.7527403 0.5045683 0.749785 0.5015432 0.8734592 0.8740255 0.8707957 0.9950355 0.8704743 0.8769918 0.749785 0.9984569 0.8707957 0.9950355 0.8737716 0.9979882 0.7493606 0.8742688 0.7527409 0.9954324 0.749785 0.9984569 0.8734592 0.8740255 0.7523654 0.8772795 0.7493606 0.8742688 0.8734592 0.8740255 0.8703661 0.7529611 0.8733489 0.75 0.7493606 0.8742688 0.8704779 0.8710686 0.8734592 0.8740255 0.7492191 0.7500001 0.7523354 0.871245 0.7493606 0.8742688 0.8733489 0.75 0.7522084 0.7530196 0.7492191 0.7500001 0.9973539 0.8738432 0.9946354 0.9947176 0.9943831 0.8768125 0.8737716 0.9979882 0.9946354 0.9947176 0.9976169 0.9976862 0.8734592 0.8740255 0.8767295 0.994988 0.8737716 0.9979882 0.9973539 0.8738432 0.8764535 0.877025 0.8734592 0.8740255 0.9973539 0.8738432 0.9942819 0.7529621 0.9972569 0.75 0.8734592 0.8740255 0.994375 0.8708819 0.9973539 0.8738432 0.8733489 0.75 0.8764306 0.8710163 0.8734592 0.8740255 0.9972569 0.75 0.8763311 0.7530081 0.8733489 0.75 0.7500002 0.9999499 0.8690238 0.9880475 0.8690238 0.9999501 0.9880476 0.5000503 0.8690238 0.5119526 0.8690237 0.5000502 0.9999499 0.8690238 0.9880475 0.75 0.9999499 0.7499999 0.8690237 0.5000502 0.7499999 0.5119525 0.75 0.5000501 0.5119525 0.9999498 0.6309763 0.9880474 0.6309764 0.9999498 0.50005 0.75 0.5119523 0.8690237 0.5000502 0.8690237 0.9999501 0.9880474 0.9880475 0.8690238 0.9999499 0.8690238 0.6309764 0.9999498 0.75 0.9880475 0.7500002 0.9999499 0.6309763 0.50005 0.5119525 0.5119525 0.5119525 0.5000501 0.75 0.5000501 0.6309763 0.5119525 0.6309763 0.50005 0.50005 0.6309762 0.5119523 0.7499998 0.50005 0.75 0.9999499 0.6309762 0.9880476 0.5119527 0.9999501 0.5119525 0.5000502 0.5119526 0.5119525 0.6309763 0.50005 0.6309762 0.9999499 0.7499999 0.9880475 0.6309762 0.9999499 0.6309762 0.5000502 0.8690237 0.5119525 0.9880475 0.5000502 0.9880474 0.8690238 0.9999501 0.9880476 0.9880474 0.9880476 0.9999499 0.9880476 0.9880474 0.8690237 0.8690237 0.9880475 0.8690238 0.8690239 0.6309764 0.7499999 0.5119525 0.8690238 0.5119526 0.6309764 0.6309761 0.5119525 0.5119525 0.6309763 0.5119525 0.7499999 0.5119525 0.6309764 0.6309761 0.6309763 0.5119525 0.8690237 0.8690237 0.75 0.9880475 0.75 0.8690237 0.5119523 0.8690237 0.6309763 0.9880474 0.5119525 0.9880475 0.8690237 0.75 0.9880475 0.8690238 0.8690237 0.8690237 0.75 0.8690237 0.6309763 0.9880474 0.6309763 0.8690235 0.8690237 0.75 0.75 0.8690237 0.7500001 0.75 0.5119523 0.7499998 0.6309763 0.8690235 0.5119523 0.8690237 0.9880475 0.75 0.8690239 0.6309764 0.9880475 0.6309762 0.7500001 0.75 0.6309763 0.8690235 0.6309764 0.7499999 0.8690239 0.6309764 0.7500001 0.75 0.7500002 0.6309763 0.6309764 0.6309761 0.5119523 0.7499998 0.5119525 0.6309763 0.7500002 0.6309763 0.6309764 0.7499999 0.6309764 0.6309761 0.9880475 0.6309762 0.8690238 0.5119526 0.9880476 0.5119527 0.74623 0.7470399 0.627803 0.7469661 0.6279604 0.6284523 0.7463696 0.6227663 0.6279912 0.6223832 0.6284778 0.5039331 0.6218109 0.7470376 0.5030522 0.7469514 0.5032283 0.6280866 0.6219848 0.6224414 0.5032473 0.6219829 0.5038029 0.5031325 0.6219844 0.8775582 0.6225176 0.9961921 0.5038039 0.9968682 0.6218103 0.752962 0.6219812 0.8716409 0.503229 0.8719142 0.7468024 0.9955183 0.6284784 0.9960677 0.6279907 0.8776177 0.7463728 0.8713173 0.6279611 0.8715486 0.6278025 0.7530347 0.9943744 0.6291175 0.9942825 0.7470372 0.8763318 0.7469924 0.9943838 0.6231868 0.8764541 0.6229757 0.876729 0.5050126 0.8703667 0.7470383 0.7522091 0.7469811 0.752335 0.6287558 0.8704749 0.6230077 0.752366 0.6227212 0.7527403 0.5045683 0.8707957 0.9950355 0.7527409 0.9954324 0.7523654 0.8772795 0.8704779 0.8710686 0.7523354 0.871245 0.7522084 0.7530196 0.9946354 0.9947176 0.8767295 0.994988 0.8764535 0.877025 0.994375 0.8708819 0.8764306 0.8710163 0.8763311 0.7530081 0.7492191 0.7500001 0.74623 0.7470399 0.7463722 0.6286823 0.6248069 0.7500001 0.627803 0.7469661 0.74623 0.7470399 0.6249793 0.6254089 0.6279604 0.6284523 0.627803 0.7469661 0.7493607 0.6257314 0.7463722 0.6286823 0.6279604 0.6284523 0.7493607 0.6257314 0.7463696 0.6227663 0.7468019 0.5044811 0.6249793 0.6254089 0.6279912 0.6223832 0.7463696 0.6227663 0.6249793 0.6254089 0.6255156 0.5008803 0.6284778 0.5039331 0.749785 0.5015432 0.7468019 0.5044811 0.6284778 0.5039331 0.6248069 0.7500001 0.6218109 0.7470376 0.6219806 0.6283586 0.5000499 0.75 0.5030522 0.7469514 0.6218109 0.7470376 0.500236 0.6250252 0.5032283 0.6280866 0.5030522 0.7469514 0.6249793 0.6254089 0.6219806 0.6283586 0.5032283 0.6280866 0.6249793 0.6254089 0.6219848 0.6224414 0.6225167 0.5038074 0.500236 0.6250252 0.5032473 0.6219829 0.6219848 0.6224414 0.500236 0.6250252 0.5008213 0.5000499 0.5038029 0.5031325 0.6255156 0.5008803 0.6225167 0.5038074 0.5038029 0.5031325 0.6249796 0.8745914 0.6255157 0.9991199 0.6225176 0.9961921 0.5008216 0.9999502 0.5038039 0.9968682 0.6225176 0.9961921 0.500236 0.8749749 0.5032467 0.8780179 0.5038039 0.9968682 0.6249796 0.8745914 0.6219844 0.8775582 0.5032467 0.8780179 0.6249796 0.8745914 0.6219812 0.8716409 0.6218103 0.752962 0.500236 0.8749749 0.503229 0.8719142 0.6219812 0.8716409 0.5000499 0.75 0.5030517 0.7530494 0.503229 0.8719142 0.6248069 0.7500001 0.6218103 0.752962 0.5030517 0.7530494 0.7493606 0.8742688 0.749785 0.9984569 0.7468024 0.9955183 0.6255157 0.9991199 0.6284784 0.9960677 0.7468024 0.9955183 0.6249796 0.8745914 0.6279907 0.8776177 0.6284784 0.9960677 0.7493606 0.8742688 0.746369 0.8772333 0.6279907 0.8776177 0.7493606 0.8742688 0.7463728 0.8713173 0.7462294 0.7529597 0.6249796 0.8745914 0.6279611 0.8715486 0.7463728 0.8713173 0.6248069 0.7500001 0.6278025 0.7530347 0.6279611 0.8715486 0.7492191 0.7500001 0.7462294 0.7529597 0.6278025 0.7530347 0.9972569 0.75 0.9942825 0.7470372 0.9943744 0.6291175 0.8733489 0.75 0.8763318 0.7469924 0.9942825 0.7470372 0.8734593 0.6259746 0.8764302 0.6289843 0.8763318 0.7469924 0.8734593 0.6259746 0.9973539 0.6261568 0.9943744 0.6291175 0.9973539 0.6261568 0.9943838 0.6231868 0.9946348 0.5052818 0.8734593 0.6259746 0.8764541 0.6229757 0.9943838 0.6231868 0.8734593 0.6259746 0.8737716 0.5020118 0.876729 0.5050126 0.9976169 0.5023137 0.9946348 0.5052818 0.876729 0.5050126 0.8733489 0.75 0.8703667 0.7470383 0.8704773 0.6289309 0.7492191 0.7500001 0.7522091 0.7469811 0.8703667 0.7470383 0.7493607 0.6257314 0.752335 0.6287558 0.7522091 0.7469811 0.8734593 0.6259746 0.8704773 0.6289309 0.752335 0.6287558 0.8734593 0.6259746 0.8704749 0.6230077 0.8707951 0.5049639 0.7493607 0.6257314 0.752366 0.6227212 0.8704749 0.6230077 0.7493607 0.6257314 0.749785 0.5015432 0.7527403 0.5045683 0.8737716 0.5020118 0.8707951 0.5049639 0.7527403 0.5045683 0.8734592 0.8740255 0.8737716 0.9979882 0.8707957 0.9950355 0.749785 0.9984569 0.7527409 0.9954324 0.8707957 0.9950355 0.7493606 0.8742688 0.7523654 0.8772795 0.7527409 0.9954324 0.8734592 0.8740255 0.8704743 0.8769918 0.7523654 0.8772795 0.8734592 0.8740255 0.8704779 0.8710686 0.8703661 0.7529611 0.7493606 0.8742688 0.7523354 0.871245 0.8704779 0.8710686 0.7492191 0.7500001 0.7522084 0.7530196 0.7523354 0.871245 0.8733489 0.75 0.8703661 0.7529611 0.7522084 0.7530196 0.9973539 0.8738432 0.9976169 0.9976862 0.9946354 0.9947176 0.8737716 0.9979882 0.8767295 0.994988 0.9946354 0.9947176 0.8734592 0.8740255 0.8764535 0.877025 0.8767295 0.994988 0.9973539 0.8738432 0.9943831 0.8768125 0.8764535 0.877025 0.9973539 0.8738432 0.994375 0.8708819 0.9942819 0.7529621 0.8734592 0.8740255 0.8764306 0.8710163 0.994375 0.8708819 0.8733489 0.75 0.8763311 0.7530081 0.8764306 0.8710163 0.9972569 0.75 0.9942819 0.7529621 0.8763311 0.7530081 0.7500002 0.9999499 0.75 0.9880475 0.8690238 0.9880475 0.9880476 0.5000503 0.9880476 0.5119527 0.8690238 0.5119526 0.9999499 0.8690238 0.9880475 0.8690238 0.9880475 0.75 0.8690237 0.5000502 0.8690238 0.5119526 0.7499999 0.5119525 0.5119525 0.9999498 0.5119525 0.9880475 0.6309763 0.9880474 0.50005 0.75 0.5119523 0.7499998 0.5119523 0.8690237 0.9999501 0.9880474 0.9880476 0.9880474 0.9880475 0.8690238 0.6309764 0.9999498 0.6309763 0.9880474 0.75 0.9880475 0.6309763 0.50005 0.6309763 0.5119525 0.5119525 0.5119525 0.75 0.5000501 0.7499999 0.5119525 0.6309763 0.5119525 0.50005 0.6309762 0.5119525 0.6309763 0.5119523 0.7499998 0.9999499 0.6309762 0.9880475 0.6309762 0.9880476 0.5119527 0.5000502 0.5119526 0.5119525 0.5119525 0.5119525 0.6309763 0.9999499 0.7499999 0.9880475 0.75 0.9880475 0.6309762 0.5000502 0.8690237 0.5119523 0.8690237 0.5119525 0.9880475 0.8690238 0.9999501 0.8690238 0.9880475 0.9880476 0.9880474 0.9880476 0.9880474 0.8690238 0.9880475 0.8690237 0.8690237 0.8690239 0.6309764 0.7500002 0.6309763 0.7499999 0.5119525 0.6309764 0.6309761 0.5119525 0.6309763 0.5119525 0.5119525 0.7499999 0.5119525 0.7500002 0.6309763 0.6309764 0.6309761 0.8690237 0.8690237 0.8690238 0.9880475 0.75 0.9880475 0.5119523 0.8690237 0.6309763 0.8690235 0.6309763 0.9880474 0.8690237 0.75 0.9880475 0.75 0.9880475 0.8690238 0.75 0.8690237 0.75 0.9880475 0.6309763 0.9880474 0.8690237 0.75 0.8690237 0.8690237 0.75 0.8690237 0.5119523 0.7499998 0.6309764 0.7499999 0.6309763 0.8690235 0.9880475 0.75 0.8690237 0.75 0.8690239 0.6309764 0.7500001 0.75 0.75 0.8690237 0.6309763 0.8690235 0.8690239 0.6309764 0.8690237 0.75 0.7500001 0.75 0.6309764 0.6309761 0.6309764 0.7499999 0.5119523 0.7499998 0.7500002 0.6309763 0.7500001 0.75 0.6309764 0.7499999 0.9880475 0.6309762 0.8690239 0.6309764 0.8690238 0.5119526</float_array>
          <technique_common>
            <accessor source="#Board_3-mesh-map-0-array" count="672" stride="2">
              <param name="S" type="float"/>
              <param name="T" type="float"/>
            </accessor>
          </technique_common>
        </source>
        <vertices id="Board_3-mesh-vertices">
          <input semantic="POSITION" source="#Board_3-mesh-positions"/>
        </vertices>
        <triangles material="Glass-material" count="112">
          <input semantic="VERTEX" source="#Board_3-mesh-vertices" offset="0"/>
          <input semantic="NORMAL" source="#Board_3-mesh-normals" offset="1"/>
          <input semantic="TEXCOORD" source="#Board_3-mesh-map-0" offset="2" set="0"/>
          <p>30 0 3 32 0 4 29 0 5 34 0 6 36 0 7 33 0 8 41 0 12 43 0 13 44 0 14 54 0 21 56 0 22 53 0 23 62 0 27 64 0 28 61 0 29 66 0 30 68 0 31 65 0 32 74 0 36 76 0 37 73 0 38 86 0 45 88 0 46 85 0 47 0 6 60 29 6 61 1 6 62 3 7 63 30 7 64 0 7 65 3 8 66 32 8 67 31 8 68 1 9 69 32 9 70 2 9 71 9 10 72 33 10 73 3 10 74 11 3 75 34 3 76 9 3 77 5 11 78 35 11 79 11 11 80 3 12 81 36 12 82 5 12 83 10 17 96 42 17 97 41 17 98 8 18 99 42 18 100 6 18 101 7 19 102 43 19 103 8 19 104 10 20 105 44 20 106 7 20 107 13 28 132 53 28 133 12 28 134 10 7 135 54 7 136 13 7 137 9 29 138 55 29 139 10 29 140 12 30 141 56 30 142 9 30 143 14 34 156 61 34 157 16 34 158 15 7 159 62 7 160 14 7 161 15 35 162 64 35 163 63 35 164 16 36 165 64 36 166 17 36 167 24 2 168 65 2 169 15 2 170 12 37 171 66 37 172 24 37 173 0 38 174 67 38 175 12 38 176 15 12 177 68 12 178 0 12 179 22 2 192 74 2 193 73 2 194 19 25 195 74 25 196 18 25 197 13 42 198 75 42 199 19 42 200 22 43 201 76 43 202 13 43 203 20 51 228 85 51 229 23 51 230 22 7 231 86 7 232 20 7 233 24 52 234 87 52 235 22 52 236 23 53 237 88 53 238 24 53 239 91 58 288 106 58 289 90 58 290 111 58 291 104 58 292 97 58 293 112 58 294 103 58 295 102 58 296 104 58 297 112 58 298 102 58 299 106 58 300 96 58 301 107 58 302 93 58 303 94 58 304 95 58 305 110 58 306 90 58 307 106 58 308 107 59 309 94 59 310 105 59 311 110 58 312 107 58 313 108 58 314 101 60 315 105 60 316 93 60 317 89 61 318 111 61 319 99 61 320 108 58 321 105 58 322 109 58 323 111 58 324 108 58 325 113 58 326 112 58 327 101 58 328 100 58 329 113 58 330 109 58 331 112 58 332 99 58 333 97 58 334 98 58 335 30 0 339 31 0 340 32 0 341 34 0 342 35 0 343 36 0 344 41 0 348 42 0 349 43 0 350 54 0 357 55 0 358 56 0 359 62 62 363 63 62 364 64 62 365 66 0 366 67 0 367 68 0 368 74 0 372 75 0 373 76 0 374 86 0 381 87 0 382 88 0 383 0 67 396 30 67 397 29 67 398 3 68 399 31 68 400 30 68 401 3 69 402 2 69 403 32 69 404 1 70 405 29 70 406 32 70 407 9 71 408 34 71 409 33 71 410 11 72 411 35 72 412 34 72 413 5 73 414 36 73 415 35 73 416 3 74 417 33 74 418 36 74 419 10 78 432 6 78 433 42 78 434 8 79 435 43 79 436 42 79 437 7 80 438 44 80 439 43 80 440 10 81 441 41 81 442 44 81 443 13 87 468 54 87 469 53 87 470 10 68 471 55 68 472 54 68 473 9 88 474 56 88 475 55 88 476 12 84 477 53 84 478 56 84 479 14 47 492 62 47 493 61 47 494 15 92 495 63 92 496 62 92 497 15 49 498 17 49 499 64 49 500 16 70 501 61 70 502 64 70 503 24 93 504 66 93 505 65 93 506 12 94 507 67 94 508 66 94 509 0 15 510 68 15 511 67 15 512 15 33 513 65 33 514 68 33 515 22 39 528 18 39 529 74 39 530 19 95 531 75 95 532 74 95 533 13 15 534 76 15 535 75 15 536 22 96 537 73 96 538 76 96 539 20 104 564 86 104 565 85 104 566 22 105 567 87 105 568 86 105 569 24 106 570 88 106 571 87 106 572 23 84 573 85 84 574 88 84 575 91 58 624 92 58 625 106 58 626 111 58 627 113 58 628 104 58 629 112 58 630 100 58 631 103 58 632 104 107 633 113 107 634 112 107 635 106 58 636 92 58 637 96 58 638 93 108 639 105 108 640 94 108 641 110 58 642 89 58 643 90 58 644 107 58 645 96 58 646 94 58 647 110 58 648 106 58 649 107 58 650 101 58 651 109 58 652 105 58 653 89 58 654 110 58 655 111 58 656 108 109 657 107 109 658 105 109 659 111 58 660 110 58 661 108 58 662 112 58 663 109 58 664 101 58 665 113 58 666 108 58 667 109 58 668 99 110 669 111 110 670 97 110 671</p>
        </triangles>
        <triangles material="Glass_Dark-material" count="80">
          <input semantic="VERTEX" source="#Board_3-mesh-vertices" offset="0"/>
          <input semantic="NORMAL" source="#Board_3-mesh-normals" offset="1"/>
          <input semantic="TEXCOORD" source="#Board_3-mesh-map-0" offset="2" set="0"/>
          <p>26 0 0 28 0 1 25 0 2 38 0 9 40 0 10 37 0 11 45 0 15 47 0 16 48 0 17 50 0 18 52 0 19 49 0 20 57 1 24 59 1 25 60 1 26 70 0 33 72 0 34 69 0 35 78 0 39 80 0 40 77 0 41 82 0 42 84 0 43 81 0 44 12 2 48 25 2 49 0 2 50 9 3 51 26 3 52 12 3 53 3 4 54 27 4 55 9 4 56 0 5 57 28 5 58 3 5 59 3 13 84 37 13 85 2 13 86 5 14 87 38 14 88 3 14 89 5 15 90 40 15 91 39 15 92 2 16 93 40 16 94 4 16 95 10 21 108 45 21 109 9 21 110 7 14 111 46 14 112 10 14 113 11 22 114 47 22 115 7 22 116 9 23 117 48 23 118 11 23 119 13 24 120 50 24 121 49 24 122 6 25 123 50 25 124 19 25 125 10 26 126 51 26 127 6 26 128 13 27 129 52 27 130 10 27 131 23 31 144 57 31 145 14 31 146 24 3 147 58 3 148 23 3 149 15 32 150 59 32 151 24 32 152 15 33 153 57 33 154 60 33 155 15 39 180 69 39 181 17 39 182 0 7 183 70 7 184 15 7 185 0 40 186 72 40 187 71 40 188 17 41 189 72 41 190 1 41 191 22 44 204 77 44 205 24 44 206 13 45 207 78 45 208 22 45 209 12 46 210 79 46 211 13 46 212 24 23 213 80 23 214 12 23 215 20 47 216 82 47 217 81 47 218 18 48 219 82 48 220 21 48 221 22 49 222 83 49 223 18 49 224 20 50 225 84 50 226 22 50 227 26 0 336 27 0 337 28 0 338 38 0 345 39 0 346 40 0 347 45 0 351 46 0 352 47 0 353 50 0 354 51 0 355 52 0 356 57 0 360 58 0 361 59 0 362 70 0 369 71 0 370 72 0 371 78 0 375 79 0 376 80 0 377 82 0 378 83 0 379 84 0 380 12 63 384 26 63 385 25 63 386 9 64 387 27 64 388 26 64 389 3 65 390 28 65 391 27 65 392 0 66 393 25 66 394 28 66 395 3 17 420 38 17 421 37 17 422 5 75 423 39 75 424 38 75 425 5 76 426 4 76 427 40 76 428 2 77 429 37 77 430 40 77 431 10 82 444 46 82 445 45 82 446 7 83 447 47 83 448 46 83 449 11 15 450 48 15 451 47 15 452 9 84 453 45 84 454 48 84 455 13 85 456 19 85 457 50 85 458 6 86 459 51 86 460 50 86 461 10 8 462 52 8 463 51 8 464 13 33 465 49 33 466 52 33 467 23 89 480 58 89 481 57 89 482 24 90 483 59 90 484 58 90 485 15 91 486 60 91 487 59 91 488 15 12 489 14 12 490 57 12 491 15 2 516 70 2 517 69 2 518 0 92 519 71 92 520 70 92 521 0 42 522 1 42 523 72 42 524 17 70 525 69 70 526 72 70 527 22 97 540 78 97 541 77 97 542 13 98 543 79 98 544 78 98 545 12 99 546 80 99 547 79 99 548 24 100 549 77 100 550 80 100 551 20 34 552 21 34 553 82 34 554 18 101 555 83 101 556 82 101 557 22 102 558 84 102 559 83 102 560 20 103 561 81 103 562 84 103 563</p>
        </triangles>
        <triangles material="Glass_Diffuse-material" count="32">
          <input semantic="VERTEX" source="#Board_3-mesh-vertices" offset="0"/>
          <input semantic="NORMAL" source="#Board_3-mesh-normals" offset="1"/>
          <input semantic="TEXCOORD" source="#Board_3-mesh-map-0" offset="2" set="0"/>
          <p>11 54 240 92 54 241 5 54 242 16 55 243 97 55 244 14 55 245 2 56 246 89 56 247 1 56 248 14 55 249 104 55 250 23 55 251 8 54 252 94 54 253 7 54 254 19 57 255 93 57 256 6 57 257 4 56 258 90 56 259 2 56 260 7 54 261 96 54 262 11 54 263 20 55 264 103 55 265 21 55 266 23 55 267 102 55 268 20 55 269 18 57 270 101 57 271 19 57 272 17 56 273 98 56 274 16 56 275 21 57 276 100 57 277 18 57 278 1 56 279 99 56 280 17 56 281 6 57 282 95 57 283 8 57 284 5 54 285 91 54 286 4 54 287 11 54 576 96 54 577 92 54 578 16 55 579 98 55 580 97 55 581 2 56 582 90 56 583 89 56 584 14 55 585 97 55 586 104 55 587 8 54 588 95 54 589 94 54 590 19 57 591 101 57 592 93 57 593 4 56 594 91 56 595 90 56 596 7 54 597 94 54 598 96 54 599 20 55 600 102 55 601 103 55 602 23 55 603 104 55 604 102 55 605 18 57 606 100 57 607 101 57 608 17 56 609 99 56 610 98 56 611 21 57 612 103 57 613 100 57 614 1 56 615 89 56 616 99 56 617 6 57 618 93 57 619 95 57 620 5 54 621 92 54 622 91 54 623</p>
        </triangles>
      </mesh>
    </geometry>
    <geometry id="Board_1-mesh" name="Board 1">
      <mesh>
        <source id="Board_1-mesh-positions">
          <float_array id="Board_1-mesh-positions-array" count="342">-0.04999995 -0.1399999 0.15 -0.1 -0.1399999 0.15 -0.1 -0.08999997 0.15 -0.04999995 -0.08999997 0.15 -0.1 -0.03999996 0.15 -0.04999995 -0.03999996 0.15 0.09999996 -0.08999997 0.15 0.04999995 -0.03999996 0.15 0.09999996 -0.03999996 0.15 0 -0.08999997 0.15 0.04999995 -0.08999997 0.15 0 -0.03999996 0.15 0 -0.1399999 0.15 0.04999995 -0.1399999 0.15 -0.04999995 -0.24 0.15 -0.04999995 -0.1899999 0.15 -0.1 -0.24 0.15 -0.1 -0.1899999 0.15 0.09999996 -0.1899999 0.15 0.09999996 -0.1399999 0.15 0.04999995 -0.24 0.15 0.09999996 -0.24 0.15 0.04999995 -0.1899999 0.15 0 -0.24 0.15 0 -0.1899999 0.15 -0.04899996 -0.1389999 0.151 -0.000999987 -0.1389999 0.151 -0.000999987 -0.09099996 0.151 -0.04899996 -0.09099996 0.151 -0.09899997 -0.1389999 0.151 -0.05099999 -0.1389999 0.151 -0.05099999 -0.09099996 0.151 -0.09899997 -0.09099996 0.151 -0.04899996 -0.08899998 0.151 -0.000999987 -0.08899998 0.151 -0.000999987 -0.04099994 0.151 -0.04899996 -0.04099994 0.151 -0.09899997 -0.08899998 0.151 -0.05099999 -0.08899998 0.151 -0.05099999 -0.04099994 0.151 -0.09899997 -0.04099994 0.151 0.05099999 -0.08899998 0.151 0.09899997 -0.08899998 0.151 0.09899997 -0.04099994 0.151 0.05099993 -0.04099994 0.151 9.99992e-4 -0.08899998 0.151 0.04899996 -0.08899998 0.151 0.04899996 -0.04099994 0.151 9.99992e-4 -0.04099994 0.151 0.05099999 -0.1389999 0.151 0.09899997 -0.1389999 0.151 0.09899997 -0.09099996 0.151 0.05099999 -0.09099996 0.151 9.99992e-4 -0.1389999 0.151 0.04899996 -0.1389999 0.151 0.04899996 -0.09099996 0.151 9.99992e-4 -0.09099996 0.151 -0.04899996 -0.239 0.151 -0.000999987 -0.239 0.151 -0.000999987 -0.1909999 0.151 -0.04899996 -0.1909999 0.151 -0.09899997 -0.239 0.151 -0.05099999 -0.239 0.151 -0.05099999 -0.1909999 0.151 -0.09899997 -0.1909999 0.151 -0.04899996 -0.189 0.151 -0.000999987 -0.189 0.151 -0.000999987 -0.141 0.151 -0.04899996 -0.141 0.151 -0.09899997 -0.189 0.151 -0.05099999 -0.189 0.151 -0.05099999 -0.141 0.151 -0.09899997 -0.141 0.151 0.05099993 -0.189 0.151 0.09899997 -0.189 0.151 0.09899997 -0.141 0.151 0.05099999 -0.141 0.151 9.99992e-4 -0.189 0.151 0.04899996 -0.189 0.151 0.04899996 -0.141 0.151 9.99992e-4 -0.141 0.151 0.05099993 -0.239 0.151 0.09899997 -0.239 0.151 0.09899997 -0.1909999 0.151 0.05099993 -0.1909999 0.151 9.99992e-4 -0.239 0.151 0.04899996 -0.239 0.151 0.04899996 -0.1909999 0.151 9.99992e-4 -0.1909999 0.151 -0.1 -0.1399999 0.145 -0.1 -0.08999997 0.145 -0.1 -0.03999996 0.145 -0.04999995 -0.03999996 0.145 0.09999996 -0.08999997 0.145 0.04999995 -0.03999996 0.145 0.09999996 -0.03999996 0.145 0 -0.03999996 0.145 -0.04999995 -0.24 0.145 -0.1 -0.24 0.145 -0.1 -0.1899999 0.145 0.09999996 -0.1899999 0.145 0.09999996 -0.1399999 0.145 0.04999995 -0.24 0.145 0.09999996 -0.24 0.145 0 -0.24 0.145 0.04999995 -0.08999997 0.145 -0.04999995 -0.08999997 0.145 0 -0.08999997 0.145 0 -0.1399999 0.145 0.04999995 -0.1399999 0.145 -0.04999995 -0.1399999 0.145 -0.04999995 -0.1899999 0.145 0.04999995 -0.1899999 0.145 0 -0.1899999 0.145</float_array>
          <technique_common>
            <accessor source="#Board_1-mesh-positions-array" count="114" stride="3">
              <param name="X" type="float"/>
              <param name="Y" type="float"/>
              <param name="Z" type="float"/>
            </accessor>
          </technique_common>
        </source>
        <source id="Board_1-mesh-normals">
          <float_array id="Board_1-mesh-normals-array" count="342">0 0 1 0 -0.7071163 0.7070974 0.7071093 0 0.7071042 0 0.7071117 0.707102 -0.7071133 0 0.7071003 0 -0.707117 0.7070966 0.70711 0 0.7071036 0 0.7071101 0.7071036 -0.707112 0 0.7071017 0 -0.7071097 0.7071039 0.7071126 0 0.7071011 0 0.7071128 0.7071009 -0.7071132 0 0.7071004 0 -0.707108 0.7071057 0.7071132 0 0.7071004 -0.7071118 0 0.7071018 0 -0.7071101 0.7071036 0.7071118 0 0.7071018 0 0.7071148 0.7070987 -0.7071133 0 0.7071003 0 -0.7071119 0.7071018 0 0.7071139 0.7070997 -0.7071126 0 0.7071011 0 -0.707117 0.7070967 0.7071087 0 0.7071049 0 0.7071089 0.7071046 -0.7071133 0 0.7071003 0 -0.7071196 0.707094 0.7071101 0 0.7071035 0 0.7071138 0.7070998 -0.7071128 0 0.7071009 0.7071141 0 0.7070996 0 0.7071095 0.7071042 -0.7071144 0 0.7070991 0 -0.7071155 0.707098 0.7071144 0 0.7070991 0 0.7071239 0.7070897 -0.7071132 0 0.7071005 0 -0.7071031 0.7071105 0.7071114 0 0.7071023 0 0.707104 0.7071095 -0.707112 0 0.7071017 0 -0.7071129 0.7071007 0.707112 0 0.7071017 0 0.7071033 0.7071103 -0.7071107 0 0.7071029 0 -0.7071102 0.7071034 0.7071107 0 0.7071029 0 0.7071063 0.7071073 -0.707112 0 0.7071017 0 -0.7071206 0.7070931 0 0.7071073 0.7071064 -0.7071111 0 0.7071024 0 -0.7071239 0.7070897 0.7071132 0 0.7071005 0 0.707117 0.7070966 0 -0.7071218 0.7070918 0 0.7071141 0.7070996 -0.7071141 0 0.7070996 0 1 0 0 -1 0 -1 0 0 1 0 0 0 0 -1 -3.72529e-7 0 -1 -2.38419e-7 0 -1 2.38419e-7 0 -1 -3.72529e-7 0 -1 0 -0.7071169 0.7070967 0.7071128 0 0.7071009 0 0.7071101 0.7071036 -0.7071101 0 0.7071035 0 -0.707117 0.7070966 0.7071134 0 0.7071002 0 0.7071157 0.707098 -0.7071087 0 0.7071049 0 -0.7071169 0.7070968 0.7071164 0 0.7070971 -0.707117 0 0.7070966 0.707117 0 0.7070966 0 0.7071117 0.707102 -0.7071157 0 0.7070979 0 -0.7071144 0.7070992 0.7071157 0 0.7070979 0 0.7071102 0.7071034 -0.7071169 0 0.7070967 0 -0.7071101 0.7071034 0.707117 0 0.7070966 0 0.7071101 0.7071035 -0.7071164 0 0.7070971 0.707112 0 0.7071017 -0.7071101 0 0.7071035 0.7071133 0 0.7071003 0 0.7071101 0.7071034 -0.7071093 0 0.7071042 0 -0.7071101 0.7071036 0.7071095 0 0.7071042 0 0.7071238 0.7070898 -0.70711 0 0.7071036 0 -0.7070963 0.7071173 0.7071164 0 0.7070972 0 0.7071033 0.7071104 -0.7071171 0 0.7070965 0.7071171 0 0.7070965 -0.7071158 0 0.7070978 0.7071158 0 0.7070978 0 0.7071032 0.7071104 -0.707117 0 0.7070965 0.7071171 0 0.7070965 0 0.7071033 0.7071103 -0.7071167 0 0.7070969 -1.3411e-7 0 -1 3.72529e-7 0 -1 2.38419e-7 0 -1</float_array>
          <technique_common>
            <accessor source="#Board_1-mesh-normals-array" count="114" stride="3">
              <param name="X" type="float"/>
              <param name="Y" type="float"/>
              <param name="Z" type="float"/>
            </accessor>
          </technique_common>
        </source>
        <source id="Board_1-mesh-map-0">
          <float_array id="Board_1-mesh-map-0-array" count="1344">0.2462297 0.2470399 0.1279602 0.1284523 0.2463719 0.1286823 0.2463693 0.1227663 0.1284775 0.003933012 0.2468016 0.004481077 0.1218107 0.2470375 0.003227949 0.1280866 0.1219803 0.1283585 0.1219847 0.1224413 0.003802657 0.003132462 0.1225165 0.003807187 0.1219843 0.3775581 0.003803789 0.4968682 0.003246724 0.3780179 0.1218101 0.2529619 0.003228902 0.3719142 0.003051459 0.2530494 0.2468024 0.4955182 0.1279907 0.3776177 0.2463688 0.3772332 0.2463726 0.3713172 0.1278024 0.2530348 0.2462291 0.2529597 0.4942822 0.2470371 0.3764298 0.1289844 0.494374 0.1291175 0.4943835 0.1231869 0.3767287 0.005012571 0.4946345 0.005281805 0.3703663 0.2470383 0.2523347 0.1287558 0.370477 0.1289309 0.3704747 0.1230077 0.25274 0.004568278 0.3707948 0.004963874 0.3707955 0.4950353 0.2523652 0.3772795 0.3704741 0.3769916 0.3704776 0.3710685 0.2522082 0.2530196 0.3703657 0.252961 0.4946351 0.4947172 0.3764532 0.3770248 0.4943827 0.3768123 0.4943747 0.3708818 0.3763307 0.2530081 0.4942815 0.2529621 0.2492189 0.2500001 0.2463719 0.1286823 0.2493604 0.1257314 0.2492189 0.2500001 0.1278028 0.2469661 0.2462297 0.2470399 0.124979 0.1254088 0.1278028 0.2469661 0.1248065 0.2500001 0.2493604 0.1257314 0.1279602 0.1284523 0.124979 0.1254088 0.2493604 0.1257314 0.2468016 0.004481077 0.2497847 0.001543164 0.2493604 0.1257314 0.1279909 0.1223831 0.2463693 0.1227663 0.124979 0.1254088 0.1284775 0.003933012 0.1279909 0.1223831 0.2497847 0.001543164 0.1284775 0.003933012 0.1255152 8.80056e-4 0.1248065 0.2500001 0.1219803 0.1283585 0.124979 0.1254088 4.98732e-5 0.2500001 0.1218107 0.2470375 0.1248065 0.2500001 2.35579e-4 0.1250252 0.003051936 0.2469515 4.98732e-5 0.2500001 0.124979 0.1254088 0.003227949 0.1280866 2.35579e-4 0.1250252 0.124979 0.1254088 0.1225165 0.003807187 0.1255152 8.80056e-4 2.35579e-4 0.1250252 0.1219847 0.1224413 0.124979 0.1254088 2.35579e-4 0.1250252 0.003802657 0.003132462 0.003247022 0.1219829 0.1255152 8.80056e-4 0.003802657 0.003132462 8.21078e-4 4.98732e-5 0.1249793 0.3745912 0.1225175 0.496192 0.1219843 0.3775581 8.21599e-4 0.4999501 0.1225175 0.496192 0.1255157 0.4991198 2.35952e-4 0.374975 0.003803789 0.4968682 8.21599e-4 0.4999501 0.1249793 0.3745912 0.003246724 0.3780179 2.35952e-4 0.374975 0.1249793 0.3745912 0.1218101 0.2529619 0.1248065 0.2500001 2.35952e-4 0.374975 0.1219811 0.3716409 0.1249793 0.3745912 4.98732e-5 0.2500001 0.003228902 0.3719142 2.35952e-4 0.374975 0.1248065 0.2500001 0.003051459 0.2530494 4.98732e-5 0.2500001 0.2493605 0.3742687 0.2468024 0.4955182 0.2463688 0.3772332 0.2497848 0.4984567 0.1284785 0.4960675 0.2468024 0.4955182 0.1249793 0.3745912 0.1284785 0.4960675 0.1255157 0.4991198 0.2493605 0.3742687 0.1279907 0.3776177 0.1249793 0.3745912 0.2493605 0.3742687 0.2462291 0.2529597 0.2492189 0.2500001 0.2493605 0.3742687 0.127961 0.3715485 0.2463726 0.3713172 0.1248065 0.2500001 0.127961 0.3715485 0.1249793 0.3745912 0.2492189 0.2500001 0.1278024 0.2530348 0.1248065 0.2500001 0.4972566 0.2499998 0.494374 0.1291175 0.4973535 0.1261568 0.3733486 0.25 0.4942822 0.2470371 0.4972566 0.2499998 0.3734589 0.1259746 0.3763315 0.2469923 0.3733486 0.25 0.4973535 0.1261568 0.3764298 0.1289844 0.3734589 0.1259746 0.4973535 0.1261568 0.4946345 0.005281805 0.4976167 0.002313792 0.3734589 0.1259746 0.4943835 0.1231869 0.4973535 0.1261568 0.3734589 0.1259746 0.3767287 0.005012571 0.3764538 0.1229757 0.4976167 0.002313792 0.3767287 0.005012571 0.3737713 0.002011835 0.3733486 0.25 0.370477 0.1289309 0.3734589 0.1259746 0.2492189 0.2500001 0.3703663 0.2470383 0.3733486 0.25 0.2493604 0.1257314 0.2522089 0.246981 0.2492189 0.2500001 0.3734589 0.1259746 0.2523347 0.1287558 0.2493604 0.1257314 0.3734589 0.1259746 0.3707948 0.004963874 0.3737713 0.002011835 0.2493604 0.1257314 0.3704747 0.1230077 0.3734589 0.1259746 0.2493604 0.1257314 0.25274 0.004568278 0.2523657 0.1227212 0.3737713 0.002011835 0.25274 0.004568278 0.2497847 0.001543164 0.3734589 0.3740253 0.3707955 0.4950353 0.3704741 0.3769916 0.2497848 0.4984567 0.3707955 0.4950353 0.3737714 0.4979879 0.2493605 0.3742687 0.2527408 0.4954323 0.2497848 0.4984567 0.3734589 0.3740253 0.2523652 0.3772795 0.2493605 0.3742687 0.3734589 0.3740253 0.3703657 0.252961 0.3733486 0.25 0.2493605 0.3742687 0.3704776 0.3710685 0.3734589 0.3740253 0.2492189 0.2500001 0.2523353 0.3712449 0.2493605 0.3742687 0.3733486 0.25 0.2522082 0.2530196 0.2492189 0.2500001 0.4973534 0.373843 0.4946351 0.4947172 0.4943827 0.3768123 0.3737714 0.4979879 0.4946351 0.4947172 0.4976166 0.4976859 0.3734589 0.3740253 0.3767293 0.4949878 0.3737714 0.4979879 0.4973534 0.373843 0.3764532 0.3770248 0.3734589 0.3740253 0.4973534 0.373843 0.4942815 0.2529621 0.4972566 0.2499998 0.3734589 0.3740253 0.4943747 0.3708818 0.4973534 0.373843 0.3733486 0.25 0.3764304 0.3710162 0.3734589 0.3740253 0.4972566 0.2499998 0.3763307 0.2530081 0.3733486 0.25 0.25 5.00929e-5 0.1309763 0.0119524 0.1309763 4.999e-5 0.0119524 0.4999499 0.1309762 0.4880475 0.1309762 0.4999499 5.00929e-5 0.1309763 0.0119524 0.25 4.999e-5 0.25 0.1309762 0.4999499 0.25 0.4880477 0.25 0.4999499 0.4880475 5.00414e-5 0.3690238 0.01195245 0.3690237 5.00929e-5 0.49995 0.25 0.4880475 0.1309763 0.4999499 0.1309762 5.00929e-5 0.0119524 0.01195245 0.1309762 5.00929e-5 0.1309763 0.3690237 5.00929e-5 0.25 0.0119524 0.25 5.00929e-5 0.3690238 0.4999499 0.4880475 0.4880475 0.4880476 0.4999499 0.25 0.4999499 0.3690238 0.4880475 0.3690238 0.4999499 0.49995 0.3690238 0.4880475 0.25 0.49995 0.25 5.00929e-5 0.3690238 0.0119524 0.4880475 5.01443e-5 0.4880475 0.49995 0.4880475 0.4880476 0.3690238 0.49995 0.3690238 4.999e-5 0.25 0.01195234 0.3690238 5.00929e-5 0.3690238 0.4999499 0.1309762 0.4880475 0.0119524 0.4999499 0.0119524 0.1309763 4.999e-5 0.0119524 0.0119524 0.01195245 4.999e-5 0.0119524 0.0119524 0.1309762 0.1309762 0.01195245 0.1309762 0.1309762 0.3690238 0.25 0.4880477 0.1309762 0.4880475 0.3690237 0.3690238 0.4880475 0.4880475 0.3690238 0.4880475 0.25 0.4880477 0.3690237 0.3690238 0.3690238 0.4880475 0.1309762 0.1309762 0.25 0.0119524 0.25 0.1309763 0.4880475 0.1309763 0.3690238 0.01195245 0.4880475 0.0119524 0.1309762 0.25 0.01195245 0.1309762 0.1309762 0.1309762 0.25 0.1309763 0.3690238 0.01195245 0.3690238 0.1309763 0.1309762 0.25 0.25 0.1309763 0.25 0.2500001 0.4880475 0.25 0.3690238 0.1309763 0.4880475 0.1309763 0.0119524 0.25 0.1309762 0.3690238 0.01195234 0.3690238 0.25 0.2500001 0.3690238 0.1309763 0.3690238 0.2500001 0.1309762 0.3690238 0.25 0.2500001 0.2499999 0.3690238 0.3690237 0.3690238 0.4880475 0.25 0.4880476 0.3690238 0.2499999 0.3690238 0.3690238 0.2500001 0.3690237 0.3690238 0.01195234 0.3690238 0.1309762 0.4880475 0.0119524 0.4880475 0.2462297 0.2470399 0.1278028 0.2469661 0.1279602 0.1284523 0.2463693 0.1227663 0.1279909 0.1223831 0.1284775 0.003933012 0.1218107 0.2470375 0.003051936 0.2469515 0.003227949 0.1280866 0.1219847 0.1224413 0.003247022 0.1219829 0.003802657 0.003132462 0.1219843 0.3775581 0.1225175 0.496192 0.003803789 0.4968682 0.1218101 0.2529619 0.1219811 0.3716409 0.003228902 0.3719142 0.2468024 0.4955182 0.1284785 0.4960675 0.1279907 0.3776177 0.2463726 0.3713172 0.127961 0.3715485 0.1278024 0.2530348 0.4942822 0.2470371 0.3763315 0.2469923 0.3764298 0.1289844 0.4943835 0.1231869 0.3764538 0.1229757 0.3767287 0.005012571 0.3703663 0.2470383 0.2522089 0.246981 0.2523347 0.1287558 0.3704747 0.1230077 0.2523657 0.1227212 0.25274 0.004568278 0.3707955 0.4950353 0.2527408 0.4954323 0.2523652 0.3772795 0.3704776 0.3710685 0.2523353 0.3712449 0.2522082 0.2530196 0.4946351 0.4947172 0.3767293 0.4949878 0.3764532 0.3770248 0.4943747 0.3708818 0.3764304 0.3710162 0.3763307 0.2530081 0.2492189 0.2500001 0.2462297 0.2470399 0.2463719 0.1286823 0.2492189 0.2500001 0.1248065 0.2500001 0.1278028 0.2469661 0.124979 0.1254088 0.1279602 0.1284523 0.1278028 0.2469661 0.2493604 0.1257314 0.2463719 0.1286823 0.1279602 0.1284523 0.2493604 0.1257314 0.2463693 0.1227663 0.2468016 0.004481077 0.2493604 0.1257314 0.124979 0.1254088 0.1279909 0.1223831 0.124979 0.1254088 0.1255152 8.80056e-4 0.1284775 0.003933012 0.2497847 0.001543164 0.2468016 0.004481077 0.1284775 0.003933012 0.1248065 0.2500001 0.1218107 0.2470375 0.1219803 0.1283585 4.98732e-5 0.2500001 0.003051936 0.2469515 0.1218107 0.2470375 2.35579e-4 0.1250252 0.003227949 0.1280866 0.003051936 0.2469515 0.124979 0.1254088 0.1219803 0.1283585 0.003227949 0.1280866 0.124979 0.1254088 0.1219847 0.1224413 0.1225165 0.003807187 2.35579e-4 0.1250252 0.003247022 0.1219829 0.1219847 0.1224413 2.35579e-4 0.1250252 8.21078e-4 4.98732e-5 0.003802657 0.003132462 0.1255152 8.80056e-4 0.1225165 0.003807187 0.003802657 0.003132462 0.1249793 0.3745912 0.1255157 0.4991198 0.1225175 0.496192 8.21599e-4 0.4999501 0.003803789 0.4968682 0.1225175 0.496192 2.35952e-4 0.374975 0.003246724 0.3780179 0.003803789 0.4968682 0.1249793 0.3745912 0.1219843 0.3775581 0.003246724 0.3780179 0.1249793 0.3745912 0.1219811 0.3716409 0.1218101 0.2529619 2.35952e-4 0.374975 0.003228902 0.3719142 0.1219811 0.3716409 4.98732e-5 0.2500001 0.003051459 0.2530494 0.003228902 0.3719142 0.1248065 0.2500001 0.1218101 0.2529619 0.003051459 0.2530494 0.2493605 0.3742687 0.2497848 0.4984567 0.2468024 0.4955182 0.2497848 0.4984567 0.1255157 0.4991198 0.1284785 0.4960675 0.1249793 0.3745912 0.1279907 0.3776177 0.1284785 0.4960675 0.2493605 0.3742687 0.2463688 0.3772332 0.1279907 0.3776177 0.2493605 0.3742687 0.2463726 0.3713172 0.2462291 0.2529597 0.2493605 0.3742687 0.1249793 0.3745912 0.127961 0.3715485 0.1248065 0.2500001 0.1278024 0.2530348 0.127961 0.3715485 0.2492189 0.2500001 0.2462291 0.2529597 0.1278024 0.2530348 0.4972566 0.2499998 0.4942822 0.2470371 0.494374 0.1291175 0.3733486 0.25 0.3763315 0.2469923 0.4942822 0.2470371 0.3734589 0.1259746 0.3764298 0.1289844 0.3763315 0.2469923 0.4973535 0.1261568 0.494374 0.1291175 0.3764298 0.1289844 0.4973535 0.1261568 0.4943835 0.1231869 0.4946345 0.005281805 0.3734589 0.1259746 0.3764538 0.1229757 0.4943835 0.1231869 0.3734589 0.1259746 0.3737713 0.002011835 0.3767287 0.005012571 0.4976167 0.002313792 0.4946345 0.005281805 0.3767287 0.005012571 0.3733486 0.25 0.3703663 0.2470383 0.370477 0.1289309 0.2492189 0.2500001 0.2522089 0.246981 0.3703663 0.2470383 0.2493604 0.1257314 0.2523347 0.1287558 0.2522089 0.246981 0.3734589 0.1259746 0.370477 0.1289309 0.2523347 0.1287558 0.3734589 0.1259746 0.3704747 0.1230077 0.3707948 0.004963874 0.2493604 0.1257314 0.2523657 0.1227212 0.3704747 0.1230077 0.2493604 0.1257314 0.2497847 0.001543164 0.25274 0.004568278 0.3737713 0.002011835 0.3707948 0.004963874 0.25274 0.004568278 0.3734589 0.3740253 0.3737714 0.4979879 0.3707955 0.4950353 0.2497848 0.4984567 0.2527408 0.4954323 0.3707955 0.4950353 0.2493605 0.3742687 0.2523652 0.3772795 0.2527408 0.4954323 0.3734589 0.3740253 0.3704741 0.3769916 0.2523652 0.3772795 0.3734589 0.3740253 0.3704776 0.3710685 0.3703657 0.252961 0.2493605 0.3742687 0.2523353 0.3712449 0.3704776 0.3710685 0.2492189 0.2500001 0.2522082 0.2530196 0.2523353 0.3712449 0.3733486 0.25 0.3703657 0.252961 0.2522082 0.2530196 0.4973534 0.373843 0.4976166 0.4976859 0.4946351 0.4947172 0.3737714 0.4979879 0.3767293 0.4949878 0.4946351 0.4947172 0.3734589 0.3740253 0.3764532 0.3770248 0.3767293 0.4949878 0.4973534 0.373843 0.4943827 0.3768123 0.3764532 0.3770248 0.4973534 0.373843 0.4943747 0.3708818 0.4942815 0.2529621 0.3734589 0.3740253 0.3764304 0.3710162 0.4943747 0.3708818 0.3733486 0.25 0.3763307 0.2530081 0.3764304 0.3710162 0.4972566 0.2499998 0.4942815 0.2529621 0.3763307 0.2530081 0.25 5.00929e-5 0.25 0.0119524 0.1309763 0.0119524 0.0119524 0.4999499 0.0119524 0.4880475 0.1309762 0.4880475 5.00929e-5 0.1309763 0.01195245 0.1309762 0.0119524 0.25 0.1309762 0.4999499 0.1309762 0.4880475 0.25 0.4880477 0.4880475 5.00414e-5 0.4880475 0.0119524 0.3690238 0.01195245 0.49995 0.25 0.4880475 0.25 0.4880475 0.1309763 5.00929e-5 0.0119524 0.0119524 0.0119524 0.01195245 0.1309762 0.3690237 5.00929e-5 0.3690238 0.01195245 0.25 0.0119524 0.3690238 0.4999499 0.3690238 0.4880475 0.4880475 0.4880475 0.25 0.4999499 0.25 0.4880477 0.3690238 0.4880475 0.49995 0.3690238 0.4880476 0.3690238 0.4880475 0.25 5.00929e-5 0.3690238 0.01195234 0.3690238 0.0119524 0.4880475 0.49995 0.4880475 0.4880475 0.4880475 0.4880476 0.3690238 4.999e-5 0.25 0.0119524 0.25 0.01195234 0.3690238 0.4999499 0.1309762 0.4880475 0.1309763 0.4880475 0.0119524 0.1309763 4.999e-5 0.1309763 0.0119524 0.0119524 0.0119524 0.0119524 0.0119524 0.1309763 0.0119524 0.1309762 0.1309762 0.1309762 0.3690238 0.2499999 0.3690238 0.25 0.4880477 0.3690237 0.3690238 0.4880476 0.3690238 0.4880475 0.4880475 0.25 0.4880477 0.2499999 0.3690238 0.3690237 0.3690238 0.1309762 0.1309762 0.1309763 0.0119524 0.25 0.0119524 0.4880475 0.1309763 0.3690238 0.1309763 0.3690238 0.01195245 0.1309762 0.25 0.0119524 0.25 0.01195245 0.1309762 0.25 0.1309763 0.25 0.0119524 0.3690238 0.01195245 0.1309762 0.25 0.1309762 0.1309762 0.25 0.1309763 0.4880475 0.25 0.3690238 0.2500001 0.3690238 0.1309763 0.0119524 0.25 0.1309762 0.25 0.1309762 0.3690238 0.25 0.2500001 0.25 0.1309763 0.3690238 0.1309763 0.1309762 0.3690238 0.1309762 0.25 0.25 0.2500001 0.3690237 0.3690238 0.3690238 0.2500001 0.4880475 0.25 0.2499999 0.3690238 0.25 0.2500001 0.3690238 0.2500001 0.01195234 0.3690238 0.1309762 0.3690238 0.1309762 0.4880475</float_array>
          <technique_common>
            <accessor source="#Board_1-mesh-map-0-array" count="672" stride="2">
              <param name="S" type="float"/>
              <param name="T" type="float"/>
            </accessor>
          </technique_common>
        </source>
        <vertices id="Board_1-mesh-vertices">
          <input semantic="POSITION" source="#Board_1-mesh-positions"/>
        </vertices>
        <triangles material="Glass-material" count="112">
          <input semantic="VERTEX" source="#Board_1-mesh-vertices" offset="0"/>
          <input semantic="NORMAL" source="#Board_1-mesh-normals" offset="1"/>
          <input semantic="TEXCOORD" source="#Board_1-mesh-map-0" offset="2" set="0"/>
          <p>30 0 3 32 0 4 29 0 5 34 0 6 36 0 7 33 0 8 41 0 12 43 0 13 44 0 14 54 0 21 56 0 22 53 0 23 62 0 27 64 0 28 61 0 29 66 0 30 68 0 31 65 0 32 74 0 36 76 0 37 73 0 38 86 0 45 88 0 46 85 0 47 0 5 60 29 5 61 1 5 62 0 6 63 31 6 64 30 6 65 3 7 66 32 7 67 31 7 68 1 8 69 32 8 70 2 8 71 9 9 72 33 9 73 3 9 74 11 10 75 34 10 76 9 10 77 5 11 78 35 11 79 11 11 80 3 12 81 36 12 82 5 12 83 10 16 96 42 16 97 41 16 98 8 17 99 42 17 100 6 17 101 7 18 102 43 18 103 8 18 104 10 19 105 44 19 106 7 19 107 13 27 132 53 27 133 12 27 134 13 28 135 55 28 136 54 28 137 9 29 138 55 29 139 10 29 140 12 30 141 56 30 142 9 30 143 14 34 156 61 34 157 16 34 158 15 35 159 62 35 160 14 35 161 15 36 162 64 36 163 63 36 164 16 37 165 64 37 166 17 37 167 24 38 168 65 38 169 15 38 170 12 39 171 66 39 172 24 39 173 0 40 174 67 40 175 12 40 176 15 41 177 68 41 178 0 41 179 22 46 192 74 46 193 73 46 194 19 47 195 74 47 196 18 47 197 13 48 198 75 48 199 19 48 200 22 49 201 76 49 202 13 49 203 20 56 228 85 56 229 23 56 230 22 35 231 86 35 232 20 35 233 24 57 234 87 57 235 22 57 236 23 58 237 88 58 238 24 58 239 91 63 288 106 63 289 90 63 290 111 63 291 104 63 292 97 63 293 112 63 294 103 63 295 102 63 296 104 63 297 112 63 298 102 63 299 106 63 300 96 63 301 107 63 302 93 63 303 94 63 304 95 63 305 110 63 306 90 63 307 106 63 308 107 64 309 94 64 310 105 64 311 110 63 312 107 63 313 108 63 314 101 65 315 105 65 316 93 65 317 89 66 318 111 66 319 99 66 320 108 63 321 105 63 322 109 63 323 111 63 324 108 63 325 113 63 326 112 63 327 101 63 328 100 63 329 113 67 330 109 67 331 112 67 332 99 63 333 97 63 334 98 63 335 30 0 339 31 0 340 32 0 341 34 0 342 35 0 343 36 0 344 41 0 348 42 0 349 43 0 350 54 0 357 55 0 358 56 0 359 62 0 363 63 0 364 64 0 365 66 0 366 67 0 367 68 0 368 74 0 372 75 0 373 76 0 374 86 0 381 87 0 382 88 0 383 0 72 396 30 72 397 29 72 398 0 73 399 3 73 400 31 73 401 3 74 402 2 74 403 32 74 404 1 75 405 29 75 406 32 75 407 9 76 408 34 76 409 33 76 410 11 77 411 35 77 412 34 77 413 5 70 414 36 70 415 35 70 416 3 78 417 33 78 418 36 78 419 10 82 432 6 82 433 42 82 434 8 83 435 43 83 436 42 83 437 7 84 438 44 84 439 43 84 440 10 85 441 41 85 442 44 85 443 13 72 468 54 72 469 53 72 470 13 92 471 10 92 472 55 92 473 9 93 474 56 93 475 55 93 476 12 94 477 53 94 478 56 94 479 14 53 492 62 53 493 61 53 494 15 6 495 63 6 496 62 6 497 15 55 498 17 55 499 64 55 500 16 75 501 61 75 502 64 75 503 24 99 504 66 99 505 65 99 506 12 100 507 67 100 508 66 100 509 0 101 510 68 101 511 67 101 512 15 102 513 65 102 514 68 102 515 22 42 528 18 42 529 74 42 530 19 105 531 75 105 532 74 105 533 13 106 534 76 106 535 75 106 536 22 107 537 73 107 538 76 107 539 20 53 564 86 53 565 85 53 566 22 6 567 87 6 568 86 6 569 24 88 570 88 88 571 87 88 572 23 94 573 85 94 574 88 94 575 91 63 624 92 63 625 106 63 626 111 63 627 113 63 628 104 63 629 112 63 630 100 63 631 103 63 632 104 111 633 113 111 634 112 111 635 106 63 636 92 63 637 96 63 638 93 112 639 105 112 640 94 112 641 110 63 642 89 63 643 90 63 644 107 63 645 96 63 646 94 63 647 110 63 648 106 63 649 107 63 650 101 63 651 109 63 652 105 63 653 89 63 654 110 63 655 111 63 656 108 113 657 107 113 658 105 113 659 111 63 660 110 63 661 108 63 662 112 63 663 109 63 664 101 63 665 113 63 666 108 63 667 109 63 668 99 63 669 111 63 670 97 63 671</p>
        </triangles>
        <triangles material="Glass_Dark-material" count="80">
          <input semantic="VERTEX" source="#Board_1-mesh-vertices" offset="0"/>
          <input semantic="NORMAL" source="#Board_1-mesh-normals" offset="1"/>
          <input semantic="TEXCOORD" source="#Board_1-mesh-map-0" offset="2" set="0"/>
          <p>26 0 0 28 0 1 25 0 2 38 0 9 40 0 10 37 0 11 45 0 15 47 0 16 48 0 17 50 0 18 52 0 19 49 0 20 58 0 24 60 0 25 57 0 26 70 0 33 72 0 34 69 0 35 78 0 39 80 0 40 77 0 41 82 0 42 84 0 43 81 0 44 12 1 48 25 1 49 0 1 50 12 2 51 27 2 52 26 2 53 3 3 54 27 3 55 9 3 56 0 4 57 28 4 58 3 4 59 3 13 84 37 13 85 2 13 86 5 14 87 38 14 88 3 14 89 5 7 90 40 7 91 39 7 92 2 15 93 40 15 94 4 15 95 10 20 108 45 20 109 9 20 110 7 14 111 46 14 112 10 14 113 11 21 114 47 21 115 7 21 116 9 22 117 48 22 118 11 22 119 13 23 120 50 23 121 49 23 122 19 24 123 51 24 124 50 24 125 10 25 126 51 25 127 6 25 128 13 26 129 52 26 130 10 26 131 23 1 144 57 1 145 14 1 146 24 31 147 58 31 148 23 31 149 15 32 150 59 32 151 24 32 152 14 33 153 60 33 154 15 33 155 15 42 180 69 42 181 17 42 182 0 43 183 70 43 184 15 43 185 0 44 186 72 44 187 71 44 188 17 45 189 72 45 190 1 45 191 22 50 204 77 50 205 24 50 206 13 43 207 78 43 208 22 43 209 12 51 210 79 51 211 13 51 212 24 52 213 80 52 214 12 52 215 20 53 216 82 53 217 81 53 218 18 54 219 82 54 220 21 54 221 22 55 222 83 55 223 18 55 224 20 33 225 84 33 226 22 33 227 26 0 336 27 0 337 28 0 338 38 0 345 39 0 346 40 0 347 45 0 351 46 0 352 47 0 353 50 0 354 51 0 355 52 0 356 58 0 360 59 0 361 60 0 362 70 0 369 71 0 370 72 0 371 78 0 375 79 0 376 80 0 377 82 0 378 83 0 379 84 0 380 12 68 384 26 68 385 25 68 386 12 69 387 9 69 388 27 69 389 3 70 390 28 70 391 27 70 392 0 71 393 25 71 394 28 71 395 3 16 420 38 16 421 37 16 422 5 79 423 39 79 424 38 79 425 5 80 426 4 80 427 40 80 428 2 81 429 37 81 430 40 81 431 10 86 444 46 86 445 45 86 446 7 87 447 47 87 448 46 87 449 11 88 450 48 88 451 47 88 452 9 89 453 45 89 454 48 89 455 13 5 456 19 5 457 50 5 458 19 90 459 6 90 460 51 90 461 10 7 462 52 7 463 51 7 464 13 91 465 49 91 466 52 91 467 23 95 480 58 95 481 57 95 482 24 96 483 59 96 484 58 96 485 15 97 486 60 97 487 59 97 488 14 98 489 57 98 490 60 98 491 15 46 516 70 46 517 69 46 518 0 103 519 71 103 520 70 103 521 0 48 522 1 48 523 72 48 524 17 104 525 69 104 526 72 104 527 22 46 540 78 46 541 77 46 542 13 108 543 79 108 544 78 108 545 12 109 546 80 109 547 79 109 548 24 110 549 77 110 550 80 110 551 20 34 552 21 34 553 82 34 554 18 24 555 83 24 556 82 24 557 22 36 558 84 36 559 83 36 560 20 98 561 81 98 562 84 98 563</p>
        </triangles>
        <triangles material="Glass_Diffuse-material" count="32">
          <input semantic="VERTEX" source="#Board_1-mesh-vertices" offset="0"/>
          <input semantic="NORMAL" source="#Board_1-mesh-normals" offset="1"/>
          <input semantic="TEXCOORD" source="#Board_1-mesh-map-0" offset="2" set="0"/>
          <p>11 59 240 92 59 241 5 59 242 16 60 243 97 60 244 14 60 245 2 61 246 89 61 247 1 61 248 14 60 249 104 60 250 23 60 251 8 59 252 94 59 253 7 59 254 19 62 255 93 62 256 6 62 257 4 61 258 90 61 259 2 61 260 7 59 261 96 59 262 11 59 263 20 60 264 103 60 265 21 60 266 23 60 267 102 60 268 20 60 269 18 62 270 101 62 271 19 62 272 17 61 273 98 61 274 16 61 275 21 62 276 100 62 277 18 62 278 1 61 279 99 61 280 17 61 281 6 62 282 95 62 283 8 62 284 5 59 285 91 59 286 4 59 287 11 59 576 96 59 577 92 59 578 16 60 579 98 60 580 97 60 581 2 61 582 90 61 583 89 61 584 14 60 585 97 60 586 104 60 587 8 59 588 95 59 589 94 59 590 19 62 591 101 62 592 93 62 593 4 61 594 91 61 595 90 61 596 7 59 597 94 59 598 96 59 599 20 60 600 102 60 601 103 60 602 23 60 603 104 60 604 102 60 605 18 62 606 100 62 607 101 62 608 17 61 609 99 61 610 98 61 611 21 62 612 103 62 613 100 62 614 1 61 615 89 61 616 99 61 617 6 62 618 93 62 619 95 62 620 5 59 621 92 59 622 91 59 623</p>
        </triangles>
      </mesh>
    </geometry>
    <geometry id="Board_5-mesh" name="Board 5">
      <mesh>
        <source id="Board_5-mesh-positions">
          <float_array id="Board_5-mesh-positions-array" count="294">0.04499995 0.235 0.65 0.09499996 0.235 0.65 0.145 0.185 0.65 0.145 0.235 0.65 0.09499996 0.135 0.65 0.145 0.135 0.65 0.09499996 0.185 0.65 0.04499995 0.135 0.65 0.04499995 0.185 0.65 0.09599995 0.1859999 0.651 0.1439999 0.1859999 0.651 0.1439999 0.234 0.651 0.09599995 0.234 0.651 0.04599994 0.1859999 0.651 0.09399998 0.1859999 0.651 0.09399998 0.234 0.651 0.04599994 0.234 0.651 0.09599995 0.136 0.651 0.1439999 0.136 0.651 0.1439999 0.184 0.651 0.09599995 0.184 0.651 0.04599994 0.136 0.651 0.09399998 0.136 0.651 0.09399998 0.184 0.651 0.04599994 0.184 0.651 0.04499995 0.235 0.645 0.09499996 0.235 0.645 0.145 0.185 0.645 0.145 0.235 0.645 0.09499996 0.135 0.645 0.145 0.135 0.645 0.04499995 0.135 0.645 0.04499995 0.185 0.645 -0.145 0.235 0.65 -0.09499996 0.235 0.65 -0.04499995 0.185 0.65 -0.04499995 0.235 0.65 -0.09499996 0.135 0.65 -0.04499995 0.135 0.65 -0.09499996 0.185 0.65 -0.145 0.135 0.65 -0.145 0.185 0.65 -0.09399998 0.1859999 0.651 -0.046 0.1859999 0.651 -0.046 0.234 0.651 -0.09399998 0.234 0.651 -0.144 0.1859999 0.651 -0.09599995 0.1859999 0.651 -0.09599995 0.234 0.651 -0.144 0.234 0.651 -0.09399998 0.136 0.651 -0.046 0.136 0.651 -0.046 0.184 0.651 -0.09399998 0.184 0.651 -0.144 0.136 0.651 -0.09599995 0.136 0.651 -0.09599995 0.184 0.651 -0.144 0.184 0.651 -0.145 0.235 0.645 -0.09499996 0.235 0.645 -0.04499995 0.185 0.645 -0.04499995 0.235 0.645 -0.09499996 0.135 0.645 -0.04499995 0.135 0.645 -0.145 0.135 0.645 -0.145 0.185 0.645 -0.09499996 0.188 0.551 -0.09499996 0.188 0.6450001 -0.09287863 0.1871213 0.551 -0.09287863 0.1871213 0.6450001 -0.09199994 0.185 0.551 -0.09199994 0.185 0.6450001 -0.09287863 0.1828786 0.551 -0.09287863 0.1828786 0.6450001 -0.09499996 0.1819999 0.551 -0.09499996 0.1819999 0.6450001 -0.09712129 0.1828786 0.551 -0.09712129 0.1828786 0.6450001 -0.09799998 0.185 0.551 -0.09799998 0.185 0.6450001 -0.09712129 0.1871213 0.551 -0.09712129 0.1871213 0.6450001 0.09499996 0.188 0.551 0.09499996 0.188 0.6450001 0.09712129 0.1871213 0.551 0.09712129 0.1871213 0.6450001 0.09799998 0.185 0.551 0.09799998 0.185 0.6450001 0.09712129 0.1828786 0.551 0.09712129 0.1828786 0.6450001 0.09499996 0.1819999 0.551 0.09499996 0.1819999 0.6450001 0.09287863 0.1828786 0.551 0.09287863 0.1828786 0.6450001 0.092 0.185 0.551 0.092 0.185 0.6450001 0.09287863 0.1871213 0.551 0.09287863 0.1871213 0.6450001</float_array>
          <technique_common>
            <accessor source="#Board_5-mesh-positions-array" count="98" stride="3">
              <param name="X" type="float"/>
              <param name="Y" type="float"/>
              <param name="Z" type="float"/>
            </accessor>
          </technique_common>
        </source>
        <source id="Board_5-mesh-normals">
          <float_array id="Board_5-mesh-normals-array" count="153">0 0 1 0 -0.7071133 0.7071003 0.707136 0 0.7070777 0 0.7070958 0.7071178 -0.7070702 0 0.7071435 0 -0.7070996 0.707114 0 0.7070959 0.7071177 -0.7070714 0 0.7071422 0.7070916 0 0.707122 0 0.7071065 0.7071071 -0.7070941 0 0.7071196 0 -0.7071065 0.7071071 0 0.7071066 0.707107 -0.7070926 0 0.707121 0 1 0 0 -1 0 1 0 0 -1 0 0 0 0 -1 0 -0.7071161 0.7070975 0 0.7070958 0.7071177 0 -0.7070997 0.7071139 -0.7070753 0 0.7071383 0 -0.707092 0.7071216 0 0.7071065 0.7071071 -0.7070913 0 0.7071222 0 -0.7071135 0.7071002 -0.7070967 0 0.7071169 0.7071068 0.7071068 0 0.7071068 -0.7071068 0 -0.7071068 -0.7071068 0 -0.7071068 0.7071068 0 0 -0.7071028 0.7071108 0.7070702 0 0.7071435 0 0.7070996 0.707114 -0.7071388 0 0.7070748 0 -0.7071029 0.7071107 -0.7071374 0 0.7070761 0 -0.7070919 0.7071217 0.7071362 0 0.7070775 0 0.7070859 0.7071277 -0.7071392 0 0.7070745 -0.7071377 0 0.707076 0 -0.7070994 0.7071141 0 0.7070858 0.7071278 -0.707136 0 0.7070777 0 0.7070997 0.7071139 -0.7071416 0 0.7070721 0 -0.7071063 0.7071073 0 0.7070995 0.7071141 -0.7071364 0 0.7070773</float_array>
          <technique_common>
            <accessor source="#Board_5-mesh-normals-array" count="51" stride="3">
              <param name="X" type="float"/>
              <param name="Y" type="float"/>
              <param name="Z" type="float"/>
            </accessor>
          </technique_common>
        </source>
        <source id="Board_5-mesh-map-0">
          <float_array id="Board_5-mesh-map-0-array" count="936">0.8683637 0.003064692 0.9780697 0.1128786 0.8683092 0.1128563 0.8683084 0.118435 0.9781165 0.228163 0.8683643 0.2282267 0.7529503 0.002904713 0.862758 0.1128833 0.7528722 0.1128453 0.7528715 0.118446 0.8628284 0.2282601 0.7529508 0.2283867 0.8655333 0.1156454 0.8683637 0.003064692 0.8683092 0.1128563 0.8655994 2.76711e-4 0.9781159 0.003127217 0.8683637 0.003064692 0.9808387 0.1156453 0.9781159 0.003127217 0.9808873 3.59506e-4 0.8655333 0.1156454 0.9780697 0.1128786 0.9808387 0.1156453 0.8655992 0.2310141 0.8683084 0.118435 0.8683643 0.2282267 0.8655333 0.1156454 0.9780691 0.1184114 0.8683084 0.118435 0.9808873 0.2309312 0.9780691 0.1184114 0.9808387 0.1156453 0.8655992 0.2310141 0.9781165 0.228163 0.9808873 0.2309312 0.7500963 0.1156454 0.7529503 0.002904713 0.7528722 0.1128453 0.8655994 2.76711e-4 0.7529503 0.002904713 0.7501795 9.61395e-5 0.8655333 0.1156454 0.8628278 0.003030121 0.8655994 2.76711e-4 0.7500963 0.1156454 0.862758 0.1128833 0.8655333 0.1156454 0.7501794 0.2311946 0.7528715 0.118446 0.7529508 0.2283867 0.8655333 0.1156454 0.7528715 0.118446 0.7500963 0.1156454 0.8655992 0.2310141 0.8627574 0.1184068 0.8655333 0.1156454 0.7501794 0.2311946 0.8628284 0.2282601 0.8655992 0.2310141 0.5000962 0.0114513 0.511451 0.1250001 0.5000962 0.1250002 0.7499039 0.125 0.738549 0.011451 0.749904 0.01145094 0.749904 0.2385489 0.738549 0.125 0.7499039 0.125 0.6249999 9.62146e-5 0.511451 0.01145124 0.511451 9.64399e-5 0.5114512 0.2499039 0.6250002 0.2385491 0.6250003 0.2499039 0.6250003 0.2499039 0.738549 0.2385488 0.7385492 0.2499038 0.738549 9.61395e-5 0.6249999 0.01145106 0.6249999 9.62146e-5 0.5000962 0.1250002 0.5114513 0.2385491 0.5000963 0.2385492 0.6249999 0.01145106 0.738549 0.125 0.6250002 0.2385491 0.5114513 0.2385491 0.511451 0.1250001 0.6250002 0.2385491 0.511451 0.1250001 0.511451 0.01145124 0.6249999 0.01145106 0.6249999 0.01145106 0.738549 0.011451 0.738549 0.125 0.511451 0.1250001 0.6249999 0.01145106 0.6250002 0.2385491 0.738549 0.125 0.738549 0.2385488 0.6250002 0.2385491 0.8626754 0.459426 0.7528905 0.3495816 0.8627057 0.3496108 0.8627077 0.3440597 0.7528834 0.234176 0.8627377 0.2342291 0.9780809 0.4594966 0.8682567 0.3496129 0.9780873 0.3496423 0.978074 0.344091 0.8682889 0.2342466 0.9780958 0.2342841 0.8654493 0.4622063 0.8627057 0.3496108 0.8654822 0.3468363 0.8654493 0.4622063 0.7528685 0.4593885 0.8626754 0.459426 0.7501122 0.3468057 0.7528685 0.4593885 0.7500964 0.4621586 0.8654822 0.3468363 0.7528905 0.3495816 0.7501122 0.3468057 0.8655151 0.2314663 0.8627077 0.3440597 0.8627377 0.2342291 0.8654822 0.3468363 0.7528771 0.3440303 0.8627077 0.3440597 0.7500963 0.2313869 0.7528771 0.3440303 0.7501122 0.3468057 0.8655151 0.2314663 0.7528834 0.234176 0.7500963 0.2313869 0.980868 0.4622857 0.9780873 0.3496423 0.9808522 0.346867 0.8654493 0.4622063 0.9780809 0.4594966 0.980868 0.4622857 0.8654822 0.3468363 0.8682268 0.4594435 0.8654493 0.4622063 0.9808522 0.346867 0.8682567 0.3496129 0.8654822 0.3468363 0.980868 0.231514 0.978074 0.344091 0.9780958 0.2342841 0.8654822 0.3468363 0.978074 0.344091 0.9808522 0.346867 0.8655151 0.2314663 0.8682588 0.3440618 0.8654822 0.3468363 0.980868 0.231514 0.8682889 0.2342466 0.8655151 0.2314663 0.5000962 0.2614511 0.5114511 0.3749998 0.5000962 0.3750001 0.7499038 0.3750001 0.7385489 0.2614513 0.7499038 0.2614513 0.7499038 0.4885488 0.7385489 0.3749998 0.7499038 0.3750001 0.6250001 0.2500963 0.511451 0.2614511 0.5114511 0.2500963 0.5114511 0.4999037 0.625 0.488549 0.625 0.4999039 0.625 0.4999039 0.7385489 0.4885488 0.7385489 0.4999039 0.7385489 0.2500963 0.625 0.2614511 0.6250001 0.2500963 0.5000962 0.3750001 0.5114511 0.488549 0.5000962 0.4885488 0.625 0.2614511 0.7385489 0.3749998 0.625 0.488549 0.5114511 0.488549 0.5114511 0.3749998 0.625 0.488549 0.5114511 0.3749998 0.511451 0.2614511 0.625 0.2614511 0.625 0.2614511 0.7385489 0.2614513 0.7385489 0.3749998 0.5114511 0.3749998 0.625 0.2614511 0.625 0.488549 0.7385489 0.3749998 0.7385489 0.4885488 0.625 0.488549 4.41977e-5 0.122244 0.4999555 0.1100366 0.4999551 0.1222466 4.45147e-5 0.1100327 0.4999555 0.09782654 0.4999555 0.1100366 4.45147e-5 0.1955107 0.4999555 0.1832967 0.4999551 0.1955068 4.41977e-5 0.1832996 0.4999551 0.1710867 0.4999555 0.1832967 4.41977e-5 0.1710884 0.4999551 0.1588767 0.4999551 0.1710867 4.45147e-5 0.1588773 0.4999555 0.1466667 0.4999551 0.1588767 4.45147e-5 0.1466662 0.4999551 0.1344566 0.4999555 0.1466667 4.41977e-5 0.1344551 0.4999551 0.1222466 0.4999551 0.1344566 4.41977e-5 0.07331091 0.4999555 0.06109833 0.4999555 0.07330828 4.45147e-5 0.06109982 0.4999555 0.04888826 0.4999555 0.06109833 4.41977e-5 0.0488888 0.4999555 0.03667819 0.4999555 0.04888826 4.45147e-5 0.03667753 0.4999558 0.02446818 0.4999555 0.03667819 4.45147e-5 0.02446645 0.4999555 0.01225811 0.4999558 0.02446818 4.45147e-5 0.01225525 0.4999558 4.81601e-5 0.4999555 0.01225811 4.45147e-5 0.09773325 0.4999558 0.08551836 0.4999558 0.09772843 4.45147e-5 0.08552217 0.4999555 0.07330828 0.4999558 0.08551836 0.8683637 0.003064692 0.9781159 0.003127217 0.9780697 0.1128786 0.8683084 0.118435 0.9780691 0.1184114 0.9781165 0.228163 0.7529503 0.002904713 0.8628278 0.003030121 0.862758 0.1128833 0.7528715 0.118446 0.8627574 0.1184068 0.8628284 0.2282601 0.8655333 0.1156454 0.8655994 2.76711e-4 0.8683637 0.003064692 0.8655994 2.76711e-4 0.9808873 3.59506e-4 0.9781159 0.003127217 0.9808387 0.1156453 0.9780697 0.1128786 0.9781159 0.003127217 0.8655333 0.1156454 0.8683092 0.1128563 0.9780697 0.1128786 0.8655992 0.2310141 0.8655333 0.1156454 0.8683084 0.118435 0.8655333 0.1156454 0.9808387 0.1156453 0.9780691 0.1184114 0.9808873 0.2309312 0.9781165 0.228163 0.9780691 0.1184114 0.8655992 0.2310141 0.8683643 0.2282267 0.9781165 0.228163 0.7500963 0.1156454 0.7501795 9.61395e-5 0.7529503 0.002904713 0.8655994 2.76711e-4 0.8628278 0.003030121 0.7529503 0.002904713 0.8655333 0.1156454 0.862758 0.1128833 0.8628278 0.003030121 0.7500963 0.1156454 0.7528722 0.1128453 0.862758 0.1128833 0.7501794 0.2311946 0.7500963 0.1156454 0.7528715 0.118446 0.8655333 0.1156454 0.8627574 0.1184068 0.7528715 0.118446 0.8655992 0.2310141 0.8628284 0.2282601 0.8627574 0.1184068 0.7501794 0.2311946 0.7529508 0.2283867 0.8628284 0.2282601 0.5000962 0.0114513 0.511451 0.01145124 0.511451 0.1250001 0.7499039 0.125 0.738549 0.125 0.738549 0.011451 0.749904 0.2385489 0.738549 0.2385488 0.738549 0.125 0.6249999 9.62146e-5 0.6249999 0.01145106 0.511451 0.01145124 0.5114512 0.2499039 0.5114513 0.2385491 0.6250002 0.2385491 0.6250003 0.2499039 0.6250002 0.2385491 0.738549 0.2385488 0.738549 9.61395e-5 0.738549 0.011451 0.6249999 0.01145106 0.5000962 0.1250002 0.511451 0.1250001 0.5114513 0.2385491 0.8626754 0.459426 0.7528685 0.4593885 0.7528905 0.3495816 0.8627077 0.3440597 0.7528771 0.3440303 0.7528834 0.234176 0.9780809 0.4594966 0.8682268 0.4594435 0.8682567 0.3496129 0.978074 0.344091 0.8682588 0.3440618 0.8682889 0.2342466 0.8654493 0.4622063 0.8626754 0.459426 0.8627057 0.3496108 0.8654493 0.4622063 0.7500964 0.4621586 0.7528685 0.4593885 0.7501122 0.3468057 0.7528905 0.3495816 0.7528685 0.4593885 0.8654822 0.3468363 0.8627057 0.3496108 0.7528905 0.3495816 0.8655151 0.2314663 0.8654822 0.3468363 0.8627077 0.3440597 0.8654822 0.3468363 0.7501122 0.3468057 0.7528771 0.3440303 0.7500963 0.2313869 0.7528834 0.234176 0.7528771 0.3440303 0.8655151 0.2314663 0.8627377 0.2342291 0.7528834 0.234176 0.980868 0.4622857 0.9780809 0.4594966 0.9780873 0.3496423 0.8654493 0.4622063 0.8682268 0.4594435 0.9780809 0.4594966 0.8654822 0.3468363 0.8682567 0.3496129 0.8682268 0.4594435 0.9808522 0.346867 0.9780873 0.3496423 0.8682567 0.3496129 0.980868 0.231514 0.9808522 0.346867 0.978074 0.344091 0.8654822 0.3468363 0.8682588 0.3440618 0.978074 0.344091 0.8655151 0.2314663 0.8682889 0.2342466 0.8682588 0.3440618 0.980868 0.231514 0.9780958 0.2342841 0.8682889 0.2342466 0.5000962 0.2614511 0.511451 0.2614511 0.5114511 0.3749998 0.7499038 0.3750001 0.7385489 0.3749998 0.7385489 0.2614513 0.7499038 0.4885488 0.7385489 0.4885488 0.7385489 0.3749998 0.6250001 0.2500963 0.625 0.2614511 0.511451 0.2614511 0.5114511 0.4999037 0.5114511 0.488549 0.625 0.488549 0.625 0.4999039 0.625 0.488549 0.7385489 0.4885488 0.7385489 0.2500963 0.7385489 0.2614513 0.625 0.2614511 0.5000962 0.3750001 0.5114511 0.3749998 0.5114511 0.488549 4.41977e-5 0.122244 4.45147e-5 0.1100327 0.4999555 0.1100366 4.45147e-5 0.1100327 4.48317e-5 0.09782165 0.4999555 0.09782654 4.45147e-5 0.1955107 4.41977e-5 0.1832996 0.4999555 0.1832967 4.41977e-5 0.1832996 4.41977e-5 0.1710884 0.4999551 0.1710867 4.41977e-5 0.1710884 4.45147e-5 0.1588773 0.4999551 0.1588767 4.45147e-5 0.1588773 4.45147e-5 0.1466662 0.4999555 0.1466667 4.45147e-5 0.1466662 4.41977e-5 0.1344551 0.4999551 0.1344566 4.41977e-5 0.1344551 4.41977e-5 0.122244 0.4999551 0.1222466 4.41977e-5 0.07331091 4.45147e-5 0.06109982 0.4999555 0.06109833 4.45147e-5 0.06109982 4.41977e-5 0.0488888 0.4999555 0.04888826 4.41977e-5 0.0488888 4.45147e-5 0.03667753 0.4999555 0.03667819 4.45147e-5 0.03667753 4.45147e-5 0.02446645 0.4999558 0.02446818 4.45147e-5 0.02446645 4.45147e-5 0.01225525 0.4999555 0.01225811 4.45147e-5 0.01225525 4.48317e-5 4.41977e-5 0.4999558 4.81601e-5 4.45147e-5 0.09773325 4.45147e-5 0.08552217 0.4999558 0.08551836 4.45147e-5 0.08552217 4.41977e-5 0.07331091 0.4999555 0.07330828</float_array>
          <technique_common>
            <accessor source="#Board_5-mesh-map-0-array" count="468" stride="2">
              <param name="S" type="float"/>
              <param name="T" type="float"/>
            </accessor>
          </technique_common>
        </source>
        <vertices id="Board_5-mesh-vertices">
          <input semantic="POSITION" source="#Board_5-mesh-positions"/>
        </vertices>
        <triangles material="Glass-material" count="52">
          <input semantic="VERTEX" source="#Board_5-mesh-vertices" offset="0"/>
          <input semantic="NORMAL" source="#Board_5-mesh-normals" offset="1"/>
          <input semantic="TEXCOORD" source="#Board_5-mesh-map-0" offset="2" set="0"/>
          <p>10 0 0 12 0 1 9 0 2 22 0 9 24 0 10 21 0 11 6 1 12 10 1 13 9 1 14 2 2 15 11 2 16 10 2 17 1 3 18 11 3 19 3 3 20 6 4 21 12 4 22 1 4 23 7 11 48 22 11 49 21 11 50 6 8 51 22 8 52 4 8 53 8 12 54 23 12 55 6 12 56 7 13 57 24 13 58 8 13 59 27 18 84 29 18 85 32 18 86 25 18 87 26 18 88 32 18 89 26 18 90 28 18 91 27 18 92 27 18 93 30 18 94 29 18 95 26 18 96 27 18 97 32 18 98 29 18 99 31 18 100 32 18 101 43 0 102 45 0 103 42 0 104 55 0 111 57 0 112 54 0 113 35 19 114 42 19 115 39 19 116 35 2 117 44 2 118 43 2 119 34 20 120 44 20 121 36 20 122 39 4 123 45 4 124 34 4 125 40 26 150 55 26 151 54 26 152 39 8 153 55 8 154 37 8 155 41 12 156 56 12 157 39 12 158 40 27 159 57 27 160 41 27 161 60 18 186 62 18 187 65 18 188 58 18 189 59 18 190 65 18 191 59 18 192 61 18 193 60 18 194 60 18 195 63 18 196 62 18 197 59 18 198 60 18 199 65 18 200 62 18 201 64 18 202 65 18 203 10 0 252 11 0 253 12 0 254 22 0 261 23 0 262 24 0 263 6 32 264 2 32 265 10 32 266 2 33 267 3 33 268 11 33 269 1 34 270 12 34 271 11 34 272 6 35 273 9 35 274 12 35 275 7 23 300 4 23 301 22 23 302 6 39 303 23 39 304 22 39 305 8 34 306 24 34 307 23 34 308 7 42 309 21 42 310 24 42 311 43 0 336 44 0 337 45 0 338 55 0 345 56 0 346 57 0 347 35 43 348 43 43 349 42 43 350 35 33 351 36 33 352 44 33 353 34 44 354 45 44 355 44 44 356 39 45 357 42 45 358 45 45 359 40 23 384 37 23 385 55 23 386 39 39 387 56 39 388 55 39 389 41 46 390 57 46 391 56 46 392 40 47 393 54 47 394 57 47 395</p>
        </triangles>
        <triangles material="Glass_Dark-material" count="40">
          <input semantic="VERTEX" source="#Board_5-mesh-vertices" offset="0"/>
          <input semantic="NORMAL" source="#Board_5-mesh-normals" offset="1"/>
          <input semantic="TEXCOORD" source="#Board_5-mesh-map-0" offset="2" set="0"/>
          <p>14 0 3 16 0 4 13 0 5 18 0 6 20 0 7 17 0 8 8 5 24 14 5 25 13 5 26 6 2 27 15 2 28 14 2 29 0 6 30 15 6 31 1 6 32 8 7 33 16 7 34 0 7 35 4 1 36 18 1 37 17 1 38 2 8 39 18 8 40 5 8 41 6 9 42 19 9 43 2 9 44 4 10 45 20 10 46 6 10 47 47 0 105 49 0 106 46 0 107 51 0 108 53 0 109 50 0 110 41 21 126 47 21 127 46 21 128 39 2 129 48 2 130 47 2 131 33 6 132 48 6 133 34 6 134 41 22 135 49 22 136 33 22 137 38 23 138 50 23 139 37 23 140 35 8 141 51 8 142 38 8 143 39 24 144 52 24 145 35 24 146 37 25 147 53 25 148 39 25 149 14 0 255 15 0 256 16 0 257 18 0 258 19 0 259 20 0 260 8 36 276 6 36 277 14 36 278 6 33 279 1 33 280 15 33 281 0 34 282 16 34 283 15 34 284 8 37 285 13 37 286 16 37 287 4 38 288 5 38 289 18 38 290 2 39 291 19 39 292 18 39 293 6 40 294 20 40 295 19 40 296 4 41 297 17 41 298 20 41 299 47 0 339 48 0 340 49 0 341 51 0 342 52 0 343 53 0 344 41 36 360 39 36 361 47 36 362 39 33 363 34 33 364 48 33 365 33 46 366 49 46 367 48 46 368 41 47 369 46 47 370 49 47 371 38 48 372 51 48 373 50 48 374 35 39 375 52 39 376 51 39 377 39 49 378 53 49 379 52 49 380 37 50 381 50 50 382 53 50 383</p>
        </triangles>
        <triangles material="Glass_Diffuse-material" count="64">
          <input semantic="VERTEX" source="#Board_5-mesh-vertices" offset="0"/>
          <input semantic="NORMAL" source="#Board_5-mesh-normals" offset="1"/>
          <input semantic="TEXCOORD" source="#Board_5-mesh-map-0" offset="2" set="0"/>
          <p>3 14 60 26 14 61 1 14 62 4 15 63 30 15 64 5 15 65 7 15 66 29 15 67 4 15 68 2 16 69 28 16 70 3 16 71 0 17 72 32 17 73 8 17 74 8 17 75 31 17 76 7 17 77 5 16 78 27 16 79 2 16 80 1 14 81 25 14 82 0 14 83 36 14 162 59 14 163 34 14 164 37 15 165 63 15 166 38 15 167 40 15 168 62 15 169 37 15 170 35 16 171 61 16 172 36 16 173 33 17 174 65 17 175 41 17 176 41 17 177 64 17 178 40 17 179 38 16 180 60 16 181 35 16 182 34 14 183 58 14 184 33 14 185 67 14 204 68 28 205 66 14 206 69 28 207 70 16 208 68 28 209 71 16 210 72 29 211 70 16 212 73 29 213 74 15 214 72 29 215 75 15 216 76 30 217 74 15 218 77 30 219 78 17 220 76 30 221 79 17 222 80 31 223 78 17 224 81 31 225 66 14 226 80 31 227 83 14 228 84 28 229 82 14 230 85 28 231 86 16 232 84 28 233 87 16 234 88 29 235 86 16 236 89 29 237 90 15 238 88 29 239 91 15 240 92 30 241 90 15 242 93 30 243 94 17 244 92 30 245 95 17 246 96 31 247 94 17 248 97 31 249 82 14 250 96 31 251 3 14 312 28 14 313 26 14 314 4 15 315 29 15 316 30 15 317 7 15 318 31 15 319 29 15 320 2 16 321 27 16 322 28 16 323 0 17 324 25 17 325 32 17 326 8 17 327 32 17 328 31 17 329 5 16 330 30 16 331 27 16 332 1 14 333 26 14 334 25 14 335 36 14 396 61 14 397 59 14 398 37 15 399 62 15 400 63 15 401 40 15 402 64 15 403 62 15 404 35 16 405 60 16 406 61 16 407 33 17 408 58 17 409 65 17 410 41 17 411 65 17 412 64 17 413 38 16 414 63 16 415 60 16 416 34 14 417 59 14 418 58 14 419 67 14 420 69 28 421 68 28 422 69 28 423 71 16 424 70 16 425 71 16 426 73 29 427 72 29 428 73 29 429 75 15 430 74 15 431 75 15 432 77 30 433 76 30 434 77 30 435 79 17 436 78 17 437 79 17 438 81 31 439 80 31 440 81 31 441 67 14 442 66 14 443 83 14 444 85 28 445 84 28 446 85 28 447 87 16 448 86 16 449 87 16 450 89 29 451 88 29 452 89 29 453 91 15 454 90 15 455 91 15 456 93 30 457 92 30 458 93 30 459 95 17 460 94 17 461 95 17 462 97 31 463 96 31 464 97 31 465 83 14 466 82 14 467</p>
        </triangles>
      </mesh>
    </geometry>
    <geometry id="Board_2-mesh" name="Board 2">
      <mesh>
        <source id="Board_2-mesh-positions">
          <float_array id="Board_2-mesh-positions-array" count="342">-0.04999995 -0.01999998 0.35 -0.1 -0.01999998 0.35 -0.1 0.02999997 0.35 -0.04999995 0.02999997 0.35 -0.1 0.07999998 0.35 -0.04999995 0.07999998 0.35 0.09999996 0.02999997 0.35 0.04999995 0.07999998 0.35 0.09999996 0.07999998 0.35 0 0.02999997 0.35 0.04999995 0.02999997 0.35 0 0.07999998 0.35 0 -0.01999998 0.35 0.04999995 -0.01999998 0.35 -0.04999995 -0.12 0.35 -0.04999995 -0.06999999 0.35 -0.1 -0.12 0.35 -0.1 -0.06999999 0.35 0.09999996 -0.06999999 0.35 0.09999996 -0.01999998 0.35 0.04999995 -0.12 0.35 0.09999996 -0.12 0.35 0.04999995 -0.06999999 0.35 0 -0.12 0.35 0 -0.06999999 0.35 -0.04899996 -0.01899999 0.351 -0.000999987 -0.01899999 0.351 -0.000999987 0.02899998 0.351 -0.04899996 0.02899998 0.351 -0.09899997 -0.01899999 0.351 -0.05099999 -0.01899999 0.351 -0.05099999 0.02899998 0.351 -0.09899997 0.02899998 0.351 -0.04899996 0.03099995 0.351 -0.000999987 0.03099995 0.351 -0.000999987 0.07899999 0.351 -0.04899996 0.07899999 0.351 -0.09899997 0.03099995 0.351 -0.05099999 0.03099995 0.351 -0.05099999 0.07899999 0.351 -0.09899997 0.07899999 0.351 0.05099999 0.03099995 0.351 0.09899997 0.03099995 0.351 0.09899997 0.07899999 0.351 0.05099993 0.07899999 0.351 9.99992e-4 0.03099995 0.351 0.04899996 0.03099995 0.351 0.04899996 0.07899999 0.351 9.99992e-4 0.07899999 0.351 0.05099999 -0.01899999 0.351 0.09899997 -0.01899999 0.351 0.09899997 0.02899998 0.351 0.05099999 0.02899998 0.351 9.99992e-4 -0.01899999 0.351 0.04899996 -0.01899999 0.351 0.04899996 0.02899998 0.351 9.99992e-4 0.02899998 0.351 -0.04899996 -0.119 0.351 -0.000999987 -0.119 0.351 -0.000999987 -0.07099997 0.351 -0.04899996 -0.07099997 0.351 -0.09899997 -0.119 0.351 -0.05099999 -0.119 0.351 -0.05099999 -0.07099997 0.351 -0.09899997 -0.07099997 0.351 -0.04899996 -0.06899994 0.351 -0.000999987 -0.06899994 0.351 -0.000999987 -0.02099996 0.351 -0.04899996 -0.02099996 0.351 -0.09899997 -0.06899994 0.351 -0.05099999 -0.06899994 0.351 -0.05099999 -0.02099996 0.351 -0.09899997 -0.02099996 0.351 0.05099993 -0.06899994 0.351 0.09899997 -0.06899994 0.351 0.09899997 -0.02099996 0.351 0.05099999 -0.02099996 0.351 9.99992e-4 -0.06899994 0.351 0.04899996 -0.06899994 0.351 0.04899996 -0.02099996 0.351 9.99992e-4 -0.02099996 0.351 0.05099993 -0.119 0.351 0.09899997 -0.119 0.351 0.09899997 -0.07099997 0.351 0.05099993 -0.07099997 0.351 9.99992e-4 -0.119 0.351 0.04899996 -0.119 0.351 0.04899996 -0.07099997 0.351 9.99992e-4 -0.07099997 0.351 -0.1 -0.01999998 0.345 -0.1 0.02999997 0.345 -0.1 0.07999998 0.345 -0.04999995 0.07999998 0.345 0.09999996 0.02999997 0.345 0.04999995 0.07999998 0.345 0.09999996 0.07999998 0.345 0 0.07999998 0.345 -0.04999995 -0.12 0.345 -0.1 -0.12 0.345 -0.1 -0.06999999 0.345 0.09999996 -0.06999999 0.345 0.09999996 -0.01999998 0.345 0.04999995 -0.12 0.345 0.09999996 -0.12 0.345 0 -0.12 0.345 0.04999995 0.02999997 0.345 -0.04999995 0.02999997 0.345 0 0.02999997 0.345 0 -0.01999998 0.345 0.04999995 -0.01999998 0.345 -0.04999995 -0.01999998 0.345 -0.04999995 -0.06999999 0.345 0.04999995 -0.06999999 0.345 0 -0.06999999 0.345</float_array>
          <technique_common>
            <accessor source="#Board_2-mesh-positions-array" count="114" stride="3">
              <param name="X" type="float"/>
              <param name="Y" type="float"/>
              <param name="Z" type="float"/>
            </accessor>
          </technique_common>
        </source>
        <source id="Board_2-mesh-normals">
          <float_array id="Board_2-mesh-normals-array" count="306">0 0 1 -6.53219e-7 0 1 0 -0.7071116 0.7071021 0.7071029 0 0.7071107 0 0.7071117 0.7071019 -0.7071035 0 0.7071101 0 -0.7071117 0.707102 0.7071035 0 0.7071101 0 0.7071135 0.7071001 -0.7071022 0 0.7071114 0 -0.7071124 0.7071013 0.7071029 0 0.7071107 0 0.7071129 0.7071007 -0.7071035 0 0.7071101 0 -0.7071124 0.7071012 0.7071036 0 0.7071101 -0.7071022 0 0.7071114 0 -0.7071118 0.7071018 0.7071022 0 0.7071114 0 0.7071086 0.7071049 -0.7071035 0 0.7071101 0 -0.7071117 0.7071018 0.7071036 0 0.70711 0 0.7071079 0.7071057 -0.7071029 0 0.7071107 0 -0.7071127 0.707101 0 0.707111 0.7071027 -0.7071036 0 0.7071101 0 -0.707112 0.7071015 0 0.7071112 0.7071024 -0.707103 0 0.7071107 0 0.7071095 0.7071042 -0.70711 0 0.7071036 0 -0.707112 0.7071017 -7.33996e-7 0.7071102 0.7071034 0.7071028 0 0.7071107 0 0.7071123 0.7071014 0 -0.7071127 0.7071009 0 0.7071136 0.7071 0 -0.7071136 0.7071 0.7071022 0 0.7071114 0 0.7071117 0.707102 0 -0.7071139 0.7070997 0 0.7071129 0.7071008 0 -0.7071102 0.7071034 0 0.7071107 0.7071029 0 -0.707115 0.7070986 0 0.7071112 0.7071023 -0.707103 0 0.7071107 0 1 0 0 -1 0 -1 0 0 1 0 0 0 0 -1 -1.49012e-6 0 -1 3.57628e-7 0 -1 -9.23872e-7 0 -1 1.49012e-6 0 -1 6.53219e-7 0 1 0 -0.707111 0.7071027 0.707137 0 0.7070766 0 0.7071135 0.7071001 -0.7071377 0 0.707076 0 -0.7071127 0.7071008 0.7071377 0 0.707076 0 0.7071111 0.7071025 -0.7071363 0 0.7070773 0 -0.7071117 0.7071019 0.707137 0 0.7070767 0 0.7071101 0.7071036 -0.7071376 0 0.707076 0.7071376 0 0.7070761 0 0.707112 0.7071015 0 -0.7071124 0.7071012 0.7071362 0 0.7070774 0 0.7071102 0.7071034 -0.7071376 0 0.7070761 0 -0.7071118 0.7071017 0.7071375 0 0.7070761 0 0.707117 0.7070966 -0.707137 0 0.7070767 0 -0.7071125 0.7071011 0.7071363 0 0.7070773 0.7071376 0 0.707076 0 0.7071136 0.7071 -0.707137 0 0.7070766 0 -0.7071101 0.7071036 0.707137 0 0.7070766 7.34e-7 0.7071135 0.7071 0.70711 0 0.7071036 0 0.7071118 0.7071018 -0.7071376 0 0.7070761 -0.7071362 0 0.7070774 0.7071363 0 0.7070774 0 0.7071118 0.7071018 0 0.7071101 0.7071034 -0.7071371 0 0.7070765 0 0.7071101 0.7071035 -0.707137 0 0.7070766 5.66244e-7 0 -1 1.49012e-6 0 -1 -3.57628e-7 0 -1</float_array>
          <technique_common>
            <accessor source="#Board_2-mesh-normals-array" count="102" stride="3">
              <param name="X" type="float"/>
              <param name="Y" type="float"/>
              <param name="Z" type="float"/>
            </accessor>
          </technique_common>
        </source>
        <source id="Board_2-mesh-map-0">
          <float_array id="Board_2-mesh-map-0-array" count="1344">0.2462298 0.7470399 0.1279603 0.6284522 0.2463721 0.6286823 0.2463695 0.6227663 0.1284776 0.503933 0.2468017 0.504481 0.1218107 0.7470376 0.003228127 0.6280866 0.1219804 0.6283586 0.1219847 0.6224414 0.003802835 0.5031325 0.1225166 0.5038073 0.1219843 0.8775582 0.003803491 0.9968683 0.003246605 0.8780179 0.1218101 0.752962 0.003228843 0.8719142 0.003051459 0.7530494 0.2468024 0.9955185 0.1279905 0.8776177 0.2463688 0.8772333 0.2463727 0.8713173 0.1278023 0.7530347 0.2462292 0.7529597 0.4943745 0.6291174 0.3763318 0.7469924 0.3764302 0.6289843 0.4943839 0.6231868 0.376729 0.5050125 0.4946349 0.5052816 0.3703666 0.7470383 0.2523348 0.6287558 0.3704773 0.6289308 0.3704751 0.6230076 0.2527402 0.5045681 0.3707951 0.5049637 0.3707957 0.9950358 0.2523653 0.8772796 0.3704743 0.8769919 0.3704779 0.8710687 0.2522083 0.7530196 0.370366 0.7529611 0.4946354 0.9947177 0.3764535 0.877025 0.4943832 0.8768126 0.4943751 0.870882 0.3763311 0.7530082 0.494282 0.7529621 0.2492191 0.7500001 0.2463721 0.6286823 0.2493606 0.6257314 0.1248065 0.7500001 0.2462298 0.7470399 0.2492191 0.7500001 0.1249791 0.6254088 0.1278029 0.7469661 0.1248065 0.7500001 0.2493606 0.6257314 0.1279603 0.6284522 0.1249791 0.6254088 0.2493606 0.6257314 0.2468017 0.504481 0.2497848 0.5015431 0.1249791 0.6254088 0.2463695 0.6227663 0.2493606 0.6257314 0.1249791 0.6254088 0.1284776 0.503933 0.127991 0.6223832 0.2497848 0.5015431 0.1284776 0.503933 0.1255154 0.5008802 0.1248065 0.7500001 0.1219804 0.6283586 0.1249791 0.6254088 4.98732e-5 0.75 0.1218107 0.7470376 0.1248065 0.7500001 2.35803e-4 0.6250252 0.003051996 0.7469514 4.98732e-5 0.75 0.1249791 0.6254088 0.003228127 0.6280866 2.35803e-4 0.6250252 0.1249791 0.6254088 0.1225166 0.5038073 0.1255154 0.5008802 2.35803e-4 0.6250252 0.1219847 0.6224414 0.1249791 0.6254088 2.35803e-4 0.6250252 0.003802835 0.5031325 0.003247141 0.6219829 0.1255154 0.5008802 0.003802835 0.5031325 8.21227e-4 0.5000499 0.1249792 0.8745914 0.1225172 0.9961922 0.1219843 0.8775582 8.21376e-4 0.9999502 0.1225172 0.9961922 0.1255155 0.99912 2.35803e-4 0.874975 0.003803491 0.9968683 8.21376e-4 0.9999502 0.1249792 0.8745914 0.003246605 0.8780179 2.35803e-4 0.874975 0.1249792 0.8745914 0.1218101 0.752962 0.1248065 0.7500001 2.35803e-4 0.874975 0.121981 0.871641 0.1249792 0.8745914 4.98732e-5 0.75 0.003228843 0.8719142 2.35803e-4 0.874975 0.1248065 0.7500001 0.003051459 0.7530494 4.98732e-5 0.75 0.2493606 0.8742689 0.2468024 0.9955185 0.2463688 0.8772333 0.1255155 0.99912 0.2468024 0.9955185 0.2497848 0.9984571 0.1249792 0.8745914 0.1284782 0.9960678 0.1255155 0.99912 0.2493606 0.8742689 0.1279905 0.8776177 0.1249792 0.8745914 0.2493606 0.8742689 0.2462292 0.7529597 0.2492191 0.7500001 0.1249792 0.8745914 0.2463727 0.8713173 0.2493606 0.8742689 0.1248065 0.7500001 0.1279609 0.8715487 0.1249792 0.8745914 0.2492191 0.7500001 0.1278023 0.7530347 0.1248065 0.7500001 0.497257 0.75 0.4943745 0.6291174 0.497354 0.6261567 0.3733489 0.75 0.4942826 0.7470372 0.497257 0.75 0.3734593 0.6259745 0.3763318 0.7469924 0.3733489 0.75 0.3734593 0.6259745 0.4943745 0.6291174 0.3764302 0.6289843 0.497354 0.6261567 0.4946349 0.5052816 0.4976171 0.5023136 0.3734593 0.6259745 0.4943839 0.6231868 0.497354 0.6261567 0.3734593 0.6259745 0.376729 0.5050125 0.3764541 0.6229757 0.4976171 0.5023136 0.376729 0.5050125 0.3737716 0.5020117 0.3733489 0.75 0.3704773 0.6289308 0.3734593 0.6259745 0.2492191 0.7500001 0.3703666 0.7470383 0.3733489 0.75 0.2493606 0.6257314 0.252209 0.7469812 0.2492191 0.7500001 0.3734593 0.6259745 0.2523348 0.6287558 0.2493606 0.6257314 0.3734593 0.6259745 0.3707951 0.5049637 0.3737716 0.5020117 0.2493606 0.6257314 0.3704751 0.6230076 0.3734593 0.6259745 0.2493606 0.6257314 0.2527402 0.5045681 0.2523659 0.6227212 0.3737716 0.5020117 0.2527402 0.5045681 0.2497848 0.5015431 0.3734591 0.8740255 0.3707957 0.9950358 0.3704743 0.8769919 0.2497848 0.9984571 0.3707957 0.9950358 0.3737716 0.9979884 0.2493606 0.8742689 0.2527408 0.9954326 0.2497848 0.9984571 0.3734591 0.8740255 0.2523653 0.8772796 0.2493606 0.8742689 0.3734591 0.8740255 0.370366 0.7529611 0.3733489 0.75 0.2493606 0.8742689 0.3704779 0.8710687 0.3734591 0.8740255 0.2492191 0.7500001 0.2523353 0.871245 0.2493606 0.8742689 0.3733489 0.75 0.2522083 0.7530196 0.2492191 0.7500001 0.4973539 0.8738433 0.4946354 0.9947177 0.4943832 0.8768126 0.3737716 0.9979884 0.4946354 0.9947177 0.497617 0.9976864 0.3734591 0.8740255 0.3767295 0.9949882 0.3737716 0.9979884 0.4973539 0.8738433 0.3764535 0.877025 0.3734591 0.8740255 0.4973539 0.8738433 0.494282 0.7529621 0.497257 0.75 0.3734591 0.8740255 0.4943751 0.870882 0.4973539 0.8738433 0.3733489 0.75 0.3764307 0.8710164 0.3734591 0.8740255 0.497257 0.75 0.3763311 0.7530082 0.3733489 0.75 0.4999499 0.75 0.4880475 0.6309762 0.4999499 0.6309762 5.00929e-5 0.5119525 0.01195234 0.6309761 4.999e-5 0.6309762 0.3690237 0.5000501 0.25 0.5119524 0.25 0.5000501 4.999e-5 0.6309762 0.01195245 0.75 5.00929e-5 0.75 0.4999499 0.9880475 0.4880475 0.8690238 0.4999498 0.8690238 0.2500001 0.9999499 0.3690238 0.9880475 0.3690238 0.9999499 0.4880475 0.50005 0.3690237 0.5119525 0.3690237 0.5000501 0.4999498 0.8690238 0.4880475 0.75 0.4999499 0.75 4.999e-5 0.8690238 0.01195234 0.9880477 5.00929e-5 0.9880475 5.00929e-5 0.75 0.01195234 0.8690238 4.999e-5 0.8690238 0.1309761 0.9999501 0.25 0.9880475 0.2500001 0.9999499 0.1309762 0.5000501 0.01195245 0.5119524 0.01195245 0.5000501 0.01195245 0.9999499 0.1309762 0.9880475 0.1309761 0.9999501 0.25 0.5000501 0.1309762 0.5119525 0.1309762 0.5000501 0.3690238 0.9999499 0.4880475 0.9880475 0.4880475 0.9999499 0.4999499 0.6309762 0.4880475 0.5119524 0.4999499 0.5119524 0.4880475 0.5119524 0.3690238 0.6309762 0.3690237 0.5119525 0.1309761 0.6309763 0.01195245 0.75 0.01195234 0.6309761 0.1309762 0.8690237 0.01195234 0.9880477 0.01195234 0.8690238 0.01195245 0.75 0.1309762 0.8690237 0.01195234 0.8690238 0.3690238 0.6309762 0.4880475 0.75 0.3690237 0.75 0.3690238 0.9880475 0.4880475 0.8690238 0.4880475 0.9880475 0.25 0.6309762 0.3690237 0.5119525 0.3690238 0.6309762 0.3690237 0.75 0.4880475 0.8690238 0.3690236 0.8690238 0.25 0.6309762 0.3690237 0.75 0.2500001 0.7499999 0.25 0.9880475 0.3690236 0.8690238 0.3690238 0.9880475 0.25 0.5119524 0.1309761 0.6309763 0.1309762 0.5119525 0.2500001 0.7499999 0.3690236 0.8690238 0.25 0.8690237 0.1309761 0.6309763 0.2500001 0.7499999 0.1309761 0.7500001 0.1309762 0.8690237 0.25 0.9880475 0.1309762 0.9880475 0.1309761 0.7500001 0.25 0.8690237 0.1309762 0.8690237 0.1309762 0.5119525 0.01195234 0.6309761 0.01195245 0.5119524 0.2462298 0.7470399 0.1278029 0.7469661 0.1279603 0.6284522 0.2463695 0.6227663 0.127991 0.6223832 0.1284776 0.503933 0.1218107 0.7470376 0.003051996 0.7469514 0.003228127 0.6280866 0.1219847 0.6224414 0.003247141 0.6219829 0.003802835 0.5031325 0.1219843 0.8775582 0.1225172 0.9961922 0.003803491 0.9968683 0.1218101 0.752962 0.121981 0.871641 0.003228843 0.8719142 0.2468024 0.9955185 0.1284782 0.9960678 0.1279905 0.8776177 0.2463727 0.8713173 0.1279609 0.8715487 0.1278023 0.7530347 0.4943745 0.6291174 0.4942826 0.7470372 0.3763318 0.7469924 0.4943839 0.6231868 0.3764541 0.6229757 0.376729 0.5050125 0.3703666 0.7470383 0.252209 0.7469812 0.2523348 0.6287558 0.3704751 0.6230076 0.2523659 0.6227212 0.2527402 0.5045681 0.3707957 0.9950358 0.2527408 0.9954326 0.2523653 0.8772796 0.3704779 0.8710687 0.2523353 0.871245 0.2522083 0.7530196 0.4946354 0.9947177 0.3767295 0.9949882 0.3764535 0.877025 0.4943751 0.870882 0.3764307 0.8710164 0.3763311 0.7530082 0.2492191 0.7500001 0.2462298 0.7470399 0.2463721 0.6286823 0.1248065 0.7500001 0.1278029 0.7469661 0.2462298 0.7470399 0.1249791 0.6254088 0.1279603 0.6284522 0.1278029 0.7469661 0.2493606 0.6257314 0.2463721 0.6286823 0.1279603 0.6284522 0.2493606 0.6257314 0.2463695 0.6227663 0.2468017 0.504481 0.1249791 0.6254088 0.127991 0.6223832 0.2463695 0.6227663 0.1249791 0.6254088 0.1255154 0.5008802 0.1284776 0.503933 0.2497848 0.5015431 0.2468017 0.504481 0.1284776 0.503933 0.1248065 0.7500001 0.1218107 0.7470376 0.1219804 0.6283586 4.98732e-5 0.75 0.003051996 0.7469514 0.1218107 0.7470376 2.35803e-4 0.6250252 0.003228127 0.6280866 0.003051996 0.7469514 0.1249791 0.6254088 0.1219804 0.6283586 0.003228127 0.6280866 0.1249791 0.6254088 0.1219847 0.6224414 0.1225166 0.5038073 2.35803e-4 0.6250252 0.003247141 0.6219829 0.1219847 0.6224414 2.35803e-4 0.6250252 8.21227e-4 0.5000499 0.003802835 0.5031325 0.1255154 0.5008802 0.1225166 0.5038073 0.003802835 0.5031325 0.1249792 0.8745914 0.1255155 0.99912 0.1225172 0.9961922 8.21376e-4 0.9999502 0.003803491 0.9968683 0.1225172 0.9961922 2.35803e-4 0.874975 0.003246605 0.8780179 0.003803491 0.9968683 0.1249792 0.8745914 0.1219843 0.8775582 0.003246605 0.8780179 0.1249792 0.8745914 0.121981 0.871641 0.1218101 0.752962 2.35803e-4 0.874975 0.003228843 0.8719142 0.121981 0.871641 4.98732e-5 0.75 0.003051459 0.7530494 0.003228843 0.8719142 0.1248065 0.7500001 0.1218101 0.752962 0.003051459 0.7530494 0.2493606 0.8742689 0.2497848 0.9984571 0.2468024 0.9955185 0.1255155 0.99912 0.1284782 0.9960678 0.2468024 0.9955185 0.1249792 0.8745914 0.1279905 0.8776177 0.1284782 0.9960678 0.2493606 0.8742689 0.2463688 0.8772333 0.1279905 0.8776177 0.2493606 0.8742689 0.2463727 0.8713173 0.2462292 0.7529597 0.1249792 0.8745914 0.1279609 0.8715487 0.2463727 0.8713173 0.1248065 0.7500001 0.1278023 0.7530347 0.1279609 0.8715487 0.2492191 0.7500001 0.2462292 0.7529597 0.1278023 0.7530347 0.497257 0.75 0.4942826 0.7470372 0.4943745 0.6291174 0.3733489 0.75 0.3763318 0.7469924 0.4942826 0.7470372 0.3734593 0.6259745 0.3764302 0.6289843 0.3763318 0.7469924 0.3734593 0.6259745 0.497354 0.6261567 0.4943745 0.6291174 0.497354 0.6261567 0.4943839 0.6231868 0.4946349 0.5052816 0.3734593 0.6259745 0.3764541 0.6229757 0.4943839 0.6231868 0.3734593 0.6259745 0.3737716 0.5020117 0.376729 0.5050125 0.4976171 0.5023136 0.4946349 0.5052816 0.376729 0.5050125 0.3733489 0.75 0.3703666 0.7470383 0.3704773 0.6289308 0.2492191 0.7500001 0.252209 0.7469812 0.3703666 0.7470383 0.2493606 0.6257314 0.2523348 0.6287558 0.252209 0.7469812 0.3734593 0.6259745 0.3704773 0.6289308 0.2523348 0.6287558 0.3734593 0.6259745 0.3704751 0.6230076 0.3707951 0.5049637 0.2493606 0.6257314 0.2523659 0.6227212 0.3704751 0.6230076 0.2493606 0.6257314 0.2497848 0.5015431 0.2527402 0.5045681 0.3737716 0.5020117 0.3707951 0.5049637 0.2527402 0.5045681 0.3734591 0.8740255 0.3737716 0.9979884 0.3707957 0.9950358 0.2497848 0.9984571 0.2527408 0.9954326 0.3707957 0.9950358 0.2493606 0.8742689 0.2523653 0.8772796 0.2527408 0.9954326 0.3734591 0.8740255 0.3704743 0.8769919 0.2523653 0.8772796 0.3734591 0.8740255 0.3704779 0.8710687 0.370366 0.7529611 0.2493606 0.8742689 0.2523353 0.871245 0.3704779 0.8710687 0.2492191 0.7500001 0.2522083 0.7530196 0.2523353 0.871245 0.3733489 0.75 0.370366 0.7529611 0.2522083 0.7530196 0.4973539 0.8738433 0.497617 0.9976864 0.4946354 0.9947177 0.3737716 0.9979884 0.3767295 0.9949882 0.4946354 0.9947177 0.3734591 0.8740255 0.3764535 0.877025 0.3767295 0.9949882 0.4973539 0.8738433 0.4943832 0.8768126 0.3764535 0.877025 0.4973539 0.8738433 0.4943751 0.870882 0.494282 0.7529621 0.3734591 0.8740255 0.3764307 0.8710164 0.4943751 0.870882 0.3733489 0.75 0.3763311 0.7530082 0.3764307 0.8710164 0.497257 0.75 0.494282 0.7529621 0.3763311 0.7530082 0.4999499 0.75 0.4880475 0.75 0.4880475 0.6309762 5.00929e-5 0.5119525 0.01195245 0.5119524 0.01195234 0.6309761 0.3690237 0.5000501 0.3690237 0.5119525 0.25 0.5119524 4.999e-5 0.6309762 0.01195234 0.6309761 0.01195245 0.75 0.4999499 0.9880475 0.4880475 0.9880475 0.4880475 0.8690238 0.2500001 0.9999499 0.25 0.9880475 0.3690238 0.9880475 0.4880475 0.50005 0.4880475 0.5119524 0.3690237 0.5119525 0.4999498 0.8690238 0.4880475 0.8690238 0.4880475 0.75 4.999e-5 0.8690238 0.01195234 0.8690238 0.01195234 0.9880477 5.00929e-5 0.75 0.01195245 0.75 0.01195234 0.8690238 0.1309761 0.9999501 0.1309762 0.9880475 0.25 0.9880475 0.1309762 0.5000501 0.1309762 0.5119525 0.01195245 0.5119524 0.01195245 0.9999499 0.01195234 0.9880477 0.1309762 0.9880475 0.25 0.5000501 0.25 0.5119524 0.1309762 0.5119525 0.3690238 0.9999499 0.3690238 0.9880475 0.4880475 0.9880475 0.4999499 0.6309762 0.4880475 0.6309762 0.4880475 0.5119524 0.4880475 0.5119524 0.4880475 0.6309762 0.3690238 0.6309762 0.1309761 0.6309763 0.1309761 0.7500001 0.01195245 0.75 0.1309762 0.8690237 0.1309762 0.9880475 0.01195234 0.9880477 0.01195245 0.75 0.1309761 0.7500001 0.1309762 0.8690237 0.3690238 0.6309762 0.4880475 0.6309762 0.4880475 0.75 0.3690238 0.9880475 0.3690236 0.8690238 0.4880475 0.8690238 0.25 0.6309762 0.25 0.5119524 0.3690237 0.5119525 0.3690237 0.75 0.4880475 0.75 0.4880475 0.8690238 0.25 0.6309762 0.3690238 0.6309762 0.3690237 0.75 0.25 0.9880475 0.25 0.8690237 0.3690236 0.8690238 0.25 0.5119524 0.25 0.6309762 0.1309761 0.6309763 0.2500001 0.7499999 0.3690237 0.75 0.3690236 0.8690238 0.1309761 0.6309763 0.25 0.6309762 0.2500001 0.7499999 0.1309762 0.8690237 0.25 0.8690237 0.25 0.9880475 0.1309761 0.7500001 0.2500001 0.7499999 0.25 0.8690237 0.1309762 0.5119525 0.1309761 0.6309763 0.01195234 0.6309761</float_array>
          <technique_common>
            <accessor source="#Board_2-mesh-map-0-array" count="672" stride="2">
              <param name="S" type="float"/>
              <param name="T" type="float"/>
            </accessor>
          </technique_common>
        </source>
        <vertices id="Board_2-mesh-vertices">
          <input semantic="POSITION" source="#Board_2-mesh-positions"/>
        </vertices>
        <triangles material="Glass-material" count="112">
          <input semantic="VERTEX" source="#Board_2-mesh-vertices" offset="0"/>
          <input semantic="NORMAL" source="#Board_2-mesh-normals" offset="1"/>
          <input semantic="TEXCOORD" source="#Board_2-mesh-map-0" offset="2" set="0"/>
          <p>30 0 3 32 0 4 29 0 5 34 0 6 36 0 7 33 0 8 41 0 12 43 0 13 44 0 14 54 0 21 56 0 22 53 0 23 62 0 27 64 0 28 61 0 29 66 0 30 68 0 31 65 0 32 74 0 36 76 0 37 73 0 38 86 0 45 88 0 46 85 0 47 0 6 60 29 6 61 1 6 62 3 7 63 30 7 64 0 7 65 3 8 66 32 8 67 31 8 68 1 9 69 32 9 70 2 9 71 9 10 72 33 10 73 3 10 74 11 11 75 34 11 76 9 11 77 5 12 78 35 12 79 11 12 80 3 13 81 36 13 82 5 13 83 10 17 96 42 17 97 41 17 98 8 18 99 42 18 100 6 18 101 7 19 102 43 19 103 8 19 104 10 20 105 44 20 106 7 20 107 13 28 132 53 28 133 12 28 134 10 15 135 54 15 136 13 15 137 9 29 138 55 29 139 10 29 140 12 30 141 56 30 142 9 30 143 14 33 156 61 33 157 16 33 158 15 7 159 62 7 160 14 7 161 15 34 162 64 34 163 63 34 164 16 16 165 64 16 166 17 16 167 24 10 168 65 10 169 15 10 170 12 35 171 66 35 172 24 35 173 0 36 174 67 36 175 12 36 176 15 27 177 68 27 178 0 27 179 22 39 192 74 39 193 73 39 194 19 40 195 74 40 196 18 40 197 13 41 198 75 41 199 19 41 200 22 5 201 76 5 202 13 5 203 20 46 228 85 46 229 23 46 230 22 7 231 86 7 232 20 7 233 24 47 234 87 47 235 22 47 236 23 48 237 88 48 238 24 48 239 91 53 288 106 53 289 90 53 290 111 53 291 104 53 292 97 53 293 112 53 294 103 53 295 102 53 296 104 53 297 112 53 298 102 53 299 106 53 300 96 53 301 107 53 302 93 53 303 94 53 304 95 53 305 110 53 306 90 53 307 106 53 308 107 54 309 94 54 310 105 54 311 110 53 312 107 53 313 108 53 314 101 55 315 105 55 316 93 55 317 89 56 318 111 56 319 99 56 320 108 53 321 105 53 322 109 53 323 111 53 324 108 53 325 113 53 326 112 53 327 101 53 328 100 53 329 113 57 330 109 57 331 112 57 332 99 53 333 97 53 334 98 53 335 30 0 339 31 0 340 32 0 341 34 0 342 35 0 343 36 0 344 41 0 348 42 0 349 43 0 350 54 0 357 55 0 358 56 0 359 62 58 363 63 58 364 64 58 365 66 0 366 67 0 367 68 0 368 74 0 372 75 0 373 76 0 374 86 0 381 87 0 382 88 0 383 0 63 396 30 63 397 29 63 398 3 64 399 31 64 400 30 64 401 3 65 402 2 65 403 32 65 404 1 66 405 29 66 406 32 66 407 9 67 408 34 67 409 33 67 410 11 68 411 35 68 412 34 68 413 5 69 414 36 69 415 35 69 416 3 70 417 33 70 418 36 70 419 10 73 432 6 73 433 42 73 434 8 74 435 43 74 436 42 74 437 7 75 438 44 75 439 43 75 440 10 76 441 41 76 442 44 76 443 13 77 468 54 77 469 53 77 470 10 83 471 55 83 472 54 83 473 9 84 474 56 84 475 55 84 476 12 85 477 53 85 478 56 85 479 14 44 492 62 44 493 61 44 494 15 89 495 63 89 496 62 89 497 15 45 498 17 45 499 64 45 500 16 66 501 61 66 502 64 66 503 24 86 504 66 86 505 65 86 506 12 87 507 67 87 508 66 87 509 0 90 510 68 90 511 67 90 512 15 91 513 65 91 514 68 91 515 22 37 528 18 37 529 74 37 530 19 93 531 75 93 532 74 93 533 13 94 534 76 94 535 75 94 536 22 62 537 73 62 538 76 62 539 20 44 564 86 44 565 85 44 566 22 71 567 87 71 568 86 71 569 24 97 570 88 97 571 87 97 572 23 98 573 85 98 574 88 98 575 91 53 624 92 53 625 106 53 626 111 53 627 113 53 628 104 53 629 112 53 630 100 53 631 103 53 632 104 99 633 113 99 634 112 99 635 106 53 636 92 53 637 96 53 638 93 100 639 105 100 640 94 100 641 110 53 642 89 53 643 90 53 644 107 53 645 96 53 646 94 53 647 110 53 648 106 53 649 107 53 650 101 53 651 109 53 652 105 53 653 89 53 654 110 53 655 111 53 656 108 101 657 107 101 658 105 101 659 111 53 660 110 53 661 108 53 662 112 53 663 109 53 664 101 53 665 113 53 666 108 53 667 109 53 668 99 53 669 111 53 670 97 53 671</p>
        </triangles>
        <triangles material="Glass_Dark-material" count="80">
          <input semantic="VERTEX" source="#Board_2-mesh-vertices" offset="0"/>
          <input semantic="NORMAL" source="#Board_2-mesh-normals" offset="1"/>
          <input semantic="TEXCOORD" source="#Board_2-mesh-map-0" offset="2" set="0"/>
          <p>26 0 0 28 0 1 25 0 2 38 0 9 40 0 10 37 0 11 45 0 15 47 0 16 48 0 17 50 0 18 52 0 19 49 0 20 57 1 24 59 1 25 60 1 26 70 0 33 72 0 34 69 0 35 78 0 39 80 0 40 77 0 41 82 0 42 84 0 43 81 0 44 12 2 48 25 2 49 0 2 50 9 3 51 26 3 52 12 3 53 3 4 54 27 4 55 9 4 56 0 5 57 28 5 58 3 5 59 3 14 84 37 14 85 2 14 86 5 15 87 38 15 88 3 15 89 5 8 90 40 8 91 39 8 92 2 16 93 40 16 94 4 16 95 10 21 108 45 21 109 9 21 110 7 22 111 46 22 112 10 22 113 11 23 114 47 23 115 7 23 116 9 24 117 48 24 118 11 24 119 13 25 120 50 25 121 49 25 122 6 18 123 50 18 124 19 18 125 10 26 126 51 26 127 6 26 128 13 27 129 52 27 130 10 27 131 23 10 144 57 10 145 14 10 146 24 3 147 58 3 148 23 3 149 15 31 150 59 31 151 24 31 152 15 32 153 57 32 154 60 32 155 15 37 180 69 37 181 17 37 182 0 7 183 70 7 184 15 7 185 0 38 186 72 38 187 71 38 188 17 9 189 72 9 190 1 9 191 22 42 204 77 42 205 24 42 206 13 7 207 78 7 208 22 7 209 12 43 210 79 43 211 13 43 212 24 24 213 80 24 214 12 24 215 20 44 216 82 44 217 81 44 218 18 40 219 82 40 220 21 40 221 22 45 222 83 45 223 18 45 224 20 13 225 84 13 226 22 13 227 26 0 336 27 0 337 28 0 338 38 0 345 39 0 346 40 0 347 45 0 351 46 0 352 47 0 353 50 0 354 51 0 355 52 0 356 57 0 360 58 0 361 59 0 362 70 0 369 71 0 370 72 0 371 78 0 375 79 0 376 80 0 377 82 0 378 83 0 379 84 0 380 12 59 384 26 59 385 25 59 386 9 60 387 27 60 388 26 60 389 3 61 390 28 61 391 27 61 392 0 62 393 25 62 394 28 62 395 3 17 420 38 17 421 37 17 422 5 71 423 39 71 424 38 71 425 5 72 426 4 72 427 40 72 428 2 66 429 37 66 430 40 66 431 10 77 444 46 77 445 45 77 446 7 78 447 47 78 448 46 78 449 11 79 450 48 79 451 47 79 452 9 80 453 45 80 454 48 80 455 13 81 456 19 81 457 50 81 458 6 82 459 51 82 460 50 82 461 10 8 462 52 8 463 51 8 464 13 70 465 49 70 466 52 70 467 23 86 480 58 86 481 57 86 482 24 87 483 59 87 484 58 87 485 15 88 486 60 88 487 59 88 488 15 13 489 14 13 490 57 13 491 15 39 516 70 39 517 69 39 518 0 83 519 71 83 520 70 83 521 0 41 522 1 41 523 72 41 524 17 92 525 69 92 526 72 92 527 22 39 540 78 39 541 77 39 542 13 83 543 79 83 544 78 83 545 12 95 546 80 95 547 79 95 548 24 96 549 77 96 550 80 96 551 20 33 552 21 33 553 82 33 554 18 82 555 83 82 556 82 82 557 22 75 558 84 75 559 83 75 560 20 91 561 81 91 562 84 91 563</p>
        </triangles>
        <triangles material="Glass_Diffuse-material" count="32">
          <input semantic="VERTEX" source="#Board_2-mesh-vertices" offset="0"/>
          <input semantic="NORMAL" source="#Board_2-mesh-normals" offset="1"/>
          <input semantic="TEXCOORD" source="#Board_2-mesh-map-0" offset="2" set="0"/>
          <p>11 49 240 92 49 241 5 49 242 16 50 243 97 50 244 14 50 245 2 51 246 89 51 247 1 51 248 14 50 249 104 50 250 23 50 251 8 49 252 94 49 253 7 49 254 19 52 255 93 52 256 6 52 257 4 51 258 90 51 259 2 51 260 7 49 261 96 49 262 11 49 263 20 50 264 103 50 265 21 50 266 23 50 267 102 50 268 20 50 269 18 52 270 101 52 271 19 52 272 17 51 273 98 51 274 16 51 275 21 52 276 100 52 277 18 52 278 1 51 279 99 51 280 17 51 281 6 52 282 95 52 283 8 52 284 5 49 285 91 49 286 4 49 287 11 49 576 96 49 577 92 49 578 16 50 579 98 50 580 97 50 581 2 51 582 90 51 583 89 51 584 14 50 585 97 50 586 104 50 587 8 49 588 95 49 589 94 49 590 19 52 591 101 52 592 93 52 593 4 51 594 91 51 595 90 51 596 7 49 597 94 49 598 96 49 599 20 50 600 102 50 601 103 50 602 23 50 603 104 50 604 102 50 605 18 52 606 100 52 607 101 52 608 17 51 609 99 51 610 98 51 611 21 52 612 103 52 613 100 52 614 1 51 615 89 51 616 99 51 617 6 52 618 93 52 619 95 52 620 5 49 621 92 49 622 91 49 623</p>
        </triangles>
      </mesh>
    </geometry>
    <geometry id="Pegs-mesh" name="Pegs">
      <mesh>
        <source id="Pegs-mesh-positions">
          <float_array id="Pegs-mesh-positions-array" count="1152">0.09499996 -0.2340824 0.138 0.09499996 -0.2329999 0.1389999 0.09499996 -0.2340824 0.158 0.09499996 -0.2329999 0.157 0.09564882 -0.2343511 0.138 0.0964142 -0.2335857 0.1389999 0.09564882 -0.2343511 0.158 0.0964142 -0.2335857 0.157 0.09591758 -0.235 0.138 0.097 -0.235 0.1389999 0.09591758 -0.235 0.158 0.097 -0.235 0.157 0.09564882 -0.2356488 0.138 0.0964142 -0.2364141 0.1389999 0.09564882 -0.2356488 0.158 0.0964142 -0.2364141 0.157 0.09499996 -0.2359176 0.138 0.09499996 -0.2369999 0.1389999 0.09499996 -0.2359176 0.158 0.09499996 -0.2369999 0.157 0.09435111 -0.2356488 0.138 0.09358578 -0.2364141 0.1389999 0.09435111 -0.2356488 0.158 0.09358578 -0.2364141 0.157 0.09408235 -0.235 0.138 0.09299999 -0.235 0.1389999 0.09408235 -0.235 0.158 0.09299999 -0.235 0.157 0.09435111 -0.2343511 0.138 0.09358578 -0.2335857 0.1389999 0.09435111 -0.2343511 0.158 0.09358578 -0.2335857 0.157 -0.09499996 -0.2340824 0.138 -0.09499996 -0.2329999 0.1389999 -0.09499996 -0.2340824 0.158 -0.09499996 -0.2329999 0.157 -0.09435111 -0.2343511 0.138 -0.09358578 -0.2335857 0.1389999 -0.09435111 -0.2343511 0.158 -0.09358578 -0.2335857 0.157 -0.09408235 -0.235 0.138 -0.09299999 -0.235 0.1389999 -0.09408235 -0.235 0.158 -0.09299999 -0.235 0.157 -0.09435111 -0.2356488 0.138 -0.09358578 -0.2364141 0.1389999 -0.09435111 -0.2356488 0.158 -0.09358578 -0.2364141 0.157 -0.09499996 -0.2359176 0.138 -0.09499996 -0.2369999 0.1389999 -0.09499996 -0.2359176 0.158 -0.09499996 -0.2369999 0.157 -0.09564882 -0.2356488 0.138 -0.0964142 -0.2364141 0.1389999 -0.09564882 -0.2356488 0.158 -0.0964142 -0.2364141 0.157 -0.09591758 -0.235 0.138 -0.097 -0.235 0.1389999 -0.09591758 -0.235 0.158 -0.097 -0.235 0.157 -0.09564882 -0.2343511 0.138 -0.0964142 -0.2335857 0.1389999 -0.09564882 -0.2343511 0.158 -0.0964142 -0.2335857 0.157 0.09499996 -0.04408234 0.138 0.09499996 -0.04299998 0.1389999 0.09499996 -0.04408234 0.158 0.09499996 -0.04299998 0.157 0.09564882 -0.0443511 0.138 0.0964142 -0.04358577 0.1389999 0.09564882 -0.0443511 0.158 0.0964142 -0.04358577 0.157 0.09591758 -0.04499995 0.138 0.097 -0.04499995 0.1389999 0.09591758 -0.04499995 0.158 0.097 -0.04499995 0.157 0.09564882 -0.04564881 0.138 0.0964142 -0.04641419 0.1389999 0.09564882 -0.04564881 0.158 0.0964142 -0.04641419 0.157 0.09499996 -0.04591757 0.138 0.09499996 -0.04699999 0.1389999 0.09499996 -0.04591757 0.158 0.09499996 -0.04699999 0.157 0.09435111 -0.04564881 0.138 0.09358578 -0.04641419 0.1389999 0.09435111 -0.04564881 0.158 0.09358578 -0.04641419 0.157 0.09408235 -0.04499995 0.138 0.09299999 -0.04499995 0.1389999 0.09408235 -0.04499995 0.158 0.09299999 -0.04499995 0.157 0.09435111 -0.0443511 0.138 0.09358578 -0.04358577 0.1389999 0.09435111 -0.0443511 0.158 0.09358578 -0.04358577 0.157 -0.09499996 -0.04408234 0.138 -0.09499996 -0.04299998 0.1389999 -0.09499996 -0.04408234 0.158 -0.09499996 -0.04299998 0.157 -0.09435111 -0.0443511 0.138 -0.09358578 -0.04358577 0.1389999 -0.09435111 -0.0443511 0.158 -0.09358578 -0.04358577 0.157 -0.09408235 -0.04499995 0.138 -0.09299999 -0.04499995 0.1389999 -0.09408235 -0.04499995 0.158 -0.09299999 -0.04499995 0.157 -0.09435111 -0.04564881 0.138 -0.09358578 -0.04641419 0.1389999 -0.09435111 -0.04564881 0.158 -0.09358578 -0.04641419 0.157 -0.09499996 -0.04591757 0.138 -0.09499996 -0.04699999 0.1389999 -0.09499996 -0.04591757 0.158 -0.09499996 -0.04699999 0.157 -0.09564882 -0.04564881 0.138 -0.0964142 -0.04641419 0.1389999 -0.09564882 -0.04564881 0.158 -0.0964142 -0.04641419 0.157 -0.09591758 -0.04499995 0.138 -0.097 -0.04499995 0.1389999 -0.09591758 -0.04499995 0.158 -0.097 -0.04499995 0.157 -0.09564882 -0.0443511 0.138 -0.0964142 -0.04358577 0.1389999 -0.09564882 -0.0443511 0.158 -0.0964142 -0.04358577 0.157 0.09499996 -0.1140823 0.338 0.09499996 -0.113 0.339 0.09499996 -0.1140823 0.358 0.09499996 -0.113 0.357 0.09564882 -0.1143511 0.338 0.0964142 -0.1135858 0.339 0.09564882 -0.1143511 0.358 0.0964142 -0.1135858 0.357 0.09591758 -0.115 0.338 0.097 -0.115 0.339 0.09591758 -0.115 0.358 0.097 -0.115 0.357 0.09564882 -0.1156488 0.338 0.0964142 -0.1164142 0.339 0.09564882 -0.1156488 0.358 0.0964142 -0.1164142 0.357 0.09499996 -0.1159176 0.338 0.09499996 -0.117 0.339 0.09499996 -0.1159176 0.358 0.09499996 -0.117 0.357 0.09435111 -0.1156488 0.338 0.09358578 -0.1164142 0.339 0.09435111 -0.1156488 0.358 0.09358578 -0.1164142 0.357 0.09408235 -0.115 0.338 0.09299999 -0.115 0.339 0.09408235 -0.115 0.358 0.09299999 -0.115 0.357 0.09435111 -0.1143511 0.338 0.09358578 -0.1135858 0.339 0.09435111 -0.1143511 0.358 0.09358578 -0.1135858 0.357 -0.09499996 -0.1140823 0.338 -0.09499996 -0.113 0.339 -0.09499996 -0.1140823 0.358 -0.09499996 -0.113 0.357 -0.09435111 -0.1143511 0.338 -0.09358578 -0.1135858 0.339 -0.09435111 -0.1143511 0.358 -0.09358578 -0.1135858 0.357 -0.09408235 -0.115 0.338 -0.09299999 -0.115 0.339 -0.09408235 -0.115 0.358 -0.09299999 -0.115 0.357 -0.09435111 -0.1156488 0.338 -0.09358578 -0.1164142 0.339 -0.09435111 -0.1156488 0.358 -0.09358578 -0.1164142 0.357 -0.09499996 -0.1159176 0.338 -0.09499996 -0.117 0.339 -0.09499996 -0.1159176 0.358 -0.09499996 -0.117 0.357 -0.09564882 -0.1156488 0.338 -0.0964142 -0.1164142 0.339 -0.09564882 -0.1156488 0.358 -0.0964142 -0.1164142 0.357 -0.09591758 -0.115 0.338 -0.097 -0.115 0.339 -0.09591758 -0.115 0.358 -0.097 -0.115 0.357 -0.09564882 -0.1143511 0.338 -0.0964142 -0.1135858 0.339 -0.09564882 -0.1143511 0.358 -0.0964142 -0.1135858 0.357 0.09499996 0.0759176 0.338 0.09499996 0.07700002 0.339 0.09499996 0.0759176 0.358 0.09499996 0.07700002 0.357 0.09564882 0.07564884 0.338 0.0964142 0.07641422 0.339 0.09564882 0.07564884 0.358 0.0964142 0.07641422 0.357 0.09591758 0.07499998 0.338 0.097 0.07499998 0.339 0.09591758 0.07499998 0.358 0.097 0.07499998 0.357 0.09564882 0.07435113 0.338 0.0964142 0.0735858 0.339 0.09564882 0.07435113 0.358 0.0964142 0.0735858 0.357 0.09499996 0.07408237 0.338 0.09499996 0.07300001 0.339 0.09499996 0.07408237 0.358 0.09499996 0.07300001 0.357 0.09435111 0.07435113 0.338 0.09358578 0.0735858 0.339 0.09435111 0.07435113 0.358 0.09358578 0.0735858 0.357 0.09408235 0.07499998 0.338 0.09299999 0.07499998 0.339 0.09408235 0.07499998 0.358 0.09299999 0.07499998 0.357 0.09435111 0.07564884 0.338 0.09358578 0.07641422 0.339 0.09435111 0.07564884 0.358 0.09358578 0.07641422 0.357 -0.09499996 0.0759176 0.338 -0.09499996 0.07700002 0.339 -0.09499996 0.0759176 0.358 -0.09499996 0.07700002 0.357 -0.09435111 0.07564884 0.338 -0.09358578 0.07641422 0.339 -0.09435111 0.07564884 0.358 -0.09358578 0.07641422 0.357 -0.09408235 0.07499998 0.338 -0.09299999 0.07499998 0.339 -0.09408235 0.07499998 0.358 -0.09299999 0.07499998 0.357 -0.09435111 0.07435113 0.338 -0.09358578 0.0735858 0.339 -0.09435111 0.07435113 0.358 -0.09358578 0.0735858 0.357 -0.09499996 0.07408237 0.338 -0.09499996 0.07300001 0.339 -0.09499996 0.07408237 0.358 -0.09499996 0.07300001 0.357 -0.09564882 0.07435113 0.338 -0.0964142 0.0735858 0.339 -0.09564882 0.07435113 0.358 -0.0964142 0.0735858 0.357 -0.09591758 0.07499998 0.338 -0.097 0.07499998 0.339 -0.09591758 0.07499998 0.358 -0.097 0.07499998 0.357 -0.09564882 0.07564884 0.338 -0.0964142 0.07641422 0.339 -0.09564882 0.07564884 0.358 -0.0964142 0.07641422 0.357 0.09499996 -0.004082322 0.538 0.09499996 -0.002999961 0.539 0.09499996 -0.004082322 0.558 0.09499996 -0.002999961 0.557 0.09564882 -0.004351139 0.538 0.0964142 -0.003585755 0.539 0.09564882 -0.004351139 0.558 0.0964142 -0.003585755 0.557 0.09591758 -0.004999935 0.538 0.097 -0.004999935 0.539 0.09591758 -0.004999935 0.558 0.097 -0.004999935 0.557 0.09564882 -0.005648791 0.538 0.0964142 -0.006414175 0.539 0.09564882 -0.005648791 0.558 0.0964142 -0.006414175 0.557 0.09499996 -0.005917549 0.538 0.09499996 -0.006999969 0.539 0.09499996 -0.005917549 0.558 0.09499996 -0.006999969 0.557 0.09435111 -0.005648791 0.538 0.09358578 -0.006414175 0.539 0.09435111 -0.005648791 0.558 0.09358578 -0.006414175 0.557 0.09408235 -0.004999935 0.538 0.09299999 -0.004999935 0.539 0.09408235 -0.004999935 0.558 0.09299999 -0.004999935 0.557 0.09435111 -0.004351139 0.538 0.09358578 -0.003585755 0.539 0.09435111 -0.004351139 0.558 0.09358578 -0.003585755 0.557 -0.09499996 -0.004082322 0.538 -0.09499996 -0.002999961 0.539 -0.09499996 -0.004082322 0.558 -0.09499996 -0.002999961 0.557 -0.09435111 -0.004351139 0.538 -0.09358578 -0.003585755 0.539 -0.09435111 -0.004351139 0.558 -0.09358578 -0.003585755 0.557 -0.09408235 -0.004999935 0.538 -0.09299999 -0.004999935 0.539 -0.09408235 -0.004999935 0.558 -0.09299999 -0.004999935 0.557 -0.09435111 -0.005648791 0.538 -0.09358578 -0.006414175 0.539 -0.09435111 -0.005648791 0.558 -0.09358578 -0.006414175 0.557 -0.09499996 -0.005917549 0.538 -0.09499996 -0.006999969 0.539 -0.09499996 -0.005917549 0.558 -0.09499996 -0.006999969 0.557 -0.09564882 -0.005648791 0.538 -0.0964142 -0.006414175 0.539 -0.09564882 -0.005648791 0.558 -0.0964142 -0.006414175 0.557 -0.09591758 -0.004999935 0.538 -0.097 -0.004999935 0.539 -0.09591758 -0.004999935 0.558 -0.097 -0.004999935 0.557 -0.09564882 -0.004351139 0.538 -0.0964142 -0.003585755 0.539 -0.09564882 -0.004351139 0.558 -0.0964142 -0.003585755 0.557 0.09499996 0.1859176 0.538 0.09499996 0.187 0.539 0.09499996 0.1859176 0.558 0.09499996 0.187 0.557 0.09564882 0.1856488 0.538 0.0964142 0.1864142 0.539 0.09564882 0.1856488 0.558 0.0964142 0.1864142 0.557 0.09591758 0.185 0.538 0.097 0.185 0.539 0.09591758 0.185 0.558 0.097 0.185 0.557 0.09564882 0.1843511 0.538 0.0964142 0.1835858 0.539 0.09564882 0.1843511 0.558 0.0964142 0.1835858 0.557 0.09499996 0.1840823 0.538 0.09499996 0.183 0.539 0.09499996 0.1840823 0.558 0.09499996 0.183 0.557 0.09435111 0.1843511 0.538 0.09358578 0.1835858 0.539 0.09435111 0.1843511 0.558 0.09358578 0.1835858 0.557 0.09408235 0.185 0.538 0.09299999 0.185 0.539 0.09408235 0.185 0.558 0.09299999 0.185 0.557 0.09435111 0.1856488 0.538 0.09358578 0.1864142 0.539 0.09435111 0.1856488 0.558 0.09358578 0.1864142 0.557 -0.09499996 0.1859176 0.538 -0.09499996 0.187 0.539 -0.09499996 0.1859176 0.558 -0.09499996 0.187 0.557 -0.09435111 0.1856488 0.538 -0.09358578 0.1864142 0.539 -0.09435111 0.1856488 0.558 -0.09358578 0.1864142 0.557 -0.09408235 0.185 0.538 -0.09299999 0.185 0.539 -0.09408235 0.185 0.558 -0.09299999 0.185 0.557 -0.09435111 0.1843511 0.538 -0.09358578 0.1835858 0.539 -0.09435111 0.1843511 0.558 -0.09358578 0.1835858 0.557 -0.09499996 0.1840823 0.538 -0.09499996 0.183 0.539 -0.09499996 0.1840823 0.558 -0.09499996 0.183 0.557 -0.09564882 0.1843511 0.538 -0.0964142 0.1835858 0.539 -0.09564882 0.1843511 0.558 -0.0964142 0.1835858 0.557 -0.09591758 0.185 0.538 -0.097 0.185 0.539 -0.09591758 0.185 0.558 -0.097 0.185 0.557 -0.09564882 0.1856488 0.538 -0.0964142 0.1864142 0.539 -0.09564882 0.1856488 0.558 -0.0964142 0.1864142 0.557</float_array>
          <technique_common>
            <accessor source="#Pegs-mesh-positions-array" count="384" stride="3">
              <param name="X" type="float"/>
              <param name="Y" type="float"/>
              <param name="Z" type="float"/>
            </accessor>
          </technique_common>
        </source>
        <source id="Pegs-mesh-normals">
          <float_array id="Pegs-mesh-normals-array" count="1338">-0.7071087 0.7071049 0 1.39645e-6 1 0 -0.7071091 0.7071045 0 1 3.81969e-6 0 0.7071067 -0.707107 0 1 -3.81969e-6 0 0.7071103 -0.7071033 0 -3.05986e-6 -1 0 1.39645e-6 -1 0 -0.7071087 -0.7071049 0 -0.7071091 -0.7071045 0 -1 -3.57325e-6 0 -1 3.57325e-6 0 0.7071067 0.707107 0 0.7071103 0.7071033 0 0 0 -1 -3.47688e-6 0 1 -3.47693e-6 0 1 3.47688e-6 0 1 -3.05986e-6 1 0 -0.7071103 0.7071033 0 3.05986e-6 1 0 -0.7071067 0.707107 0 1 -3.57325e-6 0 0.7071091 -0.7071045 0 1 3.57325e-6 0 0.7071087 -0.7071049 0 -1.39645e-6 -1 0 3.05986e-6 -1 0 -0.7071103 -0.7071033 0 -0.7071067 -0.707107 0 -1 3.81969e-6 0 -1 -3.81969e-6 0 0.7071091 0.7071045 0 0.7071087 0.7071049 0 -1.39645e-6 1 0 -5.76075e-6 0 1 -4.07376e-6 0 1 4.07371e-6 0 1 1.35537e-6 1 0 -0.7071087 0.707105 0 1 3.77861e-6 0 0.7071062 -0.7071074 0 1 -3.86076e-6 0 0.7071108 -0.7071028 0 -3.03933e-6 -1 0 1.39645e-6 -1 0 -0.7071083 -0.7071053 0 -0.7071096 -0.707104 0 -1 -3.51165e-6 0 -1 3.59379e-6 0 0.7071071 0.7071065 0 0.7071099 0.7071037 0 0 0 1 -3.10094e-6 1 0 -0.7071108 0.7071028 0 3.03933e-6 1 0 -0.7071062 0.7071074 0 1 -3.59379e-6 0 0.7071087 -0.707105 0 1 3.51165e-6 0 -1.35537e-6 -1 0 3.10094e-6 -1 0 -0.7071099 -0.7071037 0 -0.7071071 -0.7071065 0 -1 3.86076e-6 0 -1 -3.77861e-6 0 0.7071096 0.707104 0 0.7071083 0.7071053 0 -1.39645e-6 1 0 1.3143e-6 1 0 -0.7071083 0.7071053 0 0.7071059 -0.7071077 0 -2.99825e-6 -1 0 1.43752e-6 -1 0 -0.707108 -0.7071056 0 0.7071096 0.707104 0 1.39078e-5 0 1 -1.39078e-5 0 1 -3.14201e-6 1 0 2.99825e-6 1 0 -0.7071059 0.7071077 0 0.7071083 -0.7071053 0 -1.3143e-6 -1 0 3.14201e-6 -1 0 -0.7071096 -0.707104 0 0.707108 0.7071056 0 -1.43752e-6 1 0 5.56318e-5 0 1 -5.56312e-5 0 1 4.37647e-5 0.9985879 0.05312675 -0.003555119 -0.003597021 -0.9999873 -2.6539e-5 4.50015e-6 -1 -4.37647e-5 0.9985879 -0.05312675 -0.003560245 -0.003597676 0.9999872 0.7058566 0.7059127 -0.05876952 0.7059182 0.7058513 0.05876767 -0.008091747 -2.67178e-5 -0.9999673 -0.008091926 2.66135e-5 0.9999673 0.9976728 4.42564e-5 -0.06818324 0.7058544 -0.7059139 0.05878037 0.9976738 -4.43757e-5 0.06817013 0.7059171 -0.7058511 -0.05878204 -0.003560364 0.003597974 0.9999872 -4.37498e-5 -0.9985873 0.05313634 -0.003555238 0.003597199 -0.9999873 4.37498e-5 -0.9985873 -0.05313634 -2.64794e-5 1.75536e-5 1 0.003555178 0.003597199 -0.9999873 2.64794e-5 1.75536e-5 -1 0.003560423 0.003597855 0.9999872 -0.7058541 -0.705914 -0.05878376 -0.7059158 -0.7058525 0.0587821 0.008091807 2.67327e-5 -0.9999673 0.008092045 -2.65986e-5 0.9999673 -0.9976728 -4.42713e-5 -0.06818324 -0.7058551 0.7059141 0.05876964 -0.9976738 4.43459e-5 0.06817018 -0.705918 0.7058512 -0.05877125 0.003560185 -0.003597676 0.9999873 0.003555119 -0.00359708 -0.9999873 2.6539e-5 4.50015e-6 1 0.7058557 0.7059134 -0.05877125 0.7059174 0.7058519 0.05876952 -0.008091807 -2.67327e-5 -0.9999673 -0.008092045 2.65986e-5 0.9999673 0.9976728 4.42713e-5 -0.06818324 0.7058536 -0.7059146 0.05878227 0.9976738 -4.43459e-5 0.06817018 0.7059162 -0.7058519 -0.05878388 -0.7058549 -0.7059133 -0.0587821 -0.7059166 -0.7058517 0.05878025 0.008091747 2.67178e-5 -0.9999673 0.008091926 -2.66135e-5 0.9999673 -0.9976728 -4.42564e-5 -0.06818324 -0.7058562 0.7059133 0.05876773 -0.9976738 4.43757e-5 0.06817013 -0.7059187 0.7058506 -0.05876952 0.7059164 0.7058524 0.05877506 2.67029e-5 -0.008089721 -0.9999673 4.4316e-5 0.9976723 0.06819111 0.7058537 0.705915 -0.05877566 -2.67029e-5 -0.008089721 0.9999673 -0.003595352 -0.00355792 0.9999873 0.998588 -4.36157e-5 0.05312204 -0.003594577 -0.003558456 -0.9999873 0.9985876 4.4018e-5 -0.05313187 1.09971e-5 -2.65092e-5 1 -0.003595173 0.003558754 -0.9999873 1.09971e-5 2.65092e-5 -1 -0.003595948 0.003558337 0.9999873 0.7059158 -0.7058531 -0.05877405 0.7058541 -0.7059149 0.05877345 -2.67029e-5 0.008089721 -0.9999673 -2.66582e-5 0.00808978 0.9999673 4.42862e-5 -0.9976723 -0.06819111 -0.7059162 -0.7058527 0.05877339 -4.4316e-5 -0.9976723 0.06819111 -0.7058536 -0.7059153 -0.05877411 0.003558576 0.003592967 0.9999873 -0.998588 4.38839e-5 0.05312216 0.00359553 0.003555893 -0.9999873 -0.9985876 -4.37498e-5 -0.05313187 -1.08778e-5 2.64794e-5 1 0.003594875 -0.003555417 -0.9999873 -1.08778e-5 -2.64794e-5 -1 0.003558039 -0.003592669 0.9999873 -0.7059159 0.7058528 -0.05877572 -0.7058541 0.7059148 0.05877506 -4.42862e-5 0.9976723 -0.06819111 -0.00359565 -0.003555059 0.9999873 -0.003594815 -0.003555417 -0.9999873 0.9985876 4.4018e-5 -0.05313187 1.08778e-5 -2.64794e-5 1 -0.003595471 0.003555893 -0.9999873 1.08778e-5 2.64794e-5 -1 -0.003596186 0.003555357 0.9999873 0.003558278 0.003596007 0.9999873 -0.998588 4.39137e-5 0.05312204 0.003595232 0.003558874 -0.9999872 -0.9985876 -4.37498e-5 -0.05313175 -1.09971e-5 2.65092e-5 1 0.003594696 -0.003558337 -0.9999873 -1.09971e-5 -2.65092e-5 -1 0.003557741 -0.00359553 0.9999873 0.7059165 0.7058535 0.05876088 2.69413e-5 -0.008100509 -0.9999673 -4.4778e-5 0.9976733 0.06817638 0.7058542 0.7059156 -0.05876076 -2.64049e-5 -0.008100569 0.9999672 -0.003568768 -0.003600001 0.9999872 0.9985877 -4.40031e-5 0.05312889 -0.003568768 -0.003600001 -0.9999872 0.9985877 4.36157e-5 -0.05312889 -3.57628e-6 -2.47508e-5 1 -0.00356692 0.003596246 -0.9999873 -3.63588e-6 2.82526e-5 -1 -0.00356692 0.003596127 0.9999873 0.7059165 -0.7058528 -0.0587691 0.7058543 -0.705915 0.0587691 -2.639e-5 0.008094906 -0.9999673 2.70009e-5 0.008094906 0.9999673 -4.4778e-5 -0.9976733 -0.06817638 -0.7059165 -0.7058528 0.0587691 4.41223e-5 -0.9976733 0.06817632 -0.7058543 -0.705915 -0.0587691 0.003566086 0.003593921 0.9999873 -0.9985877 4.36306e-5 0.05312889 0.003565967 0.00359404 -0.9999873 -0.9985877 -4.39584e-5 -0.05312889 3.66569e-6 2.81632e-5 1 0.003567934 -0.003597915 -0.9999873 3.57628e-6 -2.46465e-5 -1 0.003567934 -0.003597915 0.9999873 -0.7059165 0.7058535 -0.05876064 -0.7058543 0.7059157 0.05876058 4.41223e-5 0.9976733 -0.06817632 0.7059165 0.7058535 0.05876064 2.64049e-5 -0.008100569 -0.9999672 -4.41223e-5 0.9976733 0.06817632 0.7058543 0.7059157 -0.05876058 -2.69413e-5 -0.008100509 0.9999673 -0.003567934 -0.003597915 0.9999873 0.9985877 -4.39584e-5 0.05312889 -0.003567934 -0.003597915 -0.9999873 0.9985877 4.36306e-5 -0.05312889 -3.57628e-6 -2.46465e-5 1 -0.003566086 0.003593921 -0.9999873 -3.66569e-6 2.81632e-5 -1 -0.003565967 0.00359404 0.9999873 0.7059165 -0.7058528 -0.0587691 0.7058543 -0.705915 0.0587691 -2.70009e-5 0.008094906 -0.9999673 2.639e-5 0.008094906 0.9999673 -4.41223e-5 -0.9976733 -0.06817632 -0.7059165 -0.7058528 0.0587691 4.4778e-5 -0.9976733 0.06817638 -0.7058543 -0.705915 -0.0587691 0.00356692 0.003596246 0.9999873 -0.9985877 4.36157e-5 0.05312889 0.00356692 0.003596127 -0.9999873 -0.9985877 -4.40031e-5 -0.05312889 3.63588e-6 2.82526e-5 1 0.003568768 -0.003600001 -0.9999872 3.57628e-6 -2.47508e-5 -1 0.003568768 -0.003600001 0.9999872 -0.7059165 0.7058535 -0.05876088 -0.7058542 0.7059156 0.05876076 4.4778e-5 0.9976733 -0.06817638 0.7059163 0.7058532 0.05876612 2.69413e-5 -0.008097708 -0.9999672 -4.48227e-5 0.9976729 0.06818234 0.7058541 0.7059155 -0.05876612 -2.65092e-5 -0.008097648 0.9999673 -0.003569483 -0.003600418 0.9999873 0.9985876 -4.4018e-5 0.05313056 -0.003569364 -0.003600478 -0.9999873 0.9985876 4.36008e-5 -0.05313062 -2.29478e-6 -2.67774e-5 1 -0.003568291 0.003599643 -0.9999873 -2.26498e-6 2.61515e-5 -1 -0.003568232 0.003599643 0.9999872 0.7059164 -0.705853 -0.05876779 0.7058542 -0.7059152 0.05876773 -2.65092e-5 0.008097648 -0.9999673 2.69413e-5 0.008097708 0.9999672 -4.48227e-5 -0.9976729 -0.06818234 -0.7059165 -0.705853 0.05876773 4.41372e-5 -0.997673 0.06818228 -0.7058542 -0.7059152 -0.05876761 0.003567397 0.003597557 0.9999873 -0.9985876 4.36008e-5 0.05313062 0.003567337 0.003597497 -0.9999873 -0.9985876 -4.4018e-5 -0.05313062 2.11596e-6 2.61217e-5 1 0.003568589 -0.003598451 -0.9999873 2.17557e-6 -2.67029e-5 -1 0.00356853 -0.003598213 0.9999873 -0.7059164 0.7058531 -0.058766 -0.7058541 0.7059154 0.058766 4.41372e-5 0.997673 -0.06818228 0.7059164 0.7058531 0.058766 2.65092e-5 -0.008097648 -0.9999673 -4.41372e-5 0.997673 0.06818228 0.7058541 0.7059154 -0.058766 -2.69413e-5 -0.008097708 0.9999672 -0.003568589 -0.003598451 0.9999873 0.9985876 -4.4018e-5 0.05313062 -0.00356853 -0.003598213 -0.9999873 -2.17557e-6 -2.67029e-5 1 -0.003567397 0.003597557 -0.9999873 -2.11596e-6 2.61217e-5 -1 -0.003567337 0.003597497 0.9999873 0.7059165 -0.705853 -0.05876773 0.7058542 -0.7059152 0.05876761 -2.69413e-5 0.008097708 -0.9999672 2.65092e-5 0.008097648 0.9999673 -4.41372e-5 -0.997673 -0.06818228 -0.7059164 -0.705853 0.05876779 4.48227e-5 -0.9976729 0.06818234 -0.7058542 -0.7059152 -0.05876773 0.003568291 0.003599643 0.9999873 0.003568232 0.003599643 -0.9999872 -0.9985876 -4.4018e-5 -0.05313056 2.26498e-6 2.61515e-5 1 0.003569483 -0.003600418 -0.9999873 2.29478e-6 -2.67774e-5 -1 0.003569364 -0.003600478 0.9999873 -0.7059163 0.7058532 -0.05876612 -0.7058541 0.7059155 0.05876612 4.48227e-5 0.9976729 -0.06818234 0.7059242 0.7058429 0.05879461 -2.64347e-5 -0.008094787 -0.9999673 4.40329e-5 0.9976731 0.06817901 0.7058582 0.7059101 -0.0587815 2.69711e-5 -0.008094727 0.9999673 -0.003586113 -0.00359869 0.9999871 0.9985866 -4.37349e-5 0.05315011 -0.003567278 -0.003597319 -0.9999873 0.9985877 4.38988e-5 -0.05313056 -5.49555e-5 -2.64794e-5 1 -0.003567576 0.003597736 -0.9999872 -5.49555e-5 2.64794e-5 -1 -0.003586351 0.003599166 0.9999872 0.7059203 -0.705848 -0.05878138 0.7058621 -0.7059051 0.05879461 2.69264e-5 0.008095085 -0.9999672 -2.64198e-5 0.008095085 0.9999673 4.40031e-5 -0.9976732 -0.06817936 -0.7059243 -0.7058429 0.05879449 -4.46737e-5 -0.9976731 0.06817936 -0.7058583 -0.70591 -0.05878132 0.003585517 0.003596961 0.9999871 -0.9985866 4.37349e-5 0.05315011 0.003566682 0.00359565 -0.9999872 -0.9985877 -4.3869e-5 -0.05313062 5.49555e-5 2.64794e-5 1 0.003566503 -0.003595173 -0.9999872 5.49555e-5 -2.64794e-5 -1 0.003585159 -0.003596484 0.9999871 -0.7059205 0.7058478 -0.05878138 -0.7058621 0.7059051 0.05879455 -4.47184e-5 0.9976732 -0.06817907 0.7059242 0.7058429 0.05879449 -2.6986e-5 -0.008094727 -0.9999673 4.47184e-5 0.9976732 0.06817907 0.7058581 0.7059102 -0.05878138 2.64794e-5 -0.008094787 0.9999673 -0.003585219 -0.003596603 0.9999871 -0.003566443 -0.003595232 -0.9999873 0.9985877 4.3869e-5 -0.05313062 -0.003566682 0.003595709 -0.9999873 -0.003585398 0.003596961 0.9999872 0.7059204 -0.7058479 -0.05878138 0.7058621 -0.7059051 0.05879449 2.64049e-5 0.008095026 -0.9999673 -2.69115e-5 0.008095085 0.9999672 4.46737e-5 -0.9976731 -0.06817936 -0.7059243 -0.7058429 0.05879455 -4.40031e-5 -0.9976732 0.06817936 -0.7058581 -0.7059101 -0.05878144 0.003586411 0.003599107 0.9999871 0.003567576 0.003597736 -0.9999873 -0.9985877 -4.38988e-5 -0.05313056 0.003567278 -0.003597319 -0.9999873 0.003586113 -0.003598749 0.9999871 -0.7059203 0.705848 -0.05878144 -0.7058621 0.7059051 0.05879467 -4.40329e-5 0.9976731 -0.06817901 4.38839e-5 0.9985882 0.0531193 -0.003580033 -0.003601074 -0.9999871 -2.74926e-5 -4.76837e-7 -1 -4.38392e-5 0.9985882 -0.05311936 -0.003603219 -0.003560483 0.9999873 0.705859 0.70591 -0.05877232 0.7059232 0.7058452 0.05877935 -0.008084654 -2.75075e-5 -0.9999674 -0.008083939 2.58237e-5 0.9999674 0.997672 4.42564e-5 -0.06819653 0.7058603 -0.7059074 0.05878871 0.9976684 -4.43459e-5 0.06824845 0.7059206 -0.7058477 -0.05878174 -0.003594338 0.003553509 0.9999873 -4.37498e-5 -0.9985877 0.05312842 -0.003571212 0.003593981 -0.9999873 4.38392e-5 -0.9985877 -0.0531283 -2.74926e-5 4.76837e-7 1 0.003571689 0.003602206 -0.9999871 2.53767e-5 4.17232e-7 -1 0.003557205 0.003599226 0.9999872 -0.7058582 -0.7059099 -0.05878251 -0.7059224 -0.7058451 0.05878949 0.008084595 2.58237e-5 -0.9999674 0.008084058 -2.75224e-5 0.9999674 -0.997672 -4.42564e-5 -0.06819653 -0.7058609 0.7059074 0.05878013 -0.9976684 4.43459e-5 0.06824845 -0.7059211 0.7058478 -0.05877333 0.003565907 -0.0036062 0.9999872 0.00358051 -0.00360924 -0.9999871 -2.75522e-5 -4.47035e-7 1 4.38392e-5 0.9985882 0.0531193 -0.003580391 -0.00360924 -0.9999871 -2.53767e-5 -4.17232e-7 -1 -4.38839e-5 0.9985882 -0.05311936 -0.003603518 -0.003568589 0.9999871 0.705859 0.70591 -0.05877315 0.7059231 0.7058452 0.05878031 -0.008084654 -2.75224e-5 -0.9999673 -0.008083999 2.58088e-5 0.9999673 0.7058603 -0.7059074 0.05878955 0.7059205 -0.7058477 -0.05878251 -0.003594815 0.003561675 0.9999872 -4.38094e-5 -0.9985877 0.05312842 -0.003571748 0.003602147 -0.9999871 4.37647e-5 -0.9985877 -0.05312842 -2.53767e-5 4.17232e-7 1 0.003571152 0.003593981 -0.9999872 2.74926e-5 4.76837e-7 -1 0.003556787 0.003591001 0.9999873 -0.7058584 -0.7059099 -0.05878174 -0.7059225 -0.7058451 0.05878877 0.008084535 2.58088e-5 -0.9999674 0.008083999 -2.75075e-5 0.9999673 -0.705861 0.7059075 0.05877935 -0.7059213 0.7058477 -0.05877238 0.00356549 -0.003598153 0.9999873 0.003579974 -0.003601133 -0.9999871 -2.54363e-5 -5.06639e-7 1 2.08611e-5 0 1 3.47693e-6 0 1 -2.08611e-5 0 1 -4.17245e-5 0 1 7.44752e-6 0 1 5.76065e-6 0 1 4.17245e-5 0 1 -7.44777e-6 0 1 8.3447e-5 0 1 1.39078e-5 0 1 -8.3447e-5 0 1 -1.39078e-5 0 1 -1.66889e-4 0 1 0 0 1 1.66893e-4 0 1 1.66896e-4 0 1 -1.66896e-4 0 1</float_array>
          <technique_common>
            <accessor source="#Pegs-mesh-normals-array" count="446" stride="3">
              <param name="X" type="float"/>
              <param name="Y" type="float"/>
              <param name="Z" type="float"/>
            </accessor>
          </technique_common>
        </source>
        <source id="Pegs-mesh-map-0">
          <float_array id="Pegs-mesh-map-0-array" count="4320">0.5467929 0.4045 0.5475 0.3955 0.5467929 0.3955 0.395 0.4045 0.3942929 0.3955 0.395 0.3955 0.5482071 0.4045 0.5475 0.3955 0.5482071 0.3955 0.5475 0.4045 0.5467929 0.3955 0.5475 0.3955 0.3942929 0.4045 0.395 0.3955 0.3942929 0.3955 0.395 0.4045 0.3957071 0.3955 0.395 0.3955 0.3957071 0.4045 0.395 0.3955 0.3957071 0.3955 0.4520412 0.395 0.4521756 0.3953244 0.4528245 0.3946756 0.5470412 0.395 0.5475 0.3945412 0.5479589 0.3950001 0.5475 0.4045 0.5482071 0.3955 0.5475 0.3955 0.4517929 0.4045 0.4525 0.3955 0.4517929 0.3955 0.395 0.4045 0.3942929 0.3955 0.395 0.3955 0.4532071 0.4045 0.4525 0.3955 0.4532071 0.3955 0.4525 0.4045 0.4517929 0.3955 0.4525 0.3955 0.3942929 0.4045 0.395 0.3955 0.3942929 0.3955 0.395 0.4045 0.3957071 0.3955 0.395 0.3955 0.3957071 0.4045 0.395 0.3955 0.3957071 0.3955 0.5470412 0.49 0.5471757 0.4903244 0.5478245 0.4896755 0.4520412 0.395 0.4525 0.3945412 0.4529588 0.3950001 0.4525 0.4045 0.4532071 0.3955 0.4525 0.3955 0.5467929 0.4045 0.5475 0.3955 0.5467929 0.3955 0.49 0.4045 0.4892929 0.3955 0.49 0.3955 0.5482071 0.4045 0.5475 0.3955 0.5482071 0.3955 0.5475 0.4045 0.5467929 0.3955 0.5475 0.3955 0.4892929 0.4045 0.49 0.3955 0.4892929 0.3955 0.49 0.4045 0.4907071 0.3955 0.49 0.3955 0.4907071 0.4045 0.49 0.3955 0.4907071 0.3955 0.4520412 0.49 0.4521756 0.4903244 0.4528244 0.4896755 0.5478244 0.4896756 0.5479589 0.4900001 0.5470412 0.49 0.5475 0.4045 0.5482071 0.3955 0.5475 0.3955 0.4517929 0.4045 0.4525 0.3955 0.4517929 0.3955 0.49 0.4045 0.4892929 0.3955 0.49 0.3955 0.4532071 0.4045 0.4525 0.3955 0.4532071 0.3955 0.4525 0.4045 0.4517929 0.3955 0.4525 0.3955 0.4892929 0.4045 0.49 0.3955 0.4892929 0.3955 0.49 0.4045 0.4907071 0.3955 0.49 0.3955 0.4907071 0.4045 0.49 0.3955 0.4907071 0.3955 0.5470412 0.455 0.5471756 0.4553245 0.5478245 0.4546756 0.4528244 0.4896756 0.4529588 0.4900001 0.4520412 0.49 0.4525 0.4045 0.4532071 0.3955 0.4525 0.3955 0.5467929 0.5045 0.5475 0.4955 0.5467929 0.4955 0.455 0.5045 0.4542929 0.4955 0.455 0.4955 0.5482071 0.5045 0.5475 0.4955 0.5482071 0.4955 0.5475 0.5045 0.5467929 0.4955 0.5475 0.4955 0.4542929 0.5045 0.455 0.4955 0.4542929 0.4955 0.455 0.5045 0.4557071 0.4955 0.455 0.4955 0.4557071 0.5045 0.455 0.4955 0.4557071 0.4955 0.4520412 0.455 0.4521756 0.4553245 0.4528245 0.4546756 0.5478245 0.4546756 0.5479589 0.4550001 0.5470412 0.455 0.5475 0.5045 0.5482071 0.4955 0.5475 0.4955 0.4517929 0.5045 0.4525 0.4955 0.4517929 0.4955 0.455 0.5045 0.4542929 0.4955 0.455 0.4955 0.4532071 0.5045 0.4525 0.4955 0.4532071 0.4955 0.4525 0.5045 0.4517929 0.4955 0.4525 0.4955 0.4542929 0.5045 0.455 0.4955 0.4542929 0.4955 0.455 0.5045 0.4557071 0.4955 0.455 0.4955 0.4557071 0.5045 0.455 0.4955 0.4557071 0.4955 0.5470412 0.55 0.5471756 0.5503244 0.5478245 0.5496757 0.4528245 0.4546756 0.4529588 0.4550001 0.4520412 0.455 0.4525 0.5045 0.4532071 0.4955 0.4525 0.4955 0.5467929 0.5045 0.5475 0.4955 0.5467929 0.4955 0.55 0.5045 0.5492929 0.4955 0.55 0.4955 0.5482071 0.5045 0.5475 0.4955 0.5482071 0.4955 0.5475 0.5045 0.5467929 0.4955 0.5475 0.4955 0.5492929 0.5045 0.55 0.4955 0.5492929 0.4955 0.55 0.5045 0.5507071 0.4955 0.55 0.4955 0.5507071 0.5045 0.55 0.4955 0.5507071 0.4955 0.4520412 0.55 0.4521756 0.5503244 0.4528245 0.5496757 0.5478245 0.5496757 0.5479589 0.5500001 0.5470412 0.55 0.5475 0.5045 0.5482071 0.4955 0.5475 0.4955 0.4517929 0.5045 0.4525 0.4955 0.4517929 0.4955 0.55 0.5045 0.5492929 0.4955 0.55 0.4955 0.4532071 0.5045 0.4525 0.4955 0.4532071 0.4955 0.4525 0.5045 0.4517929 0.4955 0.4525 0.4955 0.5492929 0.5045 0.55 0.4955 0.5492929 0.4955 0.55 0.5045 0.5507071 0.4955 0.55 0.4955 0.5507071 0.5045 0.55 0.4955 0.5507071 0.4955 0.5470412 0.51 0.5471755 0.5103244 0.5478245 0.5096756 0.4528245 0.5496757 0.4529588 0.5500001 0.4520412 0.55 0.4525 0.5045 0.4532071 0.4955 0.4525 0.4955 0.5467929 0.6045001 0.5475 0.5955 0.5467929 0.5955001 0.51 0.6045001 0.5092929 0.5955 0.51 0.5955001 0.5482071 0.6045001 0.5475 0.5955 0.5482071 0.5955001 0.5475 0.6045001 0.5467929 0.5955 0.5475 0.5955001 0.5092929 0.6045001 0.51 0.5955 0.5092929 0.5955001 0.51 0.6045001 0.5107071 0.5955 0.51 0.5955001 0.5107071 0.6045001 0.51 0.5955 0.5107071 0.5955001 0.4520412 0.51 0.4521755 0.5103244 0.4528244 0.5096756 0.5478245 0.5096756 0.5479589 0.5100001 0.5470412 0.51 0.5475 0.6045001 0.5482071 0.5955 0.5475 0.5955001 0.4517929 0.6045001 0.4525 0.5955 0.4517929 0.5955001 0.51 0.6045001 0.5092929 0.5955 0.51 0.5955001 0.4532071 0.6045001 0.4525 0.5955 0.4532071 0.5955001 0.4525 0.6045001 0.4517929 0.5955 0.4525 0.5955001 0.5092929 0.6045001 0.51 0.5955 0.5092929 0.5955001 0.51 0.6045001 0.5107071 0.5955 0.51 0.5955001 0.5107071 0.6045001 0.51 0.5955 0.5107071 0.5955001 0.5470412 0.605 0.5471755 0.6053245 0.5478245 0.6046756 0.4528244 0.5096756 0.4529588 0.5100001 0.4520412 0.51 0.4525 0.6045001 0.4532071 0.5955 0.4525 0.5955001 0.5467929 0.6045001 0.5475 0.5955 0.5467929 0.5955001 0.605 0.6045001 0.6042929 0.5955 0.605 0.5955001 0.5482071 0.6045001 0.5475 0.5955 0.5482071 0.5955001 0.5475 0.6045001 0.5467929 0.5955 0.5475 0.5955001 0.6042929 0.6045001 0.605 0.5955 0.6042929 0.5955001 0.605 0.6045001 0.6057071 0.5955 0.605 0.5955001 0.6057071 0.6045001 0.605 0.5955 0.6057071 0.5955001 0.4520412 0.605 0.4521756 0.6053245 0.4528245 0.6046756 0.5470412 0.605 0.5475 0.6045412 0.5479589 0.605 0.5475 0.6045001 0.5482071 0.5955 0.5475 0.5955001 0.4517929 0.6045001 0.4525 0.5955 0.4517929 0.5955001 0.605 0.6045001 0.6042929 0.5955 0.605 0.5955001 0.4532071 0.6045001 0.4525 0.5955 0.4532071 0.5955001 0.4525 0.6045001 0.4517929 0.5955 0.4525 0.5955001 0.6042929 0.6045001 0.605 0.5955 0.6042929 0.5955001 0.605 0.6045001 0.6057071 0.5955 0.605 0.5955001 0.6057071 0.6045001 0.605 0.5955 0.6057071 0.5955001 0.4520412 0.605 0.4525 0.6045412 0.4529588 0.605 0.4525 0.6045001 0.4532071 0.5955 0.4525 0.5955001 0.5475 0.3955 0.5478245 0.3953244 0.5475 0.3954588 0.5475 0.4045 0.5480158 0.405 0.5482071 0.4045 0.5482071 0.3957071 0.5479589 0.395 0.5478245 0.3953244 0.3957071 0.4045 0.3951913 0.405 0.395 0.4045 0.5482071 0.3942929 0.5479589 0.395 0.5485 0.395 0.3942929 0.4045 0.3948087 0.405 0.3944842 0.405 0.5475 0.3955 0.5478245 0.3946756 0.5482071 0.3955 0.5475 0.4045 0.5480158 0.405 0.5476914 0.405 0.5475 0.3955 0.5471756 0.3946756 0.5475001 0.3945412 0.5475 0.4045 0.5469843 0.405 0.5467929 0.4045 0.5467929 0.3942929 0.5470412 0.395 0.5471756 0.3946756 0.3942929 0.4045 0.3948087 0.405 0.395 0.4045 0.5467929 0.3957071 0.5470412 0.395 0.5465 0.395 0.3957071 0.4045 0.3951913 0.405 0.3955157 0.405 0.5475 0.3955 0.5471755 0.3953244 0.5467929 0.3955 0.5475 0.4045 0.5469842 0.405 0.5473087 0.405 0.4525 0.3955 0.4528244 0.3953244 0.4525001 0.3954588 0.4525 0.4045 0.4530158 0.405 0.4532071 0.4045 0.4532071 0.3957071 0.4529588 0.395 0.4528244 0.3953244 0.3957071 0.4045 0.3951914 0.405 0.395 0.4045 0.4532071 0.3942929 0.4529588 0.395 0.4535 0.395 0.3942929 0.4045 0.3948087 0.405 0.3944842 0.405 0.4525 0.3955 0.4528245 0.3946756 0.4532071 0.3955 0.4525 0.4045 0.4530158 0.405 0.4526913 0.405 0.4525 0.3955 0.4521756 0.3946756 0.4525001 0.3945412 0.4525 0.4045 0.4519842 0.405 0.4517929 0.4045 0.4517929 0.3942929 0.4520412 0.395 0.4521756 0.3946756 0.3942929 0.4045 0.3948087 0.405 0.395 0.4045 0.4517929 0.3957071 0.4520412 0.395 0.4515 0.395 0.3957071 0.4045 0.3951913 0.405 0.3955157 0.405 0.4525 0.3955 0.4521756 0.3953244 0.4517929 0.3955 0.4525 0.4045 0.4519842 0.405 0.4523086 0.405 0.5482071 0.3955 0.5476914 0.395 0.5475 0.3955 0.5482071 0.4045 0.5476914 0.405 0.5480158 0.405 0.49 0.3955 0.4905157 0.395 0.4907071 0.3955 0.49 0.4045 0.4905157 0.405 0.4901914 0.405 0.49 0.3955 0.4894843 0.395 0.4898086 0.3950001 0.49 0.4045 0.4894843 0.405 0.4892929 0.4045 0.5482071 0.3955 0.5476914 0.395 0.5480158 0.3950001 0.5482071 0.4045 0.5476914 0.405 0.5475 0.4045 0.5467929 0.3955 0.5473087 0.395 0.5475 0.3955 0.5467929 0.4045 0.5473087 0.405 0.5469842 0.405 0.49 0.3955 0.4894843 0.395 0.4892929 0.3955 0.49 0.4045 0.4894842 0.405 0.4898087 0.405 0.49 0.3955 0.4905158 0.395 0.4901914 0.3950001 0.49 0.4045 0.4905158 0.405 0.4907071 0.4045 0.5467929 0.3955 0.5473087 0.3950001 0.5469842 0.3950001 0.5467929 0.4045 0.5473087 0.405 0.5475 0.4045 0.4532071 0.3955 0.4526913 0.395 0.4525 0.3955 0.4532071 0.4045 0.4526913 0.405 0.4530158 0.405 0.49 0.3955 0.4905158 0.395 0.4907071 0.3955 0.49 0.4045 0.4905158 0.405 0.4901914 0.405 0.49 0.3955 0.4894842 0.395 0.4898087 0.395 0.49 0.4045 0.4894843 0.405 0.4892929 0.4045 0.4532071 0.3955 0.4526913 0.3950001 0.4530158 0.3950001 0.4532071 0.4045 0.4526913 0.405 0.4525 0.4045 0.4517929 0.3955 0.4523086 0.395 0.4525 0.3955 0.4517929 0.4045 0.4523086 0.405 0.4519842 0.405 0.49 0.3955 0.4894843 0.395 0.4892929 0.3955 0.49 0.4045 0.4894843 0.405 0.4898086 0.405 0.49 0.3955 0.4905157 0.395 0.4901914 0.395 0.49 0.4045 0.4905157 0.405 0.4907071 0.4045 0.4517929 0.3955 0.4523086 0.395 0.4519842 0.3950001 0.4517929 0.4045 0.4523086 0.405 0.4525 0.4045 0.5482071 0.4955 0.5476914 0.495 0.5475 0.4955 0.5482071 0.5045 0.5476914 0.505 0.5480158 0.505 0.455 0.4955 0.4555158 0.495 0.4557071 0.4955 0.455 0.5045 0.4555158 0.505 0.4551913 0.505 0.455 0.4955 0.4544842 0.495 0.4548087 0.495 0.455 0.5045 0.4544842 0.505 0.4542929 0.5045 0.5482071 0.4955 0.5476914 0.495 0.5480158 0.495 0.5482071 0.5045 0.5476914 0.505 0.5475 0.5045 0.5467929 0.4955 0.5473087 0.495 0.5475 0.4955 0.5467929 0.5045 0.5473086 0.505 0.5469842 0.505 0.455 0.4955 0.4544842 0.495 0.4542929 0.4955 0.455 0.5045 0.4544842 0.505 0.4548087 0.505 0.455 0.4955 0.4555158 0.495 0.4551913 0.495 0.455 0.5045 0.4555158 0.505 0.4557071 0.5045 0.5467929 0.4955 0.5473087 0.495 0.5469842 0.495 0.5467929 0.5045 0.5473087 0.505 0.5475 0.5045 0.4532071 0.4955 0.4526913 0.495 0.4525 0.4955 0.4532071 0.5045 0.4526914 0.505 0.4530158 0.505 0.455 0.4955 0.4555158 0.495 0.4557071 0.4955 0.455 0.5045 0.4555158 0.505 0.4551913 0.505 0.455 0.4955 0.4544842 0.495 0.4548087 0.495 0.455 0.5045 0.4544842 0.505 0.4542929 0.5045 0.4532071 0.4955 0.4526913 0.495 0.4530158 0.495 0.4532071 0.5045 0.4526913 0.505 0.4525 0.5045 0.4517929 0.4955 0.4523086 0.495 0.4525 0.4955 0.4517929 0.5045 0.4523086 0.505 0.4519842 0.505 0.455 0.4955 0.4544842 0.495 0.4542929 0.4955 0.455 0.5045 0.4544842 0.505 0.4548087 0.505 0.455 0.4955 0.4555158 0.495 0.4551913 0.495 0.455 0.5045 0.4555158 0.505 0.4557071 0.5045 0.4517929 0.4955 0.4523086 0.495 0.4519842 0.495 0.4517929 0.5045 0.4523086 0.505 0.4525 0.5045 0.5482071 0.4955 0.5476914 0.495 0.5475 0.4955 0.5482071 0.5045 0.5476914 0.505 0.5480158 0.505 0.55 0.4955 0.5505158 0.495 0.5507071 0.4955 0.55 0.5045 0.5505158 0.505 0.5501914 0.505 0.55 0.4955 0.5494843 0.495 0.5498087 0.495 0.55 0.5045 0.5494843 0.505 0.5492929 0.5045 0.5482071 0.4955 0.5476914 0.495 0.5480158 0.495 0.5482071 0.5045 0.5476914 0.505 0.5475 0.5045 0.5467929 0.4955 0.5473087 0.495 0.5475 0.4955 0.5467929 0.5045 0.5473086 0.505 0.5469842 0.505 0.55 0.4955 0.5494843 0.495 0.5492929 0.4955 0.55 0.5045 0.5494843 0.505 0.5498087 0.505 0.55 0.4955 0.5505158 0.495 0.5501914 0.495 0.55 0.5045 0.5505158 0.505 0.5507071 0.5045 0.5467929 0.4955 0.5473087 0.495 0.5469842 0.495 0.5467929 0.5045 0.5473087 0.505 0.5475 0.5045 0.4532071 0.4955 0.4526913 0.495 0.4525 0.4955 0.4532071 0.5045 0.4526913 0.505 0.4530158 0.505 0.55 0.4955 0.5505158 0.495 0.5507071 0.4955 0.55 0.5045 0.5505158 0.505 0.5501914 0.505 0.55 0.4955 0.5494843 0.495 0.5498087 0.495 0.55 0.5045 0.5494843 0.505 0.5492929 0.5045 0.4532071 0.4955 0.4526913 0.495 0.4530158 0.495 0.4532071 0.5045 0.4526913 0.505 0.4525 0.5045 0.4517929 0.4955 0.4523087 0.495 0.4525 0.4955 0.4517929 0.5045 0.4523087 0.505 0.4519842 0.505 0.55 0.4955 0.5494843 0.495 0.5492929 0.4955 0.55 0.5045 0.5494843 0.505 0.5498087 0.505 0.55 0.4955 0.5505158 0.495 0.5501914 0.495 0.55 0.5045 0.5505158 0.505 0.5507071 0.5045 0.4517929 0.4955 0.4523086 0.495 0.4519842 0.495 0.4517929 0.5045 0.4523086 0.505 0.4525 0.5045 0.5482071 0.5955 0.5476914 0.595 0.5475 0.5955001 0.5482071 0.6045 0.5476914 0.605 0.5480158 0.605 0.51 0.5955 0.5105158 0.595 0.5107071 0.5955001 0.51 0.6045 0.5105158 0.605 0.5101913 0.605 0.51 0.5955001 0.5094842 0.595 0.5098087 0.595 0.51 0.6045001 0.5094842 0.605 0.5092929 0.6045 0.5482071 0.5955001 0.5476914 0.595 0.5480158 0.595 0.5482071 0.6045001 0.5476914 0.605 0.5475 0.6045 0.5467929 0.5955 0.5473087 0.595 0.5475 0.5955001 0.5467929 0.6045 0.5473087 0.605 0.5469842 0.605 0.51 0.5955 0.5094842 0.595 0.5092929 0.5955001 0.51 0.6045 0.5094842 0.605 0.5098087 0.605 0.51 0.5955001 0.5105158 0.595 0.5101913 0.595 0.51 0.6045001 0.5105158 0.605 0.5107071 0.6045 0.5467929 0.5955001 0.5473086 0.595 0.5469842 0.595 0.5467929 0.6045001 0.5473087 0.605 0.5475 0.6045 0.4532071 0.5955 0.4526913 0.595 0.4525 0.5955001 0.4532071 0.6045 0.4526913 0.605 0.4530158 0.605 0.51 0.5955 0.5105158 0.595 0.5107071 0.5955001 0.51 0.6045 0.5105158 0.605 0.5101913 0.605 0.51 0.5955001 0.5094842 0.595 0.5098087 0.595 0.51 0.6045001 0.5094842 0.605 0.5092929 0.6045 0.4532071 0.5955001 0.4526913 0.595 0.4530158 0.595 0.4532071 0.6045001 0.4526913 0.605 0.4525 0.6045 0.4517929 0.5955 0.4523086 0.595 0.4525 0.5955001 0.4517929 0.6045 0.4523086 0.605 0.4519842 0.605 0.51 0.5955 0.5094842 0.595 0.5092929 0.5955001 0.51 0.6045 0.5094842 0.605 0.5098087 0.605 0.51 0.5955001 0.5105158 0.595 0.5101913 0.595 0.51 0.6045001 0.5105158 0.605 0.5107071 0.6045 0.4517929 0.5955001 0.4523087 0.595 0.4519842 0.595 0.4517929 0.6045001 0.4523087 0.605 0.4525 0.6045 0.5475 0.5955001 0.5480158 0.595 0.5476914 0.595 0.5475 0.6045001 0.5478245 0.6053245 0.5482071 0.6045 0.6057071 0.5955001 0.6051914 0.595 0.6055158 0.595 0.5482071 0.6057071 0.5479589 0.605 0.5485 0.605 0.6042929 0.5955 0.6048087 0.595 0.605 0.5955001 0.5482071 0.6042929 0.5479589 0.605 0.5478245 0.6046756 0.5475 0.5955 0.5480158 0.595 0.5482071 0.5955001 0.5475 0.6045 0.5478245 0.6046756 0.5475 0.6045412 0.5475 0.5955001 0.5469842 0.595 0.5473087 0.595 0.5475 0.6045001 0.5471756 0.6046756 0.5467929 0.6045 0.6042929 0.5955001 0.6048087 0.595 0.6044842 0.595 0.5467929 0.6042929 0.5470412 0.605 0.5465 0.605 0.6057071 0.5955 0.6051914 0.595 0.605 0.5955001 0.5467929 0.6057071 0.5470412 0.605 0.5471756 0.6053245 0.5475 0.5955 0.5469843 0.595 0.5467929 0.5955001 0.5475 0.6045 0.5471756 0.6053245 0.5475 0.6054588 0.4525 0.5955001 0.4530158 0.595 0.4526913 0.595 0.4525 0.6045001 0.4528245 0.6053245 0.4532071 0.6045 0.6057071 0.5955001 0.6051914 0.595 0.6055158 0.595 0.4532071 0.6057071 0.4529588 0.605 0.4535 0.605 0.6042929 0.5955 0.6048087 0.595 0.605 0.5955001 0.4532071 0.6042929 0.4529588 0.605 0.4528245 0.6046756 0.4525 0.5955 0.4530158 0.595 0.4532071 0.5955001 0.4525 0.6045 0.4528245 0.6046756 0.4525 0.6045412 0.4525 0.5955001 0.4519842 0.595 0.4523087 0.595 0.4525 0.6045001 0.4521756 0.6046756 0.4517929 0.6045 0.6042929 0.5955001 0.6048087 0.595 0.6044842 0.595 0.4517929 0.6042929 0.4520412 0.605 0.4515 0.605 0.6057071 0.5955 0.6051914 0.595 0.605 0.5955001 0.4517929 0.6057071 0.4520412 0.605 0.4521756 0.6053245 0.4525 0.5955 0.4519842 0.595 0.4517929 0.5955001 0.4525 0.6045 0.4521756 0.6053245 0.4525001 0.6054588 0.5470412 0.395 0.5471755 0.3953244 0.5478245 0.3946756 0.5467929 0.4045 0.5475 0.4045 0.5475 0.3955 0.395 0.4045 0.3942929 0.4045 0.3942929 0.3955 0.5482071 0.4045 0.5475 0.4045 0.5475 0.3955 0.5475 0.4045 0.5467929 0.4045 0.5467929 0.3955 0.3942929 0.4045 0.395 0.4045 0.395 0.3955 0.395 0.4045 0.3957071 0.4045 0.3957071 0.3955 0.3957071 0.4045 0.395 0.4045 0.395 0.3955 0.4521756 0.3953244 0.4525001 0.3954588 0.4528244 0.3953244 0.4528244 0.3953244 0.4529588 0.395 0.4521756 0.3953244 0.4529588 0.395 0.4528245 0.3946756 0.4521756 0.3953244 0.4528245 0.3946756 0.4525001 0.3945412 0.4521756 0.3946756 0.4521756 0.3946756 0.4520412 0.395 0.4528245 0.3946756 0.5479589 0.3950001 0.5478245 0.3953245 0.5475 0.3954588 0.5475 0.3954588 0.5471756 0.3953244 0.5470412 0.395 0.5470412 0.395 0.5471756 0.3946756 0.5475 0.3945412 0.5475 0.3945412 0.5478245 0.3946756 0.5479589 0.3950001 0.5479589 0.3950001 0.5475 0.3954588 0.5470412 0.395 0.5475 0.4045 0.5482071 0.4045 0.5482071 0.3955 0.4517929 0.4045 0.4525 0.4045 0.4525 0.3955 0.395 0.4045 0.3942929 0.4045 0.3942929 0.3955 0.4532071 0.4045 0.4525 0.4045 0.4525 0.3955 0.4525 0.4045 0.4517929 0.4045 0.4517929 0.3955 0.3942929 0.4045 0.395 0.4045 0.395 0.3955 0.395 0.4045 0.3957071 0.4045 0.3957071 0.3955 0.3957071 0.4045 0.395 0.4045 0.395 0.3955 0.5471757 0.4903244 0.5475 0.4904587 0.5478244 0.4903244 0.5478244 0.4903244 0.5479589 0.49 0.5471757 0.4903244 0.5479589 0.49 0.5478245 0.4896755 0.5471757 0.4903244 0.5478245 0.4896755 0.5475001 0.4895412 0.5471756 0.4896755 0.5471756 0.4896755 0.5470412 0.49 0.5478245 0.4896755 0.4529588 0.3950001 0.4528245 0.3953245 0.4525001 0.3954588 0.4525001 0.3954588 0.4521756 0.3953244 0.4520412 0.395 0.4520412 0.395 0.4521756 0.3946756 0.4525 0.3945412 0.4525 0.3945412 0.4528245 0.3946756 0.4529588 0.3950001 0.4529588 0.3950001 0.4525001 0.3954588 0.4520412 0.395 0.4525 0.4045 0.4532071 0.4045 0.4532071 0.3955 0.5467929 0.4045 0.5475 0.4045 0.5475 0.3955 0.49 0.4045 0.4892929 0.4045 0.4892929 0.3955 0.5482071 0.4045 0.5475 0.4045 0.5475 0.3955 0.5475 0.4045 0.5467929 0.4045 0.5467929 0.3955 0.4892929 0.4045 0.49 0.4045 0.49 0.3955 0.49 0.4045 0.4907071 0.4045 0.4907071 0.3955 0.4907071 0.4045 0.49 0.4045 0.49 0.3955 0.4521756 0.4903244 0.4524999 0.4904587 0.4528244 0.4903244 0.4528244 0.4903244 0.4529588 0.49 0.4521756 0.4903244 0.4529588 0.49 0.4528244 0.4896755 0.4521756 0.4903244 0.4528244 0.4896755 0.4525 0.4895412 0.4521756 0.4896755 0.4521756 0.4896755 0.4520412 0.49 0.4528244 0.4896755 0.5479589 0.4900001 0.5478244 0.4903244 0.5475 0.4904588 0.5475 0.4904588 0.5471755 0.4903244 0.5479589 0.4900001 0.5471755 0.4903244 0.5470412 0.49 0.5479589 0.4900001 0.5470412 0.49 0.5471756 0.4896755 0.5475 0.4895412 0.5475 0.4895412 0.5478244 0.4896756 0.5470412 0.49 0.5475 0.4045 0.5482071 0.4045 0.5482071 0.3955 0.4517929 0.4045 0.4525 0.4045 0.4525 0.3955 0.49 0.4045 0.4892929 0.4045 0.4892929 0.3955 0.4532071 0.4045 0.4525 0.4045 0.4525 0.3955 0.4525 0.4045 0.4517929 0.4045 0.4517929 0.3955 0.4892929 0.4045 0.49 0.4045 0.49 0.3955 0.49 0.4045 0.4907071 0.4045 0.4907071 0.3955 0.4907071 0.4045 0.49 0.4045 0.49 0.3955 0.5471756 0.4553245 0.5475 0.4554588 0.5478245 0.4553245 0.5478245 0.4553245 0.5479589 0.455 0.5471756 0.4553245 0.5479589 0.455 0.5478245 0.4546756 0.5471756 0.4553245 0.5478245 0.4546756 0.5475001 0.4545412 0.5471757 0.4546756 0.5471757 0.4546756 0.5470412 0.455 0.5478245 0.4546756 0.4529588 0.4900001 0.4528244 0.4903244 0.4525 0.4904588 0.4525 0.4904588 0.4521756 0.4903244 0.4529588 0.4900001 0.4521756 0.4903244 0.4520412 0.49 0.4529588 0.4900001 0.4520412 0.49 0.4521756 0.4896755 0.4525001 0.4895412 0.4525001 0.4895412 0.4528244 0.4896756 0.4520412 0.49 0.4525 0.4045 0.4532071 0.4045 0.4532071 0.3955 0.5467929 0.5045 0.5475 0.5045 0.5475 0.4955 0.455 0.5045 0.4542929 0.5045 0.4542929 0.4955 0.5482071 0.5045 0.5475 0.5045 0.5475 0.4955 0.5475 0.5045 0.5467929 0.5045 0.5467929 0.4955 0.4542929 0.5045 0.455 0.5045 0.455 0.4955 0.455 0.5045 0.4557071 0.5045 0.4557071 0.4955 0.4557071 0.5045 0.455 0.5045 0.455 0.4955 0.4521756 0.4553245 0.4525001 0.4554588 0.4528244 0.4553245 0.4528244 0.4553245 0.4529588 0.455 0.4521756 0.4553245 0.4529588 0.455 0.4528245 0.4546756 0.4521756 0.4553245 0.4528245 0.4546756 0.4525001 0.4545412 0.4521756 0.4546756 0.4521756 0.4546756 0.4520412 0.455 0.4528245 0.4546756 0.5479589 0.4550001 0.5478245 0.4553245 0.5475 0.4554588 0.5475 0.4554588 0.5471756 0.4553244 0.5479589 0.4550001 0.5471756 0.4553244 0.5470412 0.455 0.5479589 0.4550001 0.5470412 0.455 0.5471756 0.4546756 0.5475 0.4545412 0.5475 0.4545412 0.5478245 0.4546756 0.5470412 0.455 0.5475 0.5045 0.5482071 0.5045 0.5482071 0.4955 0.4517929 0.5045 0.4525 0.5045 0.4525 0.4955 0.455 0.5045 0.4542929 0.5045 0.4542929 0.4955 0.4532071 0.5045 0.4525 0.5045 0.4525 0.4955 0.4525 0.5045 0.4517929 0.5045 0.4517929 0.4955 0.4542929 0.5045 0.455 0.5045 0.455 0.4955 0.455 0.5045 0.4557071 0.5045 0.4557071 0.4955 0.4557071 0.5045 0.455 0.5045 0.455 0.4955 0.5471756 0.5503244 0.5475 0.5504588 0.5478245 0.5503244 0.5478245 0.5503244 0.5479589 0.55 0.5471756 0.5503244 0.5479589 0.55 0.5478245 0.5496757 0.5471756 0.5503244 0.5478245 0.5496757 0.5475001 0.5495412 0.5471757 0.5496756 0.5471757 0.5496756 0.5470412 0.55 0.5478245 0.5496757 0.4529588 0.4550001 0.4528244 0.4553245 0.4525001 0.4554588 0.4525001 0.4554588 0.4521756 0.4553244 0.4529588 0.4550001 0.4521756 0.4553244 0.4520412 0.455 0.4529588 0.4550001 0.4520412 0.455 0.4521756 0.4546756 0.4525 0.4545412 0.4525 0.4545412 0.4528245 0.4546756 0.4520412 0.455 0.4525 0.5045 0.4532071 0.5045 0.4532071 0.4955 0.5467929 0.5045 0.5475 0.5045 0.5475 0.4955 0.55 0.5045 0.5492929 0.5045 0.5492929 0.4955 0.5482071 0.5045 0.5475 0.5045 0.5475 0.4955 0.5475 0.5045 0.5467929 0.5045 0.5467929 0.4955 0.5492929 0.5045 0.55 0.5045 0.55 0.4955 0.55 0.5045 0.5507071 0.5045 0.5507071 0.4955 0.5507071 0.5045 0.55 0.5045 0.55 0.4955 0.4521756 0.5503244 0.4525001 0.5504588 0.4528244 0.5503244 0.4528244 0.5503244 0.4529588 0.55 0.4521756 0.5503244 0.4529588 0.55 0.4528245 0.5496757 0.4521756 0.5503244 0.4528245 0.5496757 0.4525001 0.5495412 0.4521756 0.5496756 0.4521756 0.5496756 0.4520412 0.55 0.4528245 0.5496757 0.5479589 0.5500001 0.5478245 0.5503244 0.5475 0.5504589 0.5475 0.5504589 0.5471756 0.5503244 0.5479589 0.5500001 0.5471756 0.5503244 0.5470412 0.55 0.5479589 0.5500001 0.5470412 0.55 0.5471756 0.5496756 0.5475 0.5495412 0.5475 0.5495412 0.5478245 0.5496757 0.5470412 0.55 0.5475 0.5045 0.5482071 0.5045 0.5482071 0.4955 0.4517929 0.5045 0.4525 0.5045 0.4525 0.4955 0.55 0.5045 0.5492929 0.5045 0.5492929 0.4955 0.4532071 0.5045 0.4525 0.5045 0.4525 0.4955 0.4525 0.5045 0.4517929 0.5045 0.4517929 0.4955 0.5492929 0.5045 0.55 0.5045 0.55 0.4955 0.55 0.5045 0.5507071 0.5045 0.5507071 0.4955 0.5507071 0.5045 0.55 0.5045 0.55 0.4955 0.5471755 0.5103244 0.5475 0.5104588 0.5478245 0.5103244 0.5478245 0.5103244 0.5479589 0.51 0.5471755 0.5103244 0.5479589 0.51 0.5478245 0.5096756 0.5471755 0.5103244 0.5478245 0.5096756 0.5475 0.5095412 0.5471756 0.5096756 0.5471756 0.5096756 0.5470412 0.51 0.5478245 0.5096756 0.4529588 0.5500001 0.4528244 0.5503244 0.4525001 0.5504589 0.4525001 0.5504589 0.4521756 0.5503244 0.4529588 0.5500001 0.4521756 0.5503244 0.4520412 0.55 0.4529588 0.5500001 0.4520412 0.55 0.4521756 0.5496756 0.4525 0.5495412 0.4525 0.5495412 0.4528245 0.5496757 0.4520412 0.55 0.4525 0.5045 0.4532071 0.5045 0.4532071 0.4955 0.5467929 0.6045001 0.5475 0.6045 0.5475 0.5955 0.51 0.6045001 0.5092929 0.6045 0.5092929 0.5955 0.5482071 0.6045001 0.5475 0.6045 0.5475 0.5955 0.5475 0.6045001 0.5467929 0.6045 0.5467929 0.5955 0.5092929 0.6045001 0.51 0.6045 0.51 0.5955 0.51 0.6045001 0.5107071 0.6045 0.5107071 0.5955 0.5107071 0.6045001 0.51 0.6045 0.51 0.5955 0.4521755 0.5103244 0.4525 0.5104588 0.4528244 0.5103244 0.4528244 0.5103244 0.4529588 0.51 0.4521755 0.5103244 0.4529588 0.51 0.4528244 0.5096756 0.4521755 0.5103244 0.4528244 0.5096756 0.4525 0.5095412 0.4521756 0.5096756 0.4521756 0.5096756 0.4520412 0.51 0.4528244 0.5096756 0.5479589 0.5100001 0.5478244 0.5103244 0.5475 0.5104588 0.5475 0.5104588 0.5471755 0.5103244 0.5479589 0.5100001 0.5471755 0.5103244 0.5470412 0.51 0.5479589 0.5100001 0.5470412 0.51 0.5471756 0.5096756 0.5475 0.5095412 0.5475 0.5095412 0.5478245 0.5096756 0.5470412 0.51 0.5475 0.6045001 0.5482071 0.6045 0.5482071 0.5955 0.4517929 0.6045001 0.4525 0.6045 0.4525 0.5955 0.51 0.6045001 0.5092929 0.6045 0.5092929 0.5955 0.4532071 0.6045001 0.4525 0.6045 0.4525 0.5955 0.4525 0.6045001 0.4517929 0.6045 0.4517929 0.5955 0.5092929 0.6045001 0.51 0.6045 0.51 0.5955 0.51 0.6045001 0.5107071 0.6045 0.5107071 0.5955 0.5107071 0.6045001 0.51 0.6045 0.51 0.5955 0.5471755 0.6053245 0.5475 0.6054589 0.5478245 0.6053245 0.5478245 0.6053245 0.5479589 0.6050001 0.5471755 0.6053245 0.5479589 0.6050001 0.5478245 0.6046756 0.5471755 0.6053245 0.5478245 0.6046756 0.5475001 0.6045412 0.5471756 0.6046755 0.5471756 0.6046755 0.5470412 0.605 0.5478245 0.6046756 0.4529588 0.5100001 0.4528244 0.5103244 0.4525 0.5104588 0.4525 0.5104588 0.4521756 0.5103244 0.4529588 0.5100001 0.4521756 0.5103244 0.4520412 0.51 0.4529588 0.5100001 0.4520412 0.51 0.4521756 0.5096756 0.4525001 0.5095412 0.4525001 0.5095412 0.4528244 0.5096756 0.4520412 0.51 0.4525 0.6045001 0.4532071 0.6045 0.4532071 0.5955 0.5467929 0.6045001 0.5475 0.6045 0.5475 0.5955 0.605 0.6045001 0.6042929 0.6045 0.6042929 0.5955 0.5482071 0.6045001 0.5475 0.6045 0.5475 0.5955 0.5475 0.6045001 0.5467929 0.6045 0.5467929 0.5955 0.6042929 0.6045001 0.605 0.6045 0.605 0.5955 0.605 0.6045001 0.6057071 0.6045 0.6057071 0.5955 0.6057071 0.6045001 0.605 0.6045 0.605 0.5955 0.4521756 0.6053245 0.4525001 0.6054589 0.4528244 0.6053245 0.4528244 0.6053245 0.4529588 0.6050001 0.4521756 0.6053245 0.4529588 0.6050001 0.4528245 0.6046756 0.4521756 0.6053245 0.4528245 0.6046756 0.4525001 0.6045412 0.4521756 0.6046755 0.4521756 0.6046755 0.4520412 0.605 0.4528245 0.6046756 0.5479589 0.605 0.5478245 0.6053245 0.5475 0.6054588 0.5475 0.6054588 0.5471756 0.6053245 0.5470412 0.605 0.5470412 0.605 0.5471756 0.6046756 0.5475 0.6045412 0.5475 0.6045412 0.5478245 0.6046756 0.5479589 0.605 0.5479589 0.605 0.5475 0.6054588 0.5470412 0.605 0.5475 0.6045001 0.5482071 0.6045 0.5482071 0.5955 0.4517929 0.6045001 0.4525 0.6045 0.4525 0.5955 0.605 0.6045001 0.6042929 0.6045 0.6042929 0.5955 0.4532071 0.6045001 0.4525 0.6045 0.4525 0.5955 0.4525 0.6045001 0.4517929 0.6045 0.4517929 0.5955 0.6042929 0.6045001 0.605 0.6045 0.605 0.5955 0.605 0.6045001 0.6057071 0.6045 0.6057071 0.5955 0.6057071 0.6045001 0.605 0.6045 0.605 0.5955 0.4529588 0.605 0.4528245 0.6053245 0.4525001 0.6054588 0.4525001 0.6054588 0.4521756 0.6053245 0.4520412 0.605 0.4520412 0.605 0.4521756 0.6046756 0.4525 0.6045412 0.4525 0.6045412 0.4528245 0.6046756 0.4529588 0.605 0.4529588 0.605 0.4525001 0.6054588 0.4520412 0.605 0.4525 0.6045001 0.4532071 0.6045 0.4532071 0.5955 0.5475 0.3955 0.5482071 0.3955 0.5478245 0.3953244 0.5475 0.4045 0.5476914 0.405 0.5480158 0.405 0.5482071 0.3957071 0.5485 0.395 0.5479589 0.395 0.3957071 0.4045 0.3955157 0.405 0.3951913 0.405 0.5482071 0.3942929 0.5478245 0.3946756 0.5479589 0.395 0.3942929 0.4045 0.395 0.4045 0.3948087 0.405 0.5475 0.3955 0.5475001 0.3945412 0.5478245 0.3946756 0.5475 0.4045 0.5482071 0.4045 0.5480158 0.405 0.5475 0.3955 0.5467929 0.3955 0.5471756 0.3946756 0.5475 0.4045 0.5473086 0.405 0.5469843 0.405 0.5467929 0.3942929 0.5465 0.395 0.5470412 0.395 0.3942929 0.4045 0.3944842 0.405 0.3948087 0.405 0.5467929 0.3957071 0.5471755 0.3953244 0.5470412 0.395 0.3957071 0.4045 0.395 0.4045 0.3951913 0.405 0.5475 0.3955 0.5475 0.3954588 0.5471755 0.3953244 0.5475 0.4045 0.5467929 0.4045 0.5469842 0.405 0.4525 0.3955 0.4532071 0.3955 0.4528244 0.3953244 0.4525 0.4045 0.4526913 0.405 0.4530158 0.405 0.4532071 0.3957071 0.4535 0.395 0.4529588 0.395 0.3957071 0.4045 0.3955157 0.405 0.3951914 0.405 0.4532071 0.3942929 0.4528245 0.3946756 0.4529588 0.395 0.3942929 0.4045 0.395 0.4045 0.3948087 0.405 0.4525 0.3955 0.4525001 0.3945412 0.4528245 0.3946756 0.4525 0.4045 0.4532071 0.4045 0.4530158 0.405 0.4525 0.3955 0.4517929 0.3955 0.4521756 0.3946756 0.4525 0.4045 0.4523086 0.405 0.4519842 0.405 0.4517929 0.3942929 0.4515 0.395 0.4520412 0.395 0.3942929 0.4045 0.3944842 0.405 0.3948087 0.405 0.4517929 0.3957071 0.4521756 0.3953244 0.4520412 0.395 0.3957071 0.4045 0.395 0.4045 0.3951913 0.405 0.4525 0.3955 0.4525001 0.3954588 0.4521756 0.3953244 0.4525 0.4045 0.4517929 0.4045 0.4519842 0.405 0.5482071 0.3955 0.5480158 0.395 0.5476914 0.395 0.5482071 0.4045 0.5475 0.4045 0.5476914 0.405 0.49 0.3955 0.4901914 0.395 0.4905157 0.395 0.49 0.4045 0.4907071 0.4045 0.4905157 0.405 0.49 0.3955 0.4892929 0.3955 0.4894843 0.395 0.49 0.4045 0.4898086 0.405 0.4894843 0.405 0.5482071 0.3955 0.5475 0.3955 0.5476914 0.395 0.5482071 0.4045 0.5480158 0.405 0.5476914 0.405 0.5467929 0.3955 0.5469842 0.395 0.5473087 0.395 0.5467929 0.4045 0.5475 0.4045 0.5473087 0.405 0.49 0.3955 0.4898086 0.395 0.4894843 0.395 0.49 0.4045 0.4892929 0.4045 0.4894842 0.405 0.49 0.3955 0.4907071 0.3955 0.4905158 0.395 0.49 0.4045 0.4901914 0.405 0.4905158 0.405 0.5467929 0.3955 0.5475 0.3955 0.5473087 0.3950001 0.5467929 0.4045 0.5469842 0.405 0.5473087 0.405 0.4532071 0.3955 0.4530158 0.395 0.4526913 0.395 0.4532071 0.4045 0.4525 0.4045 0.4526913 0.405 0.49 0.3955 0.4901914 0.395 0.4905158 0.395 0.49 0.4045 0.4907071 0.4045 0.4905158 0.405 0.49 0.3955 0.4892929 0.3955 0.4894842 0.395 0.49 0.4045 0.4898086 0.405 0.4894843 0.405 0.4532071 0.3955 0.4525 0.3955 0.4526913 0.3950001 0.4532071 0.4045 0.4530158 0.405 0.4526913 0.405 0.4517929 0.3955 0.4519842 0.395 0.4523086 0.395 0.4517929 0.4045 0.4525 0.4045 0.4523086 0.405 0.49 0.3955 0.4898086 0.395 0.4894843 0.395 0.49 0.4045 0.4892929 0.4045 0.4894843 0.405 0.49 0.3955 0.4907071 0.3955 0.4905157 0.395 0.49 0.4045 0.4901914 0.405 0.4905157 0.405 0.4517929 0.3955 0.4525 0.3955 0.4523086 0.395 0.4517929 0.4045 0.4519842 0.405 0.4523086 0.405 0.5482071 0.4955 0.5480158 0.495 0.5476914 0.495 0.5482071 0.5045 0.5475 0.5045 0.5476914 0.505 0.455 0.4955 0.4551914 0.495 0.4555158 0.495 0.455 0.5045 0.4557071 0.5045 0.4555158 0.505 0.455 0.4955 0.4542929 0.4955 0.4544842 0.495 0.455 0.5045 0.4548087 0.505 0.4544842 0.505 0.5482071 0.4955 0.5475 0.4955 0.5476914 0.495 0.5482071 0.5045 0.5480157 0.505 0.5476914 0.505 0.5467929 0.4955 0.5469842 0.495 0.5473087 0.495 0.5467929 0.5045 0.5475 0.5045 0.5473086 0.505 0.455 0.4955 0.4548087 0.495 0.4544842 0.495 0.455 0.5045 0.4542929 0.5045 0.4544842 0.505 0.455 0.4955 0.4557071 0.4955 0.4555158 0.495 0.455 0.5045 0.4551913 0.505 0.4555158 0.505 0.5467929 0.4955 0.5475 0.4955 0.5473087 0.495 0.5467929 0.5045 0.5469842 0.505 0.5473087 0.505 0.4532071 0.4955 0.4530158 0.495 0.4526913 0.495 0.4532071 0.5045 0.4525 0.5045 0.4526914 0.505 0.455 0.4955 0.4551913 0.495 0.4555158 0.495 0.455 0.5045 0.4557071 0.5045 0.4555158 0.505 0.455 0.4955 0.4542929 0.4955 0.4544842 0.495 0.455 0.5045 0.4548087 0.505 0.4544842 0.505 0.4532071 0.4955 0.4525 0.4955 0.4526913 0.495 0.4532071 0.5045 0.4530158 0.505 0.4526913 0.505 0.4517929 0.4955 0.4519842 0.495 0.4523086 0.495 0.4517929 0.5045 0.4525 0.5045 0.4523086 0.505 0.455 0.4955 0.4548087 0.495 0.4544842 0.495 0.455 0.5045 0.4542929 0.5045 0.4544842 0.505 0.455 0.4955 0.4557071 0.4955 0.4555158 0.495 0.455 0.5045 0.4551914 0.505 0.4555158 0.505 0.4517929 0.4955 0.4525 0.4955 0.4523086 0.495 0.4517929 0.5045 0.4519842 0.505 0.4523086 0.505 0.5482071 0.4955 0.5480158 0.495 0.5476914 0.495 0.5482071 0.5045 0.5475 0.5045 0.5476914 0.505 0.55 0.4955 0.5501914 0.495 0.5505158 0.495 0.55 0.5045 0.5507071 0.5045 0.5505158 0.505 0.55 0.4955 0.5492929 0.4955 0.5494843 0.495 0.55 0.5045 0.5498087 0.505 0.5494843 0.505 0.5482071 0.4955 0.5475 0.4955 0.5476914 0.495 0.5482071 0.5045 0.5480157 0.505 0.5476914 0.505 0.5467929 0.4955 0.5469842 0.495 0.5473087 0.495 0.5467929 0.5045 0.5475 0.5045 0.5473086 0.505 0.55 0.4955 0.5498087 0.495 0.5494843 0.495 0.55 0.5045 0.5492929 0.5045 0.5494843 0.505 0.55 0.4955 0.5507071 0.4955 0.5505158 0.495 0.55 0.5045 0.5501914 0.505 0.5505158 0.505 0.5467929 0.4955 0.5475 0.4955 0.5473087 0.495 0.5467929 0.5045 0.5469842 0.505 0.5473087 0.505 0.4532071 0.4955 0.4530158 0.495 0.4526913 0.495 0.4532071 0.5045 0.4525 0.5045 0.4526913 0.505 0.55 0.4955 0.5501914 0.495 0.5505158 0.495 0.55 0.5045 0.5507071 0.5045 0.5505158 0.505 0.55 0.4955 0.5492929 0.4955 0.5494843 0.495 0.55 0.5045 0.5498087 0.505 0.5494843 0.505 0.4532071 0.4955 0.4525 0.4955 0.4526913 0.495 0.4532071 0.5045 0.4530158 0.505 0.4526913 0.505 0.4517929 0.4955 0.4519842 0.495 0.4523087 0.495 0.4517929 0.5045 0.4525 0.5045 0.4523087 0.505 0.55 0.4955 0.5498087 0.495 0.5494843 0.495 0.55 0.5045 0.5492929 0.5045 0.5494843 0.505 0.55 0.4955 0.5507071 0.4955 0.5505158 0.495 0.55 0.5045 0.5501914 0.505 0.5505158 0.505 0.4517929 0.4955 0.4525 0.4955 0.4523086 0.495 0.4517929 0.5045 0.4519842 0.505 0.4523086 0.505 0.5482071 0.5955 0.5480157 0.595 0.5476914 0.595 0.5482071 0.6045 0.5475 0.6045001 0.5476914 0.605 0.51 0.5955 0.5101913 0.595 0.5105158 0.595 0.51 0.6045 0.5107071 0.6045001 0.5105158 0.605 0.51 0.5955001 0.5092929 0.5955 0.5094842 0.595 0.51 0.6045001 0.5098087 0.605 0.5094842 0.605 0.5482071 0.5955001 0.5475 0.5955 0.5476914 0.595 0.5482071 0.6045001 0.5480158 0.605 0.5476914 0.605 0.5467929 0.5955 0.5469842 0.595 0.5473087 0.595 0.5467929 0.6045 0.5475 0.6045001 0.5473087 0.605 0.51 0.5955 0.5098087 0.595 0.5094842 0.595 0.51 0.6045 0.5092929 0.6045001 0.5094842 0.605 0.51 0.5955001 0.5107071 0.5955 0.5105158 0.595 0.51 0.6045001 0.5101913 0.605 0.5105158 0.605 0.5467929 0.5955001 0.5475 0.5955 0.5473086 0.595 0.5467929 0.6045001 0.5469842 0.605 0.5473087 0.605 0.4532071 0.5955 0.4530158 0.595 0.4526913 0.595 0.4532071 0.6045 0.4525 0.6045001 0.4526913 0.605 0.51 0.5955 0.5101913 0.595 0.5105158 0.595 0.51 0.6045 0.5107071 0.6045001 0.5105158 0.605 0.51 0.5955001 0.5092929 0.5955 0.5094842 0.595 0.51 0.6045001 0.5098087 0.605 0.5094842 0.605 0.4532071 0.5955001 0.4525 0.5955 0.4526913 0.595 0.4532071 0.6045001 0.4530158 0.605 0.4526913 0.605 0.4517929 0.5955 0.4519842 0.595 0.4523086 0.595 0.4517929 0.6045 0.4525 0.6045001 0.4523086 0.605 0.51 0.5955 0.5098087 0.595 0.5094842 0.595 0.51 0.6045 0.5092929 0.6045001 0.5094842 0.605 0.51 0.5955001 0.5107071 0.5955 0.5105158 0.595 0.51 0.6045001 0.5101913 0.605 0.5105158 0.605 0.4517929 0.5955001 0.4525 0.5955 0.4523087 0.595 0.4517929 0.6045001 0.4519842 0.605 0.4523087 0.605 0.5475 0.5955001 0.5482071 0.5955 0.5480158 0.595 0.5475 0.6045001 0.5475 0.6054588 0.5478245 0.6053245 0.6057071 0.5955001 0.605 0.5955 0.6051914 0.595 0.5482071 0.6057071 0.5478245 0.6053245 0.5479589 0.605 0.6042929 0.5955 0.6044842 0.595 0.6048087 0.595 0.5482071 0.6042929 0.5485 0.605 0.5479589 0.605 0.5475 0.5955 0.5476914 0.595 0.5480158 0.595 0.5475 0.6045 0.5482071 0.6045001 0.5478245 0.6046756 0.5475 0.5955001 0.5467929 0.5955 0.5469842 0.595 0.5475 0.6045001 0.5475 0.6045412 0.5471756 0.6046756 0.6042929 0.5955001 0.605 0.5955 0.6048087 0.595 0.5467929 0.6042929 0.5471756 0.6046756 0.5470412 0.605 0.6057071 0.5955 0.6055158 0.595 0.6051914 0.595 0.5467929 0.6057071 0.5465 0.605 0.5470412 0.605 0.5475 0.5955 0.5473087 0.595 0.5469843 0.595 0.5475 0.6045 0.5467929 0.6045001 0.5471756 0.6053245 0.4525 0.5955001 0.4532071 0.5955 0.4530158 0.595 0.4525 0.6045001 0.4525001 0.6054588 0.4528245 0.6053245 0.6057071 0.5955001 0.605 0.5955 0.6051914 0.595 0.4532071 0.6057071 0.4528245 0.6053245 0.4529588 0.605 0.6042929 0.5955 0.6044842 0.595 0.6048087 0.595 0.4532071 0.6042929 0.4535 0.605 0.4529588 0.605 0.4525 0.5955 0.4526913 0.595 0.4530158 0.595 0.4525 0.6045 0.4532071 0.6045001 0.4528245 0.6046756 0.4525 0.5955001 0.4517929 0.5955 0.4519842 0.595 0.4525 0.6045001 0.4525 0.6045412 0.4521756 0.6046756 0.6042929 0.5955001 0.605 0.5955 0.6048087 0.595 0.4517929 0.6042929 0.4521756 0.6046756 0.4520412 0.605 0.6057071 0.5955 0.6055158 0.595 0.6051914 0.595 0.4517929 0.6057071 0.4515 0.605 0.4520412 0.605 0.4525 0.5955 0.4523086 0.595 0.4519842 0.595 0.4525 0.6045 0.4517929 0.6045001 0.4521756 0.6053245 0.5471755 0.3953244 0.5475 0.3954588 0.5478245 0.3953244 0.5478245 0.3953244 0.5479589 0.395 0.5471755 0.3953244 0.5479589 0.395 0.5478245 0.3946756 0.5471755 0.3953244 0.5478245 0.3946756 0.5475001 0.3945412 0.5471756 0.3946756 0.5471756 0.3946756 0.5470412 0.395 0.5478245 0.3946756</float_array>
          <technique_common>
            <accessor source="#Pegs-mesh-map-0-array" count="2160" stride="2">
              <param name="S" type="float"/>
              <param name="T" type="float"/>
            </accessor>
          </technique_common>
        </source>
        <vertices id="Pegs-mesh-vertices">
          <input semantic="POSITION" source="#Pegs-mesh-positions"/>
        </vertices>
        <triangles material="Steel-material" count="720">
          <input semantic="VERTEX" source="#Pegs-mesh-vertices" offset="0"/>
          <input semantic="NORMAL" source="#Pegs-mesh-normals" offset="1"/>
          <input semantic="TEXCOORD" source="#Pegs-mesh-map-0" offset="2" set="0"/>
          <p>31 0 0 1 1 1 29 2 2 11 3 3 13 4 4 9 5 5 15 6 6 17 7 7 13 4 8 19 8 9 21 9 10 17 7 11 23 10 12 25 11 13 21 9 14 27 12 15 29 2 16 25 11 17 7 13 18 9 5 19 5 14 20 56 15 21 60 15 22 44 15 23 26 16 24 18 17 25 10 18 26 3 19 27 5 14 28 1 1 29 63 20 30 33 21 31 61 22 32 43 23 33 45 24 34 41 25 35 47 26 36 49 27 37 45 24 38 51 28 39 53 29 40 49 27 41 55 30 42 57 31 43 53 29 44 59 32 45 61 22 46 57 31 47 39 33 48 41 25 49 37 34 50 88 15 51 92 15 52 76 15 53 58 16 54 50 17 55 42 18 56 35 35 57 37 34 58 33 21 59 95 0 60 65 1 61 93 2 62 75 3 63 77 4 64 73 5 65 79 6 66 81 7 67 77 4 68 83 8 69 85 9 70 81 7 71 87 10 72 89 11 73 85 9 74 91 12 75 93 2 76 89 11 77 71 13 78 73 5 79 69 14 80 120 15 81 124 15 82 108 15 83 78 36 84 74 37 85 90 38 86 67 19 87 69 14 88 65 1 89 127 20 90 97 21 91 125 22 92 107 23 93 109 24 94 105 25 95 111 26 96 113 27 97 109 24 98 115 28 99 117 29 100 113 27 101 119 30 102 121 31 103 117 29 104 123 32 105 125 22 106 121 31 107 103 33 108 105 25 109 101 34 110 152 15 111 156 15 112 140 15 113 110 36 114 106 37 115 122 38 116 99 35 117 101 34 118 97 21 119 159 2 120 129 39 121 157 40 122 139 41 123 141 42 124 137 43 125 143 44 126 145 45 127 141 42 128 147 46 129 149 47 130 145 45 131 151 48 132 153 49 133 149 47 134 155 50 135 157 40 136 153 49 137 135 51 138 137 43 139 133 52 140 184 15 141 188 15 142 172 15 143 142 53 144 138 53 145 154 53 146 131 54 147 133 52 148 129 39 149 191 55 150 161 56 151 189 57 152 171 58 153 173 59 154 169 60 155 175 24 156 177 61 157 173 59 158 179 62 159 181 63 160 177 61 161 183 64 162 185 65 163 181 63 164 187 66 165 189 57 166 185 65 167 167 67 168 169 60 169 165 68 170 216 15 171 220 15 172 204 15 173 174 53 174 170 53 175 186 53 176 163 69 177 165 68 178 161 56 179 223 2 180 193 39 181 221 40 182 203 41 183 205 42 184 201 43 185 207 44 186 209 45 187 205 42 188 211 46 189 213 47 190 209 45 191 215 48 192 217 49 193 213 47 194 219 50 195 221 40 196 217 49 197 199 51 198 201 43 199 197 52 200 248 15 201 252 15 202 236 15 203 206 53 204 202 53 205 218 53 206 195 54 207 197 52 208 193 39 209 255 55 210 225 56 211 253 57 212 235 58 213 237 59 214 233 60 215 239 24 216 241 61 217 237 59 218 243 62 219 245 63 220 241 61 221 247 64 222 249 65 223 245 63 224 251 66 225 253 57 226 249 65 227 231 67 228 233 60 229 229 68 230 280 15 231 284 15 232 268 15 233 238 53 234 234 53 235 250 53 236 227 69 237 229 68 238 225 56 239 287 2 240 257 70 241 285 71 242 267 41 243 269 72 244 265 43 245 271 44 246 273 73 247 269 72 248 275 74 249 277 75 250 273 73 251 279 48 252 281 49 253 277 75 254 283 50 255 285 71 256 281 49 257 263 51 258 265 43 259 261 76 260 312 15 261 316 15 262 300 15 263 270 53 264 266 77 265 282 78 266 259 79 267 261 76 268 257 70 269 319 55 270 289 80 271 317 81 272 299 58 273 301 82 274 297 60 275 303 24 276 305 83 277 301 82 278 307 84 279 309 85 280 305 83 281 311 64 282 313 65 283 309 85 284 315 66 285 317 81 286 313 65 287 295 67 288 297 60 289 293 86 290 344 15 291 348 15 292 332 15 293 302 53 294 298 77 295 314 78 296 291 87 297 293 86 298 289 80 299 351 2 300 321 70 301 349 71 302 331 41 303 333 72 304 329 43 305 335 44 306 337 73 307 333 72 308 339 74 309 341 75 310 337 73 311 343 48 312 345 49 313 341 75 314 347 50 315 349 71 316 345 49 317 327 51 318 329 43 319 325 76 320 376 15 321 380 15 322 364 15 323 346 88 324 338 53 325 330 89 326 323 79 327 325 76 328 321 70 329 383 55 330 353 80 331 381 81 332 363 58 333 365 82 334 361 60 335 367 24 336 369 83 337 365 82 338 371 84 339 373 85 340 369 83 341 375 64 342 377 65 343 373 85 344 379 66 345 381 81 346 377 65 347 359 67 348 361 60 349 357 86 350 378 88 351 370 53 352 362 89 353 355 87 354 357 86 355 353 80 356 1 90 357 4 91 358 0 92 359 3 93 360 6 94 361 7 95 362 5 96 363 8 97 364 4 91 365 7 95 366 10 98 367 11 99 368 13 100 369 8 97 370 9 101 371 15 102 372 10 98 373 14 103 374 17 104 375 12 105 376 13 100 377 19 106 378 14 103 379 18 107 380 17 104 381 20 108 382 16 109 383 19 106 384 22 110 385 23 111 386 21 112 387 24 113 388 20 108 389 23 111 390 26 114 391 27 115 392 29 116 393 24 113 394 25 117 395 31 118 396 26 114 397 30 119 398 1 90 399 28 120 400 29 116 401 3 93 402 30 119 403 2 121 404 33 90 405 36 91 406 32 92 407 35 93 408 38 94 409 39 122 410 37 123 411 40 124 412 36 91 413 39 122 414 42 125 415 43 126 416 45 127 417 40 124 418 41 128 419 47 129 420 42 125 421 46 103 422 49 104 423 44 105 424 45 127 425 51 106 426 46 103 427 50 107 428 49 104 429 52 108 430 48 109 431 51 106 432 54 110 433 55 130 434 53 131 435 56 132 436 52 108 437 55 130 438 58 133 439 59 134 440 61 135 441 56 132 442 57 136 443 63 137 444 58 133 445 62 119 446 33 90 447 60 120 448 61 135 449 35 93 450 62 119 451 34 121 452 69 138 453 64 139 454 65 140 455 71 141 456 66 142 457 70 143 458 73 144 459 68 145 460 69 138 461 75 146 462 70 143 463 74 147 464 73 144 465 76 148 466 72 149 467 75 146 468 78 150 469 79 151 470 77 152 471 80 153 472 76 148 473 79 151 474 82 154 475 83 155 476 85 156 477 80 153 478 81 157 479 87 158 480 82 154 481 86 159 482 89 160 483 84 161 484 85 156 485 91 162 486 86 159 487 90 163 488 89 160 489 92 164 490 88 165 491 91 162 492 94 166 493 95 167 494 93 168 495 64 139 496 92 164 497 95 167 498 66 142 499 67 169 500 101 138 501 96 139 502 97 140 503 103 141 504 98 142 505 102 170 506 105 144 507 100 171 508 101 138 509 107 172 510 102 170 511 106 173 512 105 144 513 108 174 514 104 175 515 107 172 516 110 176 517 111 151 518 109 152 519 112 153 520 108 174 521 111 151 522 114 154 523 115 155 524 117 156 525 112 153 526 113 157 527 119 158 528 114 154 529 118 177 530 121 178 531 116 179 532 117 156 533 123 180 534 118 177 535 122 181 536 121 178 537 124 182 538 120 183 539 123 180 540 126 184 541 127 167 542 125 168 543 96 139 544 124 182 545 127 167 546 98 142 547 99 169 548 133 185 549 128 186 550 129 187 551 135 188 552 130 189 553 134 190 554 137 191 555 132 192 556 133 185 557 139 193 558 134 190 559 138 194 560 137 191 561 140 195 562 136 196 563 139 193 564 142 197 565 143 198 566 141 199 567 144 200 568 140 195 569 143 198 570 146 201 571 147 202 572 149 203 573 144 200 574 145 204 575 151 205 576 146 201 577 150 206 578 153 207 579 148 208 580 149 203 581 155 209 582 150 206 583 154 210 584 153 207 585 156 211 586 152 212 587 155 209 588 158 213 589 159 214 590 157 215 591 128 186 592 156 211 593 159 214 594 130 189 595 131 216 596 165 217 597 160 218 598 161 219 599 167 220 600 162 221 601 166 222 602 169 223 603 164 224 604 165 217 605 171 225 606 166 222 607 170 226 608 169 223 609 172 227 610 168 228 611 171 225 612 174 229 613 175 230 614 173 231 615 176 232 616 172 227 617 175 230 618 178 233 619 179 234 620 181 235 621 176 232 622 177 236 623 183 237 624 178 233 625 182 238 626 185 239 627 180 240 628 181 235 629 187 241 630 182 238 631 186 242 632 185 239 633 188 243 634 184 244 635 187 241 636 190 245 637 191 246 638 189 247 639 160 218 640 188 243 641 191 246 642 162 221 643 163 248 644 197 249 645 192 250 646 193 251 647 199 252 648 194 253 649 198 254 650 201 255 651 196 256 652 197 249 653 203 257 654 198 254 655 202 258 656 201 255 657 204 259 658 200 260 659 203 257 660 206 261 661 207 262 662 205 263 663 208 264 664 204 259 665 207 262 666 210 265 667 211 266 668 213 267 669 208 264 670 209 268 671 215 269 672 210 265 673 214 270 674 217 271 675 212 272 676 213 267 677 219 273 678 214 270 679 218 274 680 217 271 681 220 275 682 216 276 683 219 273 684 222 277 685 223 278 686 221 279 687 192 250 688 220 275 689 223 278 690 194 253 691 195 280 692 229 281 693 224 282 694 225 283 695 231 284 696 226 285 697 230 286 698 233 287 699 228 288 700 229 281 701 235 257 702 230 286 703 234 289 704 233 287 705 236 290 706 232 291 707 235 257 708 238 292 709 239 293 710 237 294 711 240 295 712 236 290 713 239 293 714 242 296 715 243 297 716 245 298 717 240 295 718 241 299 719 247 300 720 242 296 721 246 301 722 249 271 723 244 302 724 245 298 725 251 303 726 246 301 727 250 304 728 249 271 729 252 305 730 248 306 731 251 303 732 254 307 733 255 308 734 253 309 735 224 282 736 252 305 737 255 308 738 226 285 739 227 310 740 261 311 741 256 312 742 257 313 743 263 314 744 258 315 745 262 316 746 265 317 747 260 318 748 261 311 749 267 319 750 262 316 751 266 320 752 265 317 753 268 321 754 264 322 755 267 319 756 270 323 757 271 324 758 269 325 759 272 326 760 268 321 761 271 324 762 274 327 763 275 328 764 277 329 765 272 326 766 273 330 767 279 331 768 274 327 769 278 332 770 281 333 771 276 334 772 277 329 773 283 335 774 278 332 775 282 336 776 281 333 777 284 337 778 280 338 779 283 335 780 286 339 781 287 340 782 285 341 783 256 312 784 284 337 785 287 340 786 258 315 787 259 342 788 293 343 789 288 344 790 289 345 791 295 346 792 290 347 793 294 348 794 297 317 795 292 349 796 293 343 797 299 350 798 294 348 799 298 320 800 297 317 801 300 351 802 296 322 803 299 350 804 302 352 805 303 353 806 301 354 807 304 355 808 300 351 809 303 353 810 306 356 811 307 357 812 309 358 813 304 355 814 305 359 815 311 360 816 306 356 817 310 361 818 313 333 819 308 362 820 309 358 821 315 363 822 310 361 823 314 336 824 313 333 825 316 364 826 312 338 827 315 363 828 318 365 829 319 366 830 317 367 831 288 344 832 316 364 833 319 366 834 290 347 835 291 368 836 321 369 837 324 370 838 320 371 839 323 372 840 326 373 841 327 374 842 325 375 843 328 376 844 324 370 845 327 374 846 330 377 847 331 378 848 333 379 849 328 376 850 329 380 851 335 381 852 330 377 853 334 382 854 337 383 855 332 384 856 333 379 857 339 385 858 334 382 859 338 386 860 337 383 861 340 387 862 336 388 863 339 385 864 342 389 865 343 390 866 341 391 867 344 392 868 340 387 869 343 390 870 346 393 871 347 394 872 349 395 873 344 392 874 345 396 875 351 397 876 346 393 877 350 398 878 321 369 879 348 399 880 349 395 881 323 372 882 350 398 883 322 400 884 353 401 885 356 402 886 352 403 887 355 404 888 358 405 889 359 406 890 357 407 891 360 408 892 356 402 893 359 406 894 362 409 895 363 378 896 365 410 897 360 408 898 361 380 899 367 411 900 362 409 901 366 412 902 369 413 903 364 414 904 365 410 905 371 415 906 366 412 907 370 416 908 369 413 909 372 417 910 368 418 911 371 415 912 374 419 913 375 420 914 373 421 915 376 422 916 372 417 917 375 420 918 378 423 919 379 394 920 381 424 921 376 422 922 377 396 923 383 425 924 378 423 925 382 426 926 353 401 927 380 427 928 381 424 929 355 404 930 382 426 931 354 428 932 24 15 933 28 15 934 12 15 935 31 0 936 3 19 937 1 1 938 11 3 939 15 6 940 13 4 941 15 6 942 19 8 943 17 7 944 19 8 945 23 10 946 21 9 947 23 10 948 27 12 949 25 11 950 27 12 951 31 0 952 29 2 953 7 13 954 11 3 955 9 5 956 60 15 957 32 15 958 36 15 959 36 15 960 40 15 961 60 15 962 40 15 963 44 15 964 60 15 965 44 15 966 48 15 967 52 15 968 52 15 969 56 15 970 44 15 971 10 18 972 6 429 973 2 430 974 2 430 975 30 53 976 26 16 977 26 16 978 22 431 979 18 17 980 18 17 981 14 53 982 10 18 983 10 18 984 2 430 985 26 16 986 3 19 987 7 13 988 5 14 989 63 20 990 35 35 991 33 21 992 43 23 993 47 26 994 45 24 995 47 26 996 51 28 997 49 27 998 51 28 999 55 30 1000 53 29 1001 55 30 1002 59 32 1003 57 31 1004 59 32 1005 63 20 1006 61 22 1007 39 33 1008 43 23 1009 41 25 1010 92 15 1011 64 15 1012 68 15 1013 68 15 1014 72 15 1015 92 15 1016 72 15 1017 76 15 1018 92 15 1019 76 15 1020 80 15 1021 84 15 1022 84 15 1023 88 15 1024 76 15 1025 42 18 1026 38 429 1027 34 430 1028 34 430 1029 62 53 1030 58 16 1031 58 16 1032 54 431 1033 50 17 1034 50 17 1035 46 53 1036 42 18 1037 42 18 1038 34 430 1039 58 16 1040 35 35 1041 39 33 1042 37 34 1043 95 0 1044 67 19 1045 65 1 1046 75 3 1047 79 6 1048 77 4 1049 79 6 1050 83 8 1051 81 7 1052 83 8 1053 87 10 1054 85 9 1055 87 10 1056 91 12 1057 89 11 1058 91 12 1059 95 0 1060 93 2 1061 71 13 1062 75 3 1063 73 5 1064 124 15 1065 96 15 1066 100 15 1067 100 15 1068 104 15 1069 124 15 1070 104 15 1071 108 15 1072 124 15 1073 108 15 1074 112 15 1075 116 15 1076 116 15 1077 120 15 1078 108 15 1079 74 37 1080 70 432 1081 66 433 1082 66 433 1083 94 434 1084 74 37 1085 94 434 1086 90 38 1087 74 37 1088 90 38 1089 86 435 1090 82 436 1091 82 436 1092 78 36 1093 90 38 1094 67 19 1095 71 13 1096 69 14 1097 127 20 1098 99 35 1099 97 21 1100 107 23 1101 111 26 1102 109 24 1103 111 26 1104 115 28 1105 113 27 1106 115 28 1107 119 30 1108 117 29 1109 119 30 1110 123 32 1111 121 31 1112 123 32 1113 127 20 1114 125 22 1115 103 33 1116 107 23 1117 105 25 1118 156 15 1119 128 15 1120 132 15 1121 132 15 1122 136 15 1123 156 15 1124 136 15 1125 140 15 1126 156 15 1127 140 15 1128 144 15 1129 148 15 1130 148 15 1131 152 15 1132 140 15 1133 106 37 1134 102 432 1135 98 433 1136 98 433 1137 126 434 1138 106 37 1139 126 434 1140 122 38 1141 106 37 1142 122 38 1143 118 435 1144 114 436 1145 114 436 1146 110 36 1147 122 38 1148 99 35 1149 103 33 1150 101 34 1151 159 2 1152 131 54 1153 129 39 1154 139 41 1155 143 44 1156 141 42 1157 143 44 1158 147 46 1159 145 45 1160 147 46 1161 151 48 1162 149 47 1163 151 48 1164 155 50 1165 153 49 1166 155 50 1167 159 2 1168 157 40 1169 135 51 1170 139 41 1171 137 43 1172 188 15 1173 160 15 1174 164 15 1175 164 15 1176 168 15 1177 188 15 1178 168 15 1179 172 15 1180 188 15 1181 172 15 1182 176 15 1183 180 15 1184 180 15 1185 184 15 1186 172 15 1187 138 53 1188 134 53 1189 130 53 1190 130 53 1191 158 53 1192 138 53 1193 158 53 1194 154 53 1195 138 53 1196 154 53 1197 150 53 1198 146 53 1199 146 53 1200 142 53 1201 154 53 1202 131 54 1203 135 51 1204 133 52 1205 191 55 1206 163 69 1207 161 56 1208 171 58 1209 175 24 1210 173 59 1211 175 24 1212 179 62 1213 177 61 1214 179 62 1215 183 64 1216 181 63 1217 183 64 1218 187 66 1219 185 65 1220 187 66 1221 191 55 1222 189 57 1223 167 67 1224 171 58 1225 169 60 1226 220 15 1227 192 15 1228 196 15 1229 196 15 1230 200 15 1231 220 15 1232 200 15 1233 204 15 1234 220 15 1235 204 15 1236 208 15 1237 212 15 1238 212 15 1239 216 15 1240 204 15 1241 170 53 1242 166 53 1243 162 53 1244 162 53 1245 190 53 1246 170 53 1247 190 53 1248 186 53 1249 170 53 1250 186 53 1251 182 53 1252 178 53 1253 178 53 1254 174 53 1255 186 53 1256 163 69 1257 167 67 1258 165 68 1259 223 2 1260 195 54 1261 193 39 1262 203 41 1263 207 44 1264 205 42 1265 207 44 1266 211 46 1267 209 45 1268 211 46 1269 215 48 1270 213 47 1271 215 48 1272 219 50 1273 217 49 1274 219 50 1275 223 2 1276 221 40 1277 199 51 1278 203 41 1279 201 43 1280 252 15 1281 224 15 1282 228 15 1283 228 15 1284 232 15 1285 252 15 1286 232 15 1287 236 15 1288 252 15 1289 236 15 1290 240 15 1291 244 15 1292 244 15 1293 248 15 1294 236 15 1295 202 53 1296 198 53 1297 194 53 1298 194 53 1299 222 53 1300 202 53 1301 222 53 1302 218 53 1303 202 53 1304 218 53 1305 214 53 1306 210 53 1307 210 53 1308 206 53 1309 218 53 1310 195 54 1311 199 51 1312 197 52 1313 255 55 1314 227 69 1315 225 56 1316 235 58 1317 239 24 1318 237 59 1319 239 24 1320 243 62 1321 241 61 1322 243 62 1323 247 64 1324 245 63 1325 247 64 1326 251 66 1327 249 65 1328 251 66 1329 255 55 1330 253 57 1331 231 67 1332 235 58 1333 233 60 1334 284 15 1335 256 15 1336 260 15 1337 260 15 1338 264 15 1339 284 15 1340 264 15 1341 268 15 1342 284 15 1343 268 15 1344 272 15 1345 276 15 1346 276 15 1347 280 15 1348 268 15 1349 234 53 1350 230 53 1351 226 53 1352 226 53 1353 254 53 1354 234 53 1355 254 53 1356 250 53 1357 234 53 1358 250 53 1359 246 53 1360 242 53 1361 242 53 1362 238 53 1363 250 53 1364 227 69 1365 231 67 1366 229 68 1367 287 2 1368 259 79 1369 257 70 1370 267 41 1371 271 44 1372 269 72 1373 271 44 1374 275 74 1375 273 73 1376 275 74 1377 279 48 1378 277 75 1379 279 48 1380 283 50 1381 281 49 1382 283 50 1383 287 2 1384 285 71 1385 263 51 1386 267 41 1387 265 43 1388 316 15 1389 288 15 1390 292 15 1391 292 15 1392 296 15 1393 316 15 1394 296 15 1395 300 15 1396 316 15 1397 300 15 1398 304 15 1399 308 15 1400 308 15 1401 312 15 1402 300 15 1403 266 77 1404 262 437 1405 258 438 1406 258 438 1407 286 53 1408 266 77 1409 286 53 1410 282 78 1411 266 77 1412 282 78 1413 278 439 1414 274 440 1415 274 440 1416 270 53 1417 282 78 1418 259 79 1419 263 51 1420 261 76 1421 319 55 1422 291 87 1423 289 80 1424 299 58 1425 303 24 1426 301 82 1427 303 24 1428 307 84 1429 305 83 1430 307 84 1431 311 64 1432 309 85 1433 311 64 1434 315 66 1435 313 65 1436 315 66 1437 319 55 1438 317 81 1439 295 67 1440 299 58 1441 297 60 1442 348 15 1443 320 15 1444 324 15 1445 324 15 1446 328 15 1447 348 15 1448 328 15 1449 332 15 1450 348 15 1451 332 15 1452 336 15 1453 340 15 1454 340 15 1455 344 15 1456 332 15 1457 298 77 1458 294 437 1459 290 438 1460 290 438 1461 318 53 1462 298 77 1463 318 53 1464 314 78 1465 298 77 1466 314 78 1467 310 439 1468 306 440 1469 306 440 1470 302 53 1471 314 78 1472 291 87 1473 295 67 1474 293 86 1475 351 2 1476 323 79 1477 321 70 1478 331 41 1479 335 44 1480 333 72 1481 335 44 1482 339 74 1483 337 73 1484 339 74 1485 343 48 1486 341 75 1487 343 48 1488 347 50 1489 345 49 1490 347 50 1491 351 2 1492 349 71 1493 327 51 1494 331 41 1495 329 43 1496 380 15 1497 352 15 1498 356 15 1499 356 15 1500 360 15 1501 380 15 1502 360 15 1503 364 15 1504 380 15 1505 364 15 1506 368 15 1507 372 15 1508 372 15 1509 376 15 1510 364 15 1511 330 89 1512 326 441 1513 322 442 1514 322 442 1515 350 443 1516 346 88 1517 346 88 1518 342 444 1519 338 53 1520 338 53 1521 334 445 1522 330 89 1523 330 89 1524 322 442 1525 346 88 1526 323 79 1527 327 51 1528 325 76 1529 383 55 1530 355 87 1531 353 80 1532 363 58 1533 367 24 1534 365 82 1535 367 24 1536 371 84 1537 369 83 1538 371 84 1539 375 64 1540 373 85 1541 375 64 1542 379 66 1543 377 65 1544 379 66 1545 383 55 1546 381 81 1547 359 67 1548 363 58 1549 361 60 1550 362 89 1551 358 441 1552 354 442 1553 354 442 1554 382 443 1555 378 88 1556 378 88 1557 374 444 1558 370 53 1559 370 53 1560 366 445 1561 362 89 1562 362 89 1563 354 442 1564 378 88 1565 355 87 1566 359 67 1567 357 86 1568 1 90 1569 5 96 1570 4 91 1571 3 93 1572 2 121 1573 6 94 1574 5 96 1575 9 101 1576 8 97 1577 7 95 1578 6 94 1579 10 98 1580 13 100 1581 12 105 1582 8 97 1583 15 102 1584 11 99 1585 10 98 1586 17 104 1587 16 109 1588 12 105 1589 19 106 1590 15 102 1591 14 103 1592 17 104 1593 21 112 1594 20 108 1595 19 106 1596 18 107 1597 22 110 1598 21 112 1599 25 117 1600 24 113 1601 23 111 1602 22 110 1603 26 114 1604 29 116 1605 28 120 1606 24 113 1607 31 118 1608 27 115 1609 26 114 1610 1 90 1611 0 92 1612 28 120 1613 3 93 1614 31 118 1615 30 119 1616 33 90 1617 37 123 1618 36 91 1619 35 93 1620 34 121 1621 38 94 1622 37 123 1623 41 128 1624 40 124 1625 39 122 1626 38 94 1627 42 125 1628 45 127 1629 44 105 1630 40 124 1631 47 129 1632 43 126 1633 42 125 1634 49 104 1635 48 109 1636 44 105 1637 51 106 1638 47 129 1639 46 103 1640 49 104 1641 53 131 1642 52 108 1643 51 106 1644 50 107 1645 54 110 1646 53 131 1647 57 136 1648 56 132 1649 55 130 1650 54 110 1651 58 133 1652 61 135 1653 60 120 1654 56 132 1655 63 137 1656 59 134 1657 58 133 1658 33 90 1659 32 92 1660 60 120 1661 35 93 1662 63 137 1663 62 119 1664 69 138 1665 68 145 1666 64 139 1667 71 141 1668 67 169 1669 66 142 1670 73 144 1671 72 149 1672 68 145 1673 75 146 1674 71 141 1675 70 143 1676 73 144 1677 77 152 1678 76 148 1679 75 146 1680 74 147 1681 78 150 1682 77 152 1683 81 157 1684 80 153 1685 79 151 1686 78 150 1687 82 154 1688 85 156 1689 84 161 1690 80 153 1691 87 158 1692 83 155 1693 82 154 1694 89 160 1695 88 165 1696 84 161 1697 91 162 1698 87 158 1699 86 159 1700 89 160 1701 93 168 1702 92 164 1703 91 162 1704 90 163 1705 94 166 1706 93 168 1707 65 140 1708 64 139 1709 95 167 1710 94 166 1711 66 142 1712 101 138 1713 100 171 1714 96 139 1715 103 141 1716 99 169 1717 98 142 1718 105 144 1719 104 175 1720 100 171 1721 107 172 1722 103 141 1723 102 170 1724 105 144 1725 109 152 1726 108 174 1727 107 172 1728 106 173 1729 110 176 1730 109 152 1731 113 157 1732 112 153 1733 111 151 1734 110 176 1735 114 154 1736 117 156 1737 116 179 1738 112 153 1739 119 158 1740 115 155 1741 114 154 1742 121 178 1743 120 183 1744 116 179 1745 123 180 1746 119 158 1747 118 177 1748 121 178 1749 125 168 1750 124 182 1751 123 180 1752 122 181 1753 126 184 1754 125 168 1755 97 140 1756 96 139 1757 127 167 1758 126 184 1759 98 142 1760 133 185 1761 132 192 1762 128 186 1763 135 188 1764 131 216 1765 130 189 1766 137 191 1767 136 196 1768 132 192 1769 139 193 1770 135 188 1771 134 190 1772 137 191 1773 141 199 1774 140 195 1775 139 193 1776 138 194 1777 142 197 1778 141 199 1779 145 204 1780 144 200 1781 143 198 1782 142 197 1783 146 201 1784 149 203 1785 148 208 1786 144 200 1787 151 205 1788 147 202 1789 146 201 1790 153 207 1791 152 212 1792 148 208 1793 155 209 1794 151 205 1795 150 206 1796 153 207 1797 157 215 1798 156 211 1799 155 209 1800 154 210 1801 158 213 1802 157 215 1803 129 187 1804 128 186 1805 159 214 1806 158 213 1807 130 189 1808 165 217 1809 164 224 1810 160 218 1811 167 220 1812 163 248 1813 162 221 1814 169 223 1815 168 228 1816 164 224 1817 171 225 1818 167 220 1819 166 222 1820 169 223 1821 173 231 1822 172 227 1823 171 225 1824 170 226 1825 174 229 1826 173 231 1827 177 236 1828 176 232 1829 175 230 1830 174 229 1831 178 233 1832 181 235 1833 180 240 1834 176 232 1835 183 237 1836 179 234 1837 178 233 1838 185 239 1839 184 244 1840 180 240 1841 187 241 1842 183 237 1843 182 238 1844 185 239 1845 189 247 1846 188 243 1847 187 241 1848 186 242 1849 190 245 1850 189 247 1851 161 219 1852 160 218 1853 191 246 1854 190 245 1855 162 221 1856 197 249 1857 196 256 1858 192 250 1859 199 252 1860 195 280 1861 194 253 1862 201 255 1863 200 260 1864 196 256 1865 203 257 1866 199 252 1867 198 254 1868 201 255 1869 205 263 1870 204 259 1871 203 257 1872 202 258 1873 206 261 1874 205 263 1875 209 268 1876 208 264 1877 207 262 1878 206 261 1879 210 265 1880 213 267 1881 212 272 1882 208 264 1883 215 269 1884 211 266 1885 210 265 1886 217 271 1887 216 276 1888 212 272 1889 219 273 1890 215 269 1891 214 270 1892 217 271 1893 221 279 1894 220 275 1895 219 273 1896 218 274 1897 222 277 1898 221 279 1899 193 251 1900 192 250 1901 223 278 1902 222 277 1903 194 253 1904 229 281 1905 228 288 1906 224 282 1907 231 284 1908 227 310 1909 226 285 1910 233 287 1911 232 291 1912 228 288 1913 235 257 1914 231 284 1915 230 286 1916 233 287 1917 237 294 1918 236 290 1919 235 257 1920 234 289 1921 238 292 1922 237 294 1923 241 299 1924 240 295 1925 239 293 1926 238 292 1927 242 296 1928 245 298 1929 244 302 1930 240 295 1931 247 300 1932 243 297 1933 242 296 1934 249 271 1935 248 306 1936 244 302 1937 251 303 1938 247 300 1939 246 301 1940 249 271 1941 253 309 1942 252 305 1943 251 303 1944 250 304 1945 254 307 1946 253 309 1947 225 283 1948 224 282 1949 255 308 1950 254 307 1951 226 285 1952 261 311 1953 260 318 1954 256 312 1955 263 314 1956 259 342 1957 258 315 1958 265 317 1959 264 322 1960 260 318 1961 267 319 1962 263 314 1963 262 316 1964 265 317 1965 269 325 1966 268 321 1967 267 319 1968 266 320 1969 270 323 1970 269 325 1971 273 330 1972 272 326 1973 271 324 1974 270 323 1975 274 327 1976 277 329 1977 276 334 1978 272 326 1979 279 331 1980 275 328 1981 274 327 1982 281 333 1983 280 338 1984 276 334 1985 283 335 1986 279 331 1987 278 332 1988 281 333 1989 285 341 1990 284 337 1991 283 335 1992 282 336 1993 286 339 1994 285 341 1995 257 313 1996 256 312 1997 287 340 1998 286 339 1999 258 315 2000 293 343 2001 292 349 2002 288 344 2003 295 346 2004 291 368 2005 290 347 2006 297 317 2007 296 322 2008 292 349 2009 299 350 2010 295 346 2011 294 348 2012 297 317 2013 301 354 2014 300 351 2015 299 350 2016 298 320 2017 302 352 2018 301 354 2019 305 359 2020 304 355 2021 303 353 2022 302 352 2023 306 356 2024 309 358 2025 308 362 2026 304 355 2027 311 360 2028 307 357 2029 306 356 2030 313 333 2031 312 338 2032 308 362 2033 315 363 2034 311 360 2035 310 361 2036 313 333 2037 317 367 2038 316 364 2039 315 363 2040 314 336 2041 318 365 2042 317 367 2043 289 345 2044 288 344 2045 319 366 2046 318 365 2047 290 347 2048 321 369 2049 325 375 2050 324 370 2051 323 372 2052 322 400 2053 326 373 2054 325 375 2055 329 380 2056 328 376 2057 327 374 2058 326 373 2059 330 377 2060 333 379 2061 332 384 2062 328 376 2063 335 381 2064 331 378 2065 330 377 2066 337 383 2067 336 388 2068 332 384 2069 339 385 2070 335 381 2071 334 382 2072 337 383 2073 341 391 2074 340 387 2075 339 385 2076 338 386 2077 342 389 2078 341 391 2079 345 396 2080 344 392 2081 343 390 2082 342 389 2083 346 393 2084 349 395 2085 348 399 2086 344 392 2087 351 397 2088 347 394 2089 346 393 2090 321 369 2091 320 371 2092 348 399 2093 323 372 2094 351 397 2095 350 398 2096 353 401 2097 357 407 2098 356 402 2099 355 404 2100 354 428 2101 358 405 2102 357 407 2103 361 380 2104 360 408 2105 359 406 2106 358 405 2107 362 409 2108 365 410 2109 364 414 2110 360 408 2111 367 411 2112 363 378 2113 362 409 2114 369 413 2115 368 418 2116 364 414 2117 371 415 2118 367 411 2119 366 412 2120 369 413 2121 373 421 2122 372 417 2123 371 415 2124 370 416 2125 374 419 2126 373 421 2127 377 396 2128 376 422 2129 375 420 2130 374 419 2131 378 423 2132 381 424 2133 380 427 2134 376 422 2135 383 425 2136 379 394 2137 378 423 2138 353 401 2139 352 403 2140 380 427 2141 355 404 2142 383 425 2143 382 426 2144 28 15 2145 0 15 2146 4 15 2147 4 15 2148 8 15 2149 28 15 2150 8 15 2151 12 15 2152 28 15 2153 12 15 2154 16 15 2155 20 15 2156 20 15 2157 24 15 2158 12 15 2159</p>
        </triangles>
      </mesh>
    </geometry>
    <geometry id="Arm-mesh" name="Arm">
      <mesh>
        <source id="Arm-mesh-positions">
          <float_array id="Arm-mesh-positions-array" count="1716">-0.007499992 0.1127503 0.1327767 0.007499992 0.1127503 0.1327767 0.006999969 -0.11 0.145 -0.006999969 -0.11 0.145 -0.006999969 -0.164 0.145 0.006999969 -0.164 0.145 0.006999969 -0.1208 0.145 0.006999969 -0.1316 0.145 0.006999969 -0.1424 0.145 0.006999969 -0.1532 0.145 -0.006999969 -0.1208 0.145 -0.006999969 -0.1316 0.145 -0.006999969 -0.1424 0.145 -0.006999969 -0.1532 0.145 0.006999969 0.06799995 0.345 -0.006999969 0.06799995 0.345 -0.006999969 -0.01999998 0.345 0.006999969 -0.01999998 0.345 0.006999969 0.05340504 0.345 0.006999969 0.03703022 0.345 0.006999969 0.001999974 0.345 -0.006999969 0.05340504 0.345 -0.006999969 0.03703022 0.345 -0.006999969 0.001999974 0.345 0.006999969 0.06299996 0.5450001 -0.006999969 0.06299996 0.5450001 0.007499992 0.1189544 0.5450494 -0.007499992 0.1189544 0.5450494 0.007099986 0.07419085 0.5450099 0.007199943 0.08538174 0.5450198 0.007334411 0.1004263 0.545033 0.007399976 0.1077635 0.5450395 -0.007099986 0.07419085 0.5450099 -0.007199943 0.08538174 0.5450198 -0.007334411 0.1004263 0.545033 -0.007399976 0.1077635 0.5450395 -0.007499992 -0.07160764 0.1156411 -0.006503462 -0.07129782 0.1165489 -0.00650376 -9.63994e-4 0.1056115 -0.007499992 -9.64234e-4 0.1046274 -0.00650382 0.0632345 0.114192 -0.007499992 0.06350326 0.1132372 0.007499992 -0.1165259 0.1385598 0.006502568 -0.1153247 0.1389262 -0.00650388 0.1690688 0.1797047 -0.007499992 0.1697926 0.1790194 -0.00650388 0.207479 0.237266 -0.007499992 0.2083927 0.236867 -0.00650388 0.2261284 0.3145053 -0.007499992 0.2271227 0.3144329 -0.00650388 0.2184659 0.3959538 -0.007499992 0.2194262 0.3962216 -0.00650388 0.186437 0.4621124 -0.007499992 0.1872501 0.4626877 -0.00650382 0.1397727 0.5112277 -0.007499992 0.140374 0.5120204 -0.007472634 0.08644658 0.5411348 -0.00650376 0.08617305 0.5401735 -0.007499992 0.1486275 0.1834704 -0.00650382 0.1495721 0.1831303 -0.007499992 0.1492072 0.2599692 -0.00650376 0.150173 0.2602533 -0.007499992 0.1104701 0.3181926 -0.006503462 0.1110876 0.3190097 -0.007499992 -0.01849699 0.1052288 -0.006503701 -0.01842767 0.1062066 -0.007499992 -0.03627842 0.1071531 -0.006503641 -0.03613418 0.1081175 -0.007499992 -0.05405926 0.1105674 -0.006503582 -0.0538336 0.1115091 -0.007499992 0.04839032 0.1095621 -0.00650382 0.04818975 0.1105325 -0.007499992 0.03256523 0.1068624 -0.00650382 0.03243219 0.1078427 -0.007499992 0.01609188 0.1051976 -0.00650376 0.0160256 0.1061825 -0.007499992 -0.08880031 0.1224617 -0.006503343 -0.08841931 0.123328 -0.007499992 -0.105745 0.1307065 -0.006503164 -0.1053189 0.1315327 -0.007499992 -0.114922 0.1357522 -0.006502926 -0.1137148 0.1361262 -0.00650388 0.09130209 0.1243277 -0.007499992 0.09170651 0.1234206 -0.007499992 0.0778861 0.1178455 -0.00650382 0.07754868 0.1187792 -0.007499992 0.1577349 0.1672068 -0.00650388 0.1570622 0.1679421 -0.007499992 0.1450131 0.156342 -0.00650388 0.1443903 0.1571201 -0.007499992 0.1318642 0.146485 -0.00650388 0.1312909 0.1473 -0.007499992 0.2003495 0.2205134 -0.00650388 0.1994759 0.2209941 -0.007499992 0.1911867 0.205532 -0.00650388 0.1903601 0.2060894 -0.007499992 0.1809772 0.1917548 -0.00650388 0.1802014 0.192381 -0.007499992 0.2247404 0.2937808 -0.00650388 0.2237557 0.293936 -0.007499992 0.2207283 0.273764 -0.00650388 0.2197598 0.2740002 -0.007499992 0.2152301 0.2546901 -0.00650388 0.2142848 0.255007 -0.007499992 0.2238761 0.3767219 -0.00650388 0.2228954 0.3765432 -0.007499992 0.226669 0.3563099 -0.00650388 0.2256766 0.3562162 -0.007499992 0.2277635 0.3354063 -0.00650388 0.2267667 0.3353955 -0.007499992 0.1971186 0.4476238 -0.00650388 0.1962642 0.4471114 -0.007499992 0.2058869 0.4315948 -0.00650388 0.2049924 0.4311553 -0.007499992 0.21338 0.4144985 -0.00650388 0.2124492 0.4141415 -0.007499992 0.1528543 0.5016778 -0.00650388 0.1521888 0.5009378 -0.007499992 0.1649408 0.4898863 -0.00650388 0.1642194 0.4892002 -0.007499992 0.1764643 0.4768262 -0.00650388 0.1756946 0.4761945 -0.007474422 0.1014723 0.535402 -0.00650376 0.1009575 0.5345327 -0.007499992 0.1143221 0.5286909 -0.00650382 0.1141331 0.5276504 -0.007499992 0.1276171 0.5208554 -0.00650382 0.1270814 0.5200183 -0.00650388 0.1246485 0.1429215 -0.007499992 0.1191306 0.1380912 -0.007499992 0.1295242 0.1500543 -0.00650388 0.1303228 0.1494526 -0.007499992 0.1403997 0.166085 -0.00650388 0.1412693 0.1655876 -0.007499992 0.1534075 0.2022757 -0.00650382 0.1543983 0.2021147 -0.007499992 0.154848 0.2217941 -0.00650382 0.1558519 0.2217963 -0.007499992 0.1533277 0.2412641 -0.00650382 0.1543215 0.2414116 -0.007499992 0.1427761 0.2772827 -0.006503701 0.1436938 0.2777037 -0.007499992 0.1341323 0.2929142 -0.006503641 0.1349768 0.2934743 -0.007499992 0.1233346 0.3066342 -0.006503582 0.124078 0.3073301 -0.007499992 0.09577596 0.327447 -0.006503343 0.0962677 0.3283528 -0.007499992 0.07977563 0.3348317 -0.006503164 0.08017271 0.3357929 -0.007499992 0.06297683 0.3409668 -0.006502926 0.06331932 0.3419629 0.006503462 -0.07129782 0.1165489 0.007499992 -0.07160764 0.1156411 0.007499992 -9.64234e-4 0.1046274 0.00650376 -9.63994e-4 0.1056115 0.007499992 0.06350326 0.1132372 0.00650382 0.0632345 0.114192 -0.007499992 -0.1165259 0.1385598 -0.006502568 -0.1153247 0.1389262 0.007499992 0.1697926 0.1790194 0.00650388 0.1690688 0.1797047 0.007499992 0.2083927 0.236867 0.00650388 0.207479 0.237266 0.007499992 0.2271227 0.3144329 0.00650388 0.2261284 0.3145053 0.007499992 0.2194262 0.3962216 0.00650388 0.2184659 0.3959538 0.007499992 0.1872501 0.4626877 0.00650388 0.186437 0.4621124 0.007499992 0.140374 0.5120204 0.00650382 0.1397727 0.5112277 0.007474422 0.08644658 0.5411348 0.00650376 0.08617305 0.5401735 0.00650382 0.1495721 0.1831303 0.007499992 0.1486275 0.1834704 0.00650376 0.150173 0.2602533 0.007499992 0.1492072 0.2599692 0.006503462 0.1110876 0.3190097 0.007499992 0.1104701 0.3181926 0.006503701 -0.01842767 0.1062066 0.007499992 -0.01849699 0.1052288 0.006503641 -0.03613418 0.1081175 0.007499992 -0.03627842 0.1071531 0.006503582 -0.0538336 0.1115091 0.007499992 -0.05405926 0.1105674 0.00650382 0.04818975 0.1105325 0.007499992 0.04839032 0.1095621 0.00650382 0.03243219 0.1078427 0.007499992 0.03256523 0.1068624 0.00650376 0.0160256 0.1061825 0.007499992 0.01609188 0.1051976 0.006503343 -0.08841931 0.123328 0.007499992 -0.08880031 0.1224617 0.006503164 -0.1053189 0.1315327 0.007499992 -0.105745 0.1307065 0.006502926 -0.1137148 0.1361262 0.007499992 -0.114922 0.1357522 0.007499992 0.09170651 0.1234206 0.00650388 0.09130209 0.1243277 0.00650382 0.07754868 0.1187792 0.007499992 0.0778861 0.1178455 0.00650388 0.1570622 0.1679421 0.007499992 0.1577349 0.1672068 0.00650388 0.1443903 0.1571201 0.007499992 0.1450131 0.156342 0.00650388 0.1312909 0.1473 0.007499992 0.1318642 0.146485 0.00650388 0.1994759 0.2209941 0.007499992 0.2003495 0.2205134 0.00650388 0.1903601 0.2060894 0.007499992 0.1911867 0.205532 0.00650388 0.1802014 0.192381 0.007499992 0.1809772 0.1917548 0.00650388 0.2237557 0.293936 0.007499992 0.2247404 0.2937808 0.00650388 0.2197598 0.2740002 0.007499992 0.2207283 0.273764 0.00650388 0.2142848 0.255007 0.007499992 0.2152301 0.2546901 0.00650388 0.2228954 0.3765432 0.007499992 0.2238761 0.3767219 0.00650388 0.2256766 0.3562162 0.007499992 0.226669 0.3563099 0.00650388 0.2267667 0.3353955 0.007499992 0.2277635 0.3354063 0.00650388 0.1962642 0.4471114 0.007499992 0.1971186 0.4476238 0.00650388 0.2049924 0.4311553 0.007499992 0.2058869 0.4315948 0.00650388 0.2124492 0.4141415 0.007499992 0.21338 0.4144985 0.00650388 0.1521888 0.5009378 0.007499992 0.1528543 0.5016778 0.00650388 0.1642194 0.4892002 0.007499992 0.1649408 0.4898863 0.00650388 0.1756946 0.4761945 0.007499992 0.1764643 0.4768262 0.00650376 0.1009575 0.5345327 0.007475733 0.1014723 0.535402 0.00650382 0.1141331 0.5276504 0.007499992 0.1143221 0.5286909 0.00650382 0.1270814 0.5200183 0.007499992 0.1276171 0.5208554 0.007499992 0.1295242 0.1500543 0.00650388 0.1303228 0.1494526 0.00650388 0.1412693 0.1655876 0.007499992 0.1403997 0.166085 0.00650382 0.1543983 0.2021147 0.007499992 0.1534075 0.2022757 0.00650382 0.1558519 0.2217963 0.007499992 0.154848 0.2217941 0.00650382 0.1543215 0.2414116 0.007499992 0.1533277 0.2412641 0.006503701 0.1436938 0.2777037 0.007499992 0.1427761 0.2772827 0.006503641 0.1349768 0.2934743 0.007499992 0.1341323 0.2929142 0.006503582 0.124078 0.3073301 0.007499992 0.1233346 0.3066342 0.006503343 0.0962677 0.3283528 0.007499992 0.09577596 0.327447 0.006503164 0.08017271 0.3357929 0.007499992 0.07977563 0.3348317 0.006502926 0.06331932 0.3419629 0.007499992 0.06297683 0.3409668 -0.00650388 -0.07452791 0.1070851 -0.007499992 -0.07420527 0.1080303 -0.007499992 -9.66192e-4 0.09660893 -0.00650388 -9.66435e-4 0.09561181 -0.007499992 0.06567382 0.1055258 -0.00650388 0.06594389 0.1045662 -0.007499992 -0.1395884 0.1397209 -0.00650376 -0.1399043 0.1387757 -0.007499992 0.1227295 0.1308783 -0.00650388 0.1232538 0.1300307 -0.007499992 0.1756062 0.1735146 -0.00650388 0.1763301 0.1728292 -0.007499992 0.2157289 0.2336636 -0.00650388 0.216643 0.2332645 -0.007499992 0.2351063 0.3138518 -0.00650388 0.2361019 0.3137793 -0.007499992 0.2271339 0.3983709 -0.00650388 0.2280981 0.3986397 -0.007499992 0.193777 0.467306 -0.00650388 0.1946001 0.4678884 -0.007499992 0.1451919 0.5183721 -0.00650388 0.145816 0.5191949 0.006503701 0.07455015 0.5424087 0.007472634 0.0746985 0.5433941 -0.007499992 0.1000949 0.1284135 -0.007499992 0.09664958 0.1258408 -0.00650388 0.0962131 0.1267323 -0.00650388 0.09936046 0.1290864 -0.00650388 0.1401635 0.1865178 -0.007499992 0.1411052 0.1861788 -0.00650388 0.1405795 0.2574316 -0.007499992 0.1415375 0.2577133 -0.00650388 0.1050584 0.3110318 -0.007499992 0.1056615 0.3118299 -0.00650388 -0.01913505 0.09623193 -0.007499992 -0.01906448 0.09722685 -0.00650388 -0.03761315 0.09822767 -0.007499992 -0.03746557 0.09921449 -0.00650388 -0.05616372 0.1017844 -0.007499992 -0.05593109 0.1027552 -0.00650388 0.05021405 0.1007397 -0.007499992 0.05001223 0.1017159 -0.00650388 0.03377741 0.09793365 -0.007499992 0.0336433 0.09892153 -0.00650388 0.01669698 0.09620535 -0.007499992 0.01663005 0.09720009 -0.00650382 -0.09244531 0.1141746 -0.007499992 -0.09204316 0.1150888 -0.00650382 -0.109903 0.1226454 -0.007499992 -0.1094451 0.1235333 -0.00650382 -0.1270144 0.1320049 -0.007499992 -0.1256847 0.132417 -0.00650388 0.1094111 0.1220666 -0.007499992 0.1089451 0.1229475 -0.00650388 0.09537386 0.1151944 -0.007499992 0.09496796 0.1161049 -0.00650388 0.08094722 0.1093747 -0.007499992 0.08060842 0.1103122 -0.00650388 0.1638123 0.1605643 -0.007499992 0.1631394 0.1612997 -0.00650388 0.1506396 0.1493137 -0.007499992 0.1500167 0.1500918 -0.00650388 0.1370442 0.1391211 -0.007499992 0.1364708 0.1399362 -0.00650388 0.2082372 0.2161737 -0.007499992 0.2073633 0.2166545 -0.00650388 0.1986511 0.2004988 -0.007499992 0.1978242 0.2010563 -0.00650388 0.1879824 0.1860997 -0.007499992 0.1872066 0.186726 -0.00650388 0.2336336 0.2923792 -0.007499992 0.2326479 0.2925345 -0.00650388 0.2294747 0.2716308 -0.007499992 0.2285056 0.2718672 -0.00650388 0.223766 0.2518281 -0.007499992 0.2228202 0.2521452 -0.00650388 0.2327333 0.3783353 -0.007499992 0.2317497 0.3781561 -0.00650388 0.235632 0.3571562 -0.007499992 0.2346373 0.3570622 -0.00650388 0.2367661 0.3355041 -0.007499992 0.2357676 0.3354933 -0.00650388 0.2048402 0.4522544 -0.007499992 0.2039778 0.4517372 -0.00650388 0.213967 0.4355655 -0.007499992 0.2130662 0.4351229 -0.00650388 0.2217857 0.4177225 -0.007499992 0.2208501 0.4173637 -0.00650388 0.158876 0.5083727 -0.007499992 0.1581913 0.5076115 -0.00650388 0.1714652 0.4960919 -0.007499992 0.1707282 0.4953908 -0.00650388 0.183424 0.4825389 -0.007499992 0.1826418 0.4818968 0.007499992 0.114214 0.5413541 0.00650388 0.1150569 0.5407897 -0.007499992 0.1158383 0.5370402 -0.00650388 0.11604 0.538151 -0.00650388 0.1324716 0.5284411 -0.007499992 0.1319088 0.5275617 -0.00650388 0.1101917 0.1409075 -0.007499992 0.1109417 0.1402516 -0.00650388 0.1223361 0.15547 -0.007499992 0.1231326 0.1548698 -0.00650388 0.1325889 0.1705521 -0.007499992 0.1334562 0.1700561 -0.00650388 0.144528 0.2037188 -0.007499992 0.1455151 0.2035583 -0.00650388 0.1458522 0.2217741 -0.007499992 0.1468512 0.2217763 -0.00650388 0.1444302 0.2399436 -0.007499992 0.1454179 0.2400903 -0.00650388 0.1346048 0.2735342 -0.007499992 0.1355128 0.2739508 -0.00650388 0.1266431 0.2879474 -0.007499992 0.1274762 0.2884999 -0.00650388 0.116778 0.3004961 -0.007499992 0.1175082 0.3011797 -0.00650388 0.09149676 0.3195644 -0.007499992 0.0919733 0.3204423 -0.00650388 0.07635515 0.3265504 -0.007499992 0.07673603 0.3274726 -0.00650388 0.06006848 0.3325065 -0.007499992 0.06039273 0.3334498 0.007499992 -0.07420527 0.1080303 0.00650388 -0.07452791 0.1070851 0.00650388 -9.66435e-4 0.09561181 0.007499992 -9.66192e-4 0.09660893 0.00650388 0.06594389 0.1045662 0.007499992 0.06567382 0.1055258 0.007499992 -0.1395884 0.1397209 0.00650376 -0.1399043 0.1387757 0.00650388 0.1232538 0.1300307 0.007499992 0.1227295 0.1308783 0.00650388 0.1763301 0.1728292 0.007499992 0.1756062 0.1735146 0.00650388 0.216643 0.2332645 0.007499992 0.2157289 0.2336636 0.00650388 0.2361019 0.3137793 0.007499992 0.2351063 0.3138518 0.00650388 0.2280981 0.3986397 0.007499992 0.2271339 0.3983709 0.00650388 0.1946001 0.4678884 0.007499992 0.193777 0.467306 0.00650388 0.145816 0.5191949 0.007499992 0.1451919 0.5183721 -0.007474362 0.07469832 0.5433933 -0.006503701 0.07455015 0.5424087 0.007499992 0.1411052 0.1861788 0.00650388 0.1401635 0.1865178 0.007499992 0.1415375 0.2577133 0.00650388 0.1405795 0.2574316 0.007499992 0.1056615 0.3118299 0.00650388 0.1050584 0.3110318 0.007499992 -0.01906448 0.09722685 0.00650388 -0.01913505 0.09623193 0.007499992 -0.03746557 0.09921449 0.00650388 -0.03761315 0.09822767 0.007499992 -0.05593109 0.1027552 0.00650388 -0.05616372 0.1017844 0.007499992 0.05001223 0.1017159 0.00650388 0.05021405 0.1007397 0.007499992 0.0336433 0.09892153 0.00650388 0.03377741 0.09793365 0.007499992 0.01663005 0.09720009 0.00650388 0.01669698 0.09620535 0.007499992 -0.09204316 0.1150888 0.00650382 -0.09244531 0.1141746 0.007499992 -0.1094451 0.1235333 0.00650382 -0.109903 0.1226454 0.007499992 -0.1256847 0.132417 0.00650382 -0.1270144 0.1320049 0.007499992 0.1089451 0.1229475 0.00650388 0.1094111 0.1220666 0.007499992 0.09496796 0.1161049 0.00650388 0.09537386 0.1151944 0.007499992 0.08060842 0.1103122 0.00650388 0.08094722 0.1093747 0.007499992 0.1631394 0.1612997 0.00650388 0.1638123 0.1605643 0.007499992 0.1500167 0.1500918 0.00650388 0.1506396 0.1493137 0.007499992 0.1364708 0.1399362 0.00650388 0.1370442 0.1391211 0.007499992 0.2073633 0.2166545 0.00650388 0.2082372 0.2161737 0.007499992 0.1978242 0.2010563 0.00650388 0.1986511 0.2004988 0.007499992 0.1872066 0.186726 0.00650388 0.1879824 0.1860997 0.007499992 0.2326479 0.2925345 0.00650388 0.2336336 0.2923792 0.007499992 0.2285056 0.2718672 0.00650388 0.2294747 0.2716308 0.007499992 0.2228202 0.2521452 0.00650388 0.223766 0.2518281 0.007499992 0.2317497 0.3781561 0.00650388 0.2327333 0.3783353 0.007499992 0.2346373 0.3570622 0.00650388 0.235632 0.3571562 0.007499992 0.2357676 0.3354933 0.00650388 0.2367661 0.3355041 0.007499992 0.2039778 0.4517372 0.00650388 0.2048402 0.4522544 0.007499992 0.2130662 0.4351229 0.00650388 0.213967 0.4355655 0.007499992 0.2208501 0.4173637 0.00650388 0.2217857 0.4177225 0.007499992 0.1581913 0.5076115 0.00650388 0.158876 0.5083727 0.007499992 0.1707282 0.4953908 0.00650388 0.1714652 0.4960919 0.007499992 0.1826418 0.4818968 0.00650388 0.183424 0.4825389 -0.00650388 0.1150569 0.5407897 -0.007499992 0.114214 0.5413541 0.00650388 0.11604 0.538151 0.007499992 0.1158383 0.5370402 0.007499992 0.1319088 0.5275617 0.00650388 0.1324716 0.5284411 0.00650388 0.1101917 0.1409075 0.007499992 0.1109417 0.1402516 0.007499992 0.1231326 0.1548698 0.00650388 0.1223361 0.15547 0.007499992 0.1334562 0.1700561 0.00650388 0.1325889 0.1705521 0.007499992 0.1455151 0.2035583 0.00650388 0.144528 0.2037188 0.007499992 0.1468512 0.2217763 0.00650388 0.1458522 0.2217741 0.007499992 0.1454179 0.2400903 0.00650388 0.1444302 0.2399436 0.007499992 0.1355128 0.2739508 0.00650388 0.1346048 0.2735342 0.007499992 0.1274762 0.2884999 0.00650388 0.1266431 0.2879474 0.007499992 0.1175082 0.3011797 0.00650388 0.116778 0.3004961 0.007499992 0.0919733 0.3204423 0.00650388 0.09149676 0.3195644 0.007499992 0.07673603 0.3274726 0.00650388 0.07635515 0.3265504 0.007499992 0.06039273 0.3334498 0.00650388 0.06006848 0.3325065 0.007499992 0.1191306 0.1380912 0.00650388 0.1246485 0.1429215 0.00650388 0.09936046 0.1290864 0.00650388 0.0962131 0.1267323 0.007499992 0.09664958 0.1258408 0.007499992 0.1000949 0.1284135 0.007645726 -0.1145769 0.1437264 0.006502151 -0.1138548 0.142846 -0.007645726 -0.1145769 0.1437264 -0.006502151 -0.1138548 0.142846 0.006999969 -0.11 0.1445053 0.006129324 -0.110982 0.1433334 -0.006129324 -0.110982 0.1433334 -0.006999969 -0.11 0.1445053 -0.007700622 -0.1505529 0.1430047 -0.00650376 -0.1507549 0.1420466 0.007700622 -0.1505529 0.1430047 0.00650376 -0.1507549 0.1420466 -0.006999969 -0.164 0.1445 -0.006041109 -0.1630098 0.1433913 0.006041109 -0.1630098 0.1433913 0.006999969 -0.164 0.1445 0.00612694 0.06700402 0.343485 0.006999969 0.06799995 0.3444961 -0.00612694 0.06700402 0.3434849 -0.006999969 0.06799995 0.3444961 -0.006026148 -0.01900589 0.3434374 -0.006999969 -0.01999998 0.3444974 0.006026148 -0.01900589 0.3434374 0.006999969 -0.01999998 0.3444974 -0.007829904 0.06384551 0.3443846 -0.006502211 0.06401431 0.3434398 0.007829904 0.06384551 0.3443846 0.006502211 0.06401431 0.3434398 0.007499992 0.0619443 0.3436846 0.006502628 0.06292837 0.3430054 -0.007499992 0.0619443 0.3436846 -0.006502628 0.06292837 0.3430054 -0.007425785 0.00234431 0.343087 -0.00650382 0.002242922 0.3420988 0.007425367 0.002344369 0.3430872 0.00650382 0.002242922 0.3420988 0.007425904 0.02280473 0.3405297 0.00650388 0.02265834 0.3395469 -0.007425367 0.02280473 0.3405297 -0.00650388 0.02265834 0.3395469 -0.00650388 0.04816854 0.3351761 -0.007425904 0.04827535 0.3361656 0.00650388 0.04816854 0.3351761 0.007426977 0.04827535 0.3361656 0.006999969 0.06299996 0.544499 0.006046593 0.06399166 0.5434064 -0.006999969 0.06299996 0.544499 -0.006046593 0.06399166 0.5434064 0.007499992 0.1153386 0.5440176 0.00650388 0.11604 0.5431181 -0.007499992 0.1153386 0.5440176 -0.00650388 0.11604 0.5431181 0.007499992 0.1189544 0.5445526 0.00650388 0.117969 0.5434036 -0.00650388 0.117969 0.5434036 -0.007499992 0.1189544 0.5445526</float_array>
          <technique_common>
            <accessor source="#Arm-mesh-positions-array" count="572" stride="3">
              <param name="X" type="float"/>
              <param name="Y" type="float"/>
              <param name="Z" type="float"/>
            </accessor>
          </technique_common>
        </source>
        <source id="Arm-mesh-normals">
          <float_array id="Arm-mesh-normals-array" count="3405">-1 0 0 -1 0 0 -1 0 0 0 1 0 0 -0.4855465 -0.8742109 0 -0.4104316 -0.9118914 0 -0.4104316 -0.9118914 -1 0 0 -1 0 0 -1 0 0 -1 0 0 0 -0.273701 -0.9618149 0 -0.1422833 -0.989826 0 -0.273701 -0.9618148 0 -0.4072019 0.9133383 0 -0.439749 0.8981208 0 -0.4397489 0.8981208 -0.9999256 -0.001031339 0.01216405 -1 0 0 0.9963648 -4.63177e-4 0.08518749 0.996364 -4.46849e-4 0.08519816 0.9963635 -4.46234e-4 0.08520406 -1 0 0 -1 0 0 -1 0 0 -1 0 0 -1 0 0 -1 0 0 -0.9995277 -0.002594232 0.03062152 -0.9995267 -0.002592742 0.03065347 -0.9995273 -0.002595186 0.03063452 -1 0 0 -1 0 0 0 -0.5503685 0.8349218 0 -0.5753577 0.8179019 0 -0.5753576 0.8179021 -1 0 0 -1 0 0 -1 0 0 -1 0 0 -1 0 0 -1 0 0 -1 0 0 -1 0 0 -1 0 0 -1 0 0 -1 0 0 -1 0 0 0 0.9409067 -0.3386661 0 0.8682766 -0.4960805 0 0.8682768 -0.4960803 -1 0 0 -1 0 0 -1 0 0 -1 0 0 -1 0 0 -1 0 0 -1 0 0 -1 0 0 -1 0 0 -1 0 0 -1 0 0 -1 0 0 -1 0 0 0 0.9593464 0.2822313 0 0.9891724 0.1467587 0 0.9891725 0.1467581 -1 0 0 -1 0 0 -1 0 0 -1 0 0 -1 0 0 -1 0 0 -1 0 0 -1 0 0 -1 0 0 -1 0 0 -1 0 0 -1 0 0 -1 0 0 -1 0 0 -1 0 0 -1 0 0 -1 0 0 -1 0 0 -1 0 0 -1 0 0 -1 0 0 -1 0 0 -1 0 0 -1 0 0 0 0.6031219 0.7976491 0 0.7299858 0.6834625 0 0.7299855 0.6834627 -1 0 0 -1 0 0 -1 0 0 -1 0 0 -1 0 0 -1 0 0 -0.9987196 -0.001676619 0.0505619 -0.999098 -0.001421451 0.04243957 -1 0 0 0 0.9363266 0.3511303 0 0.9363299 0.3511216 0 0.9363301 0.3511211 -1 0 0 -1 0 0 -1 0 0 -1 0 0 -1 0 0 -1 0 0 0 0.3230717 0.9463746 0 0.2329748 0.9724828 0 0.2329748 0.9724828 -1 0 0 -0.9995116 -1.65503e-4 0.03125023 -0.9979733 -3.39012e-4 0.06363254 -1 0 0 -0.996364 -4.5298e-4 0.08519846 -0.996366 -4.62547e-4 0.08517473 -0.9963648 -4.58877e-4 0.08518707 0 0.7245643 0.6892073 0 0.7729404 0.6344788 0 0.724564 0.6892075 0 -0.3785436 -0.9255836 0 -0.2007756 -0.9796373 0 -0.3785438 -0.9255834 0 0.7668695 0.6418031 0 0.99977 -0.02144688 0 0.7668712 0.6418011 0 0.7261552 -0.6875308 0 0.6750453 -0.7377763 0 0.7261554 -0.6875306 0 0.6043533 0.7967165 0 0.6687183 0.7435159 0 0.4071672 -0.9133538 0 0.339885 -0.9404671 0 0.4071672 -0.9133536 0 0.6750448 -0.7377768 0 0.6249662 -0.7806519 0 0.5394901 0.841992 0 -0.4724719 -0.8813458 0 -0.472472 -0.8813457 0 -0.752849 0.6581934 0 -0.7984545 0.6020552 0 -0.7528491 0.6581932 0 0.7781289 -0.6281047 0 -0.1422832 -0.989826 0 -0.09407562 -0.9955651 0 0.6249657 -0.7806524 0 0.5753718 -0.817892 -1 0 0 -1 0 0 -1 0 0 0 0.8761476 -0.482043 0 0.8291175 -0.5590746 0 0.8761476 -0.4820429 0 -0.7984545 0.6020553 0 -0.8678138 0.4968897 0 0.5247703 -0.851244 0 0.4694561 -0.8829559 0 0.5247703 -0.851244 0 -0.9870916 0.1601568 0 -0.9999971 -0.002447545 0 -0.9870917 0.1601565 0 0.9481201 -0.3179124 0 0.9164269 -0.4002021 0 0.9481202 -0.3179121 0 -0.9408264 0.3388892 0 -0.9408264 0.3388891 0 0.8291174 -0.5590746 0 -0.9891535 -0.1468857 0 -0.9593761 -0.2821304 0 -0.9891536 -0.1468857 0 0.987806 -0.1556898 0 0.971517 -0.23697 0 0.987806 -0.1556898 0 -0.9999971 -0.002447783 0 0.9164267 -0.4002026 0 -0.9089732 -0.4168547 0 -0.8334617 -0.5525775 0 -0.9089732 -0.4168545 0 0.9999408 0.01088213 0 0.9973586 -0.07263553 0 0.9999408 0.01088184 0 -0.9593763 -0.2821298 0 0.971517 -0.2369697 0 -0.7300575 -0.6833857 0 -0.6027341 -0.7979422 0 -0.7300574 -0.6833859 0 0.9838027 0.179255 0 0.9955689 0.09403574 0 0.9838026 0.1792553 0 0.06716638 -0.9977418 0 -2.65337e-4 -1 0 0.06716638 -0.9977418 0 -0.8334613 -0.5525779 0 0.9973586 -0.07263582 0 -0.1479648 -0.9889927 0 -0.2330553 -0.9724636 0 -0.1479648 -0.9889927 0 -0.4767317 -0.8790489 0 -0.3815149 -0.9243627 0 -0.4767318 -0.8790488 0 0.9336848 0.3580961 0 0.963249 0.2686102 0 0.2024495 -0.9792927 0 0.1345565 -0.990906 0 0.2024495 -0.9792927 0 0.9955688 0.09403604 0 -0.3229923 -0.9464017 0 -0.4025146 -0.9154136 0 -0.3229922 -0.9464017 0 -0.07079523 -0.9974909 0 -0.07079517 -0.9974909 0 0.8576275 0.5142716 0 0.8975042 0.4410062 0 0.8576275 0.5142716 0 0.339885 -0.9404671 0 0.2709593 -0.9625909 0 -0.381515 -0.9243627 0 -0.2817707 -0.9594818 0 0.963249 0.26861 0 0.1345565 -0.990906 0 -0.2817708 -0.9594818 0 -0.1939489 -0.9810117 0 0.7729403 0.6344788 0 0.816328 0.5775887 0 -0.4025148 -0.9154136 0 -0.4583489 -0.8887724 0 0.8975043 0.441006 0 0.6687186 0.7435156 0 -2.65338e-4 -1 0 0.8163278 0.5775889 0 -0.4583489 -0.8887724 0 0.5394901 0.841992 0 0.4694559 -0.882956 0 0.07072556 0.9974958 0 2.35976e-4 1 0 2.35973e-4 1 0 0.1478713 0.9890066 0 0.07072556 0.9974958 0 0.4027233 0.9153218 0 -0.2024308 0.9792966 0 -0.2709389 0.9625965 0 -0.2709391 0.9625965 0 -0.1345494 0.990907 0 -0.2024308 0.9792966 0 -0.06717193 0.9977414 0 -0.1345494 0.990907 0 -0.06717193 0.9977415 -1 0 0 -1 0 0 0 0.4584966 0.8886961 0 0.699563 0.714571 0 0.4584968 0.8886961 0 -0.2007755 -0.9796373 0 -0.1090785 -0.9940332 -1 0 0 -1 0 0 0 -0.3398814 0.9404684 0 -0.3398815 0.9404683 0 -0.6750094 0.7378092 0 -0.7261021 0.6875869 0 -0.7261025 0.6875865 0 -0.6249368 0.7806754 0 -0.6750096 0.737809 0 -0.6249373 0.7806751 0 -0.87614 0.4820568 0 -0.9164414 0.400169 0 -0.9164418 0.4001681 0 -0.829084 0.5591242 0 -0.8761398 0.4820572 0 -0.7780758 0.6281704 0 -0.8290838 0.5591246 0 -0.7780751 0.6281713 0 -0.9878051 0.1556953 0 -0.9973587 0.0726329 0 -0.9973588 0.07263219 0 -0.9715198 0.2369588 0 -0.9878052 0.1556951 0 -0.9481346 0.3178691 0 -0.9715199 0.2369585 0 -0.9481346 0.3178695 0 -0.9838134 -0.179196 0 -0.9632576 -0.2685796 0 -0.9632576 -0.2685795 0 -0.9955718 -0.09400534 0 -0.9838134 -0.1791959 0 -0.9999409 -0.01088362 0 -0.9955717 -0.09400522 0 -0.9999409 -0.01088303 0 -0.8575804 -0.5143499 0 -0.816305 -0.5776212 0 -0.8163046 -0.5776216 0 -0.8974655 -0.4410846 0 -0.8575809 -0.5143494 0 -0.933669 -0.3581371 0 -0.897466 -0.4410838 0 -0.9336692 -0.3581365 0 -0.6687678 -0.7434714 0 -0.6043128 -0.7967473 0 -0.6043131 -0.796747 0 -0.7245997 -0.6891701 0 -0.6687679 -0.7434713 0 -0.7729516 -0.634465 0 -0.7246001 -0.6891696 0 -0.772952 -0.6344646 0 -0.5389518 -0.8423367 0 -0.4855466 -0.8742109 0 -0.5389518 -0.8423365 -1 0 0 0 0.7926163 -0.609721 0 0.7926161 -0.609721 0 0.987014 -0.1606345 0 0.9409066 -0.3386662 -1 0 0 0 0.9999979 0.002070426 0 0.9870141 -0.160634 0 0.9999979 0.002071022 0 0.9088708 0.4170781 0 0.9593463 0.282232 -1 0 0 0 0.833313 0.5528014 0 0.9088708 0.4170778 0 0.8333134 0.5528011 0 0.4774541 0.8786568 0 0.6031221 0.797649 -1 0 0 0 0.3820138 0.9241567 0 0.4774542 0.8786567 0 0.343786 0.9390481 0 0.3820139 0.9241567 1 0 0 1 0 0 1 0 0 1 0 0 1 0 0 1 0 0 1 0 0 1 0 0 1 0 0 1 0 0 1 0 0 1 0 0 1 0 0 1 0 0 1 0 0 1 0 0 1 0 0 1 0 0 1 0 0 1 0 0 1 0 0 0.9995116 -1.67883e-4 0.03125023 1 0 0 1 0 0 1 0 0 0 0.9363286 -0.351125 0 0.936329 -0.3511239 0 0.9363291 -0.3511236 1 0 0 1 0 0 1 0 0 1 0 0 1 0 0 1 0 0 1 0 0 1 0 0 1 0 0 1 0 0 1 0 0 1 0 0 1 0 0 1 0 0 1 0 0 1 0 0 1 0 0 1 0 0 1 0 0 1 0 0 1 0 0 1 0 0 1 0 0 1 0 0 1 0 0 1 0 0 1 0 0 1 0 0 1 0 0 1 0 0 1 0 0 1 0 0 1 0 0 1 0 0 1 0 0 1 0 0 1 0 0 1 0 0 1 0 0 1 0 0 1 0 0 0.9999251 -0.001016259 0.01220434 0.9997794 -0.001742482 0.02093106 -1 0 0 0 0.9997702 -0.02144151 0 0.9212517 -0.3889671 1 0 0 1 0 0 1 0 0 0.9995246 -0.002561569 0.03072446 0.9995247 -0.002563953 0.03072625 0.9995254 -0.002556741 0.03070092 1 0 0 1 0 0 1 0 0 1 0 0 1 0 0 1 0 0 1 0 0 1 0 0 1 0 0 1 0 0 1 0 0 1 0 0 1 0 0 1 0 0 1 0 0 1 0 0 1 0 0 1 0 0 1 0 0 1 0 0 1 0 0 1 0 0 0.9987192 -0.001686871 0.0505681 1 0 0 0.9965797 -0.002752482 0.08259171 0.9965819 -0.002740502 0.08256649 0.9965812 -0.002747535 0.08257329 -1 0 0 -1 0 0 1 0 0 0 -0.407202 0.9133383 -1 0 0 1 0 0 1 0 0 1 0 0 0 0.5753717 -0.8178921 0 -0.8678137 0.4968897 0 -0.7373024 0.6755629 0 -0.7373026 0.6755627 0 0.7548883 -0.6558534 0 0.7548879 -0.6558538 0 0.1672649 -0.985912 0 0.1672679 -0.9859115 0 0.1672643 -0.9859122 0 -1 0 0 0.2040323 -0.9789643 0 0.01510161 -0.999886 0 0.01511031 -0.9998859 0 0.8669052 0.4984731 0 0.6995613 0.7145727 -1 0 0 0 0 1 0 -0.06286901 -0.9980218 0 -0.09371572 -0.995599 0 0.3713886 -0.9284776 0 0.3713906 -0.9284768 0 -0.1464933 -0.9892117 0 -0.09371572 -0.9955991 0 -0.1464932 -0.9892117 0 -0.1939489 -0.9810117 -0.9965873 -0.002766132 0.08249932 -0.9965859 -0.002750694 0.08251708 -0.9965853 -0.002775967 0.08252304 0 -0.2330553 -0.9724635 1 0 0 1.8461e-6 0.1464095 -0.9892241 1.93187e-7 0.1464083 -0.9892243 2.03928e-6 0.1464096 -0.9892241 0 -8.78818e-4 0.9999997 0 -8.82127e-4 0.9999997 0 -8.82127e-4 0.9999997 0 -8.78819e-4 0.9999997 0 -8.78819e-4 0.9999997 0 -8.78819e-4 0.9999997 0 -8.81171e-4 0.9999997 0 -8.84491e-4 0.9999997 0 -8.81171e-4 0.9999997 0 -8.84491e-4 0.9999997 1 0 0 -1 1.61529e-5 2.47359e-5 3.88324e-5 -0.7373133 0.6755509 -1 3.60608e-6 2.98023e-6 7.6592e-6 -0.7373064 0.6755585 1 1.7494e-5 2.22325e-5 1 2.02656e-6 4.17232e-6 -1 8.72836e-6 -1.42157e-5 6.73533e-4 0.07068228 0.9974988 5.81741e-4 2.68985e-4 0.9999999 -1 -3.63775e-5 1.19209e-6 8.6832e-4 0.1479105 0.9890004 -1 1.07437e-5 3.66569e-6 0.001057505 0.2329745 0.9724823 -1 -2.52277e-5 -2.39611e-5 0.001160025 0.3230799 0.946371 -1 1.39475e-5 1.7494e-5 6.22541e-4 -0.2709542 0.9625921 -1 3.22163e-5 -2.59876e-5 -1 1.1351e-5 -2.02656e-6 6.27518e-4 -0.2024396 0.9792945 -1 3.61539e-6 -1.56462e-5 6.30289e-4 -0.1345506 0.9909066 5.8496e-4 -0.0671631 0.9977418 -1 -5.99921e-5 1.07288e-5 -1 1.43498e-5 -4.51207e-5 -1 -1.32471e-5 -9.53674e-7 6.95616e-4 0.4027803 0.9152966 0.03425228 0.6975015 0.7157643 2.99275e-4 0.458468 0.8887109 0.9963644 -4.54664e-4 0.08519327 -0.07892191 0.993948 0.0764119 -0.1214827 0.6351233 -0.7627977 -1 2.42293e-5 1.37687e-5 6.99967e-4 -0.3398327 0.9404857 6.67542e-4 -0.4071669 0.9133536 -1 3.9041e-5 -4.58956e-6 -1 1.46925e-5 3.35574e-5 7.25836e-4 -0.7260797 0.6876102 -1 2.75671e-5 2.0355e-5 -1 3.53754e-5 9.89437e-6 5.54174e-4 -0.6749855 0.7378309 -1 -3.43621e-5 -9.80496e-6 5.18531e-4 -0.6249111 0.7806957 -1 -2.42293e-5 -2.75373e-5 0.001046359 -0.8761236 0.4820855 0.001045465 -0.9164281 0.4001981 -1 1.74046e-5 2.90573e-5 -1 -2.00868e-5 -2.80142e-5 -1 3.77297e-5 1.32918e-5 9.94861e-4 -0.8290645 0.5591522 8.6388e-4 -0.7780541 0.6281968 -1 -1.0848e-5 3.5964e-5 9.18388e-4 -0.9973561 0.07266497 -1 2.11895e-5 3.25665e-5 -1 -4.76837e-6 3.73721e-5 8.74996e-4 -0.9877998 0.1557275 8.91268e-4 -0.9481237 0.3179005 8.44866e-4 -0.9715114 0.2369914 -1 -6.10948e-6 -3.43919e-5 -1 -1.75834e-5 -3.66196e-5 0.001121461 -0.9632655 -0.2685487 -1 -3.8743e-7 -3.60012e-5 -1 5.0962e-6 -3.39746e-5 9.87262e-4 -0.9838191 -0.179162 -1 4.82798e-6 -3.37223e-5 8.56698e-4 -0.9955744 -0.09397339 8.6686e-4 -0.9999408 -0.01084947 -1 2.33352e-5 -2.27988e-5 7.66784e-4 -0.8575971 -0.5143217 6.07401e-4 -0.816322 -0.577597 -1 2.66433e-5 -2.00719e-5 9.68367e-4 -0.8974793 -0.4410558 -1 1.91033e-5 -2.71797e-5 0.00109291 -0.9336796 -0.3581079 -1 -7.15256e-7 -3.65525e-5 -1 2.67923e-5 -9.23872e-6 9.31293e-4 -0.6043235 -0.7967386 -1 2.48551e-5 -2.39909e-5 -1 9.89437e-6 -3.18587e-5 8.2761e-4 -0.6687889 -0.743452 -1 7.18236e-6 -2.8491e-5 6.91205e-4 -0.7246196 -0.6891488 6.42568e-4 -0.7729728 -0.6344389 -0.9995265 -0.002633213 0.03066164 0.001660048 -0.4104535 -0.91188 0.003665387 -0.2736828 -0.961813 -0.9998828 -0.001150488 0.01527202 -0.9995271 -0.002646863 0.03063601 -1 -1.01328e-5 -3.11732e-5 3.28481e-4 -0.4855639 -0.8742011 6.75023e-4 -0.5389798 -0.8423185 -1 4.04119e-5 -1.2517e-6 2.27392e-5 0.7548683 -0.6558765 -1 5.90682e-5 2.99215e-5 -1 -4.26173e-5 -6.4373e-6 0.001736223 0.7925888 -0.6097542 -1 -1.8388e-5 2.81408e-5 0.002918243 0.8682546 -0.4961106 0.00380212 0.9870033 -0.1606553 0.004589021 0.9408836 -0.3386989 -1 8.13603e-6 1.57058e-5 0.00284785 0.9999939 0.002049148 -1 -1.46031e-6 1.41785e-5 0.002367556 0.9891723 0.1467401 -1 1.90735e-6 9.56655e-6 0.002379894 0.9593589 0.2821789 -1 9.56655e-6 -6.21229e-5 -1 -7.6294e-6 -3.32147e-5 -1 -8.04663e-7 -8.52346e-6 0.002712666 0.9088657 0.4170801 -1 1.43051e-5 -4.64618e-5 0.003227233 0.8333373 0.5527554 0.003510653 0.6031398 0.7976278 0.003613591 0.7300059 0.6834315 -1 -9.38773e-6 -3.16799e-5 0.002009034 0.4774536 0.8786547 -1 -2.01911e-5 4.73857e-6 7.93636e-4 0.3819881 0.9241669 -1 2.61664e-5 1.46925e-5 0.09638625 0.7079545 0.69965 -6.71089e-4 0.07074785 0.9974941 1 8.52719e-6 -1.43945e-5 -5.81712e-4 2.02712e-4 0.9999999 -8.6689e-4 0.1479124 0.9890001 1 -3.70517e-5 -1.46031e-6 -0.001055836 0.2329733 0.9724826 1 1.13212e-5 2.08616e-6 -0.001159906 0.3230791 0.9463713 1 -2.52873e-5 -2.55704e-5 -6.24955e-4 -0.2709546 0.962592 1 1.42455e-5 1.64211e-5 1 2.98321e-5 -2.42889e-5 -6.25968e-4 -0.2024399 0.9792945 1 1.12951e-5 -4.94719e-6 -6.27488e-4 -0.1346165 0.9908976 1 3.75509e-6 -1.37985e-5 -5.86748e-4 -0.0671634 0.9977418 1 -5.94407e-5 9.17912e-6 1 1.55419e-5 -4.55379e-5 -6.94633e-4 0.4027223 0.915322 1 -1.18464e-5 2.41399e-6 -0.03425329 0.6975014 0.7157643 -3.03209e-4 0.4584696 0.88871 0.9990721 -0.001446306 0.04304617 0.9963693 -4.52459e-4 0.08513575 -7.00325e-4 -0.339895 0.9404632 1 2.59578e-5 1.06692e-5 -6.63906e-4 -0.4072276 0.9133265 1 3.76105e-5 -5.27501e-6 -6.80387e-4 -0.726125 0.6875625 1 -3.29018e-5 -1.37985e-5 1 -2.14875e-5 -2.79844e-5 -5.50896e-4 -0.6750341 0.7377864 1 -1.5229e-5 -3.32892e-5 -5.16474e-4 -0.6249619 0.7806551 1 2.00868e-5 2.864e-5 -0.001042902 -0.8761556 0.4820274 1 2.41399e-6 3.69847e-5 -0.001046836 -0.9164546 0.4001376 1 1.96099e-5 2.83122e-5 1 -1.68979e-5 -3.01898e-5 -9.92805e-4 -0.8291016 0.5590971 1 -3.99351e-6 -4.10676e-5 -8.62122e-4 -0.7780955 0.6281455 -9.17673e-4 -0.9973608 0.07259923 1 -1.94609e-5 -3.12775e-5 1 1.71959e-5 -3.60943e-5 -8.73268e-4 -0.9878098 0.155663 1 -2.15173e-5 -2.94074e-5 -8.88705e-4 -0.9481447 0.3178378 -8.45432e-4 -0.9715272 0.2369268 1 -3.72529e-6 -3.50475e-5 -0.001120984 -0.9632477 -0.2686125 1 -2.83122e-5 2.94819e-5 1 0 -3.53903e-5 -9.85861e-4 -0.9838071 -0.1792283 1 6.73532e-6 -3.38405e-5 -8.55118e-4 -0.9955682 -0.09403854 1 4.70877e-6 -3.29819e-5 -8.6686e-4 -0.9999401 -0.01091539 -7.61747e-4 -0.8575626 -0.5143792 1 1.92225e-5 -2.60472e-5 -6.12795e-4 -0.8162831 -0.5776519 -9.68277e-4 -0.89745 -0.4411152 1 3.23653e-5 -1.84476e-5 -0.001088321 -0.9336565 -0.3581682 1 1.96993e-5 -2.73287e-5 1 3.48687e-6 -3.41237e-5 -9.31412e-4 -0.6043232 -0.7967388 1 2.54214e-5 -1.27256e-5 1 2.49147e-5 -2.41399e-5 -8.30889e-4 -0.6687391 -0.7434967 1 1.80006e-5 -2.11e-5 -7.25597e-4 -0.7245741 -0.6891965 1 7.7188e-6 -2.91765e-5 -6.42896e-4 -0.7729302 -0.6344909 -0.001633524 -0.410426 -0.9118925 0.9995242 -0.002543985 0.03074079 -0.003644406 -0.2737001 -0.9618082 0.999882 -0.001174092 0.01532125 0.9995241 -0.002539575 0.03074461 -3.12358e-4 -0.485504 -0.8742344 1 -1.00434e-5 -3.0607e-5 -6.74933e-4 -0.5389787 -0.8423191 -0.001734673 0.792631 -0.6096992 1 -4.071e-5 -7.7188e-6 1 3.93093e-5 -5.06639e-7 -0.002920567 0.8682895 -0.4960495 1 -1.81496e-5 2.83718e-5 -0.003801107 0.9870147 -0.1605853 -0.004588663 0.9409078 -0.3386318 -0.002848029 0.9999937 0.002119183 1 6.94394e-6 1.5296e-5 -0.002365887 0.9891621 0.1468087 1 -1.3113e-6 1.32956e-5 -0.002379477 0.9593391 0.282246 1 5.66244e-7 9.32068e-6 1 8.04663e-6 -6.28084e-5 1 -7.89762e-6 -3.33712e-5 -0.002711236 0.9088658 0.4170801 1 8.9407e-7 -8.09133e-6 -0.003228783 0.833298 0.5528147 1 4.50909e-5 -1.76728e-5 -0.003511488 0.6031404 0.7976273 -0.003605186 0.7299576 0.683483 -0.002011001 0.4774541 0.8786544 1 -8.9407e-6 -3.10242e-5 -8.02577e-4 0.3819889 0.9241666 1 -1.95503e-5 6.55651e-6 -0.09638738 0.7079543 0.6996501 1 3.04431e-5 2.22623e-5 5.96911e-4 -3.01275e-4 -0.9999998 -1 -3.43155e-5 -2.55406e-5 -1 -3.15309e-5 1.60635e-5 6.89208e-4 -0.07083135 -0.9974882 -1 -3.14303e-5 -9.83477e-7 8.60184e-4 -0.1480011 -0.9889869 -1 -3.31998e-5 -1.0848e-5 0.001071035 -0.2330928 -0.972454 -1 -2.65539e-5 -9.38773e-6 6.09815e-4 0.2024143 -0.9792998 -1 -3.3319e-5 -1.78814e-7 6.31571e-4 0.2709267 -0.9625998 6.10024e-4 0.1345207 -0.9909107 -1 -3.12701e-5 -6.02007e-6 5.45055e-4 0.0671299 -0.9977442 -1 -3.19481e-5 -3.30806e-6 -1 -3.30843e-5 -1.20997e-5 6.98924e-4 -0.4025527 -0.9153966 0.001136362 -0.3230248 -0.9463899 2.75522e-4 -0.4583973 -0.8887475 -1 -1.37985e-5 3.09646e-5 -0.9990976 4.67911e-4 0.04247266 -1 -2.25753e-5 2.82526e-5 3.43323e-5 -0.4724756 -0.8813437 -0.996365 -4.30688e-4 0.08518636 4.48644e-4 0.5247491 -0.8512569 -1 -8.00192e-6 -2.43187e-5 -1 4.07398e-5 -2.02656e-5 5.40584e-4 0.4694121 -0.882979 -1 -4.31091e-5 1.57654e-5 6.37531e-4 0.4071354 -0.9133676 -1 -3.19183e-5 -5.1558e-6 6.82801e-4 0.3398535 -0.9404782 6.23524e-4 0.6750199 -0.7377994 -1 5.07236e-5 -1.51992e-6 6.79374e-4 0.7261313 -0.6875558 4.70668e-4 0.6249389 -0.7806736 -1 1.70767e-5 3.0905e-5 4.42237e-4 0.5753443 -0.8179113 -1 9.11951e-6 3.94881e-5 -1 -1.77026e-5 -2.98917e-5 0.00104326 0.9164132 -0.4002323 -1 3.71635e-5 1.43945e-5 -1 1.32024e-5 2.80142e-5 9.87262e-4 0.8290979 -0.5591028 0.001066625 0.8761305 -0.482073 8.51959e-4 0.7781067 -0.6281316 -1 -1.18613e-5 4.68194e-5 -1 2.41697e-5 2.36928e-5 8.26389e-4 0.9878008 -0.1557207 -1 1.42753e-5 2.48766e-5 8.79228e-4 0.9973557 -0.0726704 8.59499e-4 0.9715092 -0.2370004 -1 -3.38554e-5 3.63141e-5 -1 1.57058e-5 2.73734e-5 -1 3.20077e-5 2.59206e-5 9.59396e-4 0.9481092 -0.3179435 9.43094e-4 0.9838065 0.1792317 -1 -2.54214e-5 1.02818e-6 0.001121342 0.963258 0.2685757 8.70287e-4 0.9955711 0.0940085 -1 -4.61936e-5 1.84327e-5 8.38429e-4 0.9999408 0.01085597 -1 -1.5974e-5 2.60845e-5 -1 0 3.32259e-5 6.61403e-4 0.8163274 0.5775891 -1 -3.30806e-6 -6.16908e-6 -1 2.46465e-5 -1.87755e-6 7.82967e-4 0.8576318 0.5142639 -1 3.54648e-6 8.82149e-6 9.46224e-4 0.8975102 0.4409928 -1 -7.77841e-6 1.23978e-5 0.001067399 0.9336912 0.3580779 7.51317e-4 0.6687619 0.7434764 -1 -2.44081e-5 -3.02792e-5 8.67069e-4 0.6043807 0.7966953 7.05063e-4 0.7245779 0.6891925 -1 -3.25143e-5 -1.68085e-5 6.32703e-4 0.7729365 0.6344831 -1 2.88189e-5 -1.65105e-5 -1 -5.61476e-5 2.98023e-7 0.9995243 -0.00259149 0.03073418 7.7188e-6 -0.09408289 -0.9955644 -0.001106321 -0.141619 -0.9899206 -0.9995285 -0.002570629 0.03059548 0.1070315 0.6088293 -0.7860478 0.08507204 0.9963169 -0.010737 5.97835e-4 0.539525 0.8419694 -0.9998814 -0.001383364 0.01534187 0.07039517 0.7712159 0.6326694 -1 2.81334e-5 -1.2666e-5 2.36452e-4 -0.7528281 0.6582173 0.001180171 -0.798431 0.6020852 -1 -4.31836e-5 -6.85453e-6 0.002960562 -0.8678219 0.4968667 -1 -3.06964e-6 4.06206e-5 0.004656195 -0.940804 0.3389192 -1 3.19779e-5 1.20699e-5 -1 -3.06666e-5 -2.59653e-5 -1 5.06639e-6 3.30359e-5 0.003825604 -0.98708 0.1601828 -1 3.84748e-5 -3.17693e-5 0.002845108 -0.999993 -0.002419292 -1 2.57194e-5 -3.07821e-5 0.002410411 -0.9891554 -0.146853 -1 -1.71065e-5 2.8871e-5 0.00276798 -0.9089841 -0.4168218 0.002397596 -0.9593828 -0.2820976 0.003227591 -0.8334773 -0.5525442 -1 -1.43349e-5 2.81483e-5 0.003686428 -0.7300778 -0.6833541 -1 -3.44813e-5 1.4469e-5 -1 4.37796e-5 3.66569e-6 -1 -1.70469e-5 3.04878e-5 0.003601372 -0.6027539 -0.7979191 -1 3.01004e-5 -1.10865e-5 0.002053141 -0.4767578 -0.8790323 -1 2.45124e-5 -3.20077e-5 8.61317e-4 -0.3815475 -0.9243488 -0.9991497 -9.21041e-4 0.04122006 1 -3.31625e-5 -2.47955e-5 -5.97119e-4 -2.32939e-4 -0.9999999 1 -3.25199e-5 1.60336e-5 1 -3.28347e-5 -2.89083e-6 -6.88314e-4 -0.07076358 -0.9974929 1 -3.35574e-5 -1.0848e-5 -8.6236e-4 -0.1479334 -0.988997 1 -2.75821e-5 -1.23978e-5 -0.001070857 -0.2330253 -0.9724702 1 2.91169e-5 1.79708e-5 -6.08712e-4 0.2024827 -0.9792857 -6.31124e-4 0.270991 -0.9625818 1 -3.30508e-5 -5.24521e-6 -6.09338e-4 0.1345902 -0.9909012 1 -3.17767e-5 -3.03984e-6 -5.44906e-4 0.0671975 -0.9977396 1 -3.17711e-5 -1.19805e-5 -6.95795e-4 -0.4024886 -0.9154248 -0.001140177 -0.3229591 -0.9464123 1 -1.1757e-5 3.37064e-5 -2.75493e-4 -0.4583337 -0.8887802 0.9990975 4.60297e-4 0.04247373 1 -2.28286e-5 2.84612e-5 0.9963651 -4.31418e-4 0.08518588 -3.43919e-5 -0.4724802 -0.8813413 1 -5.33462e-6 -2.45571e-5 -4.48823e-4 0.5248071 -0.8512212 1 3.93391e-5 -2.14577e-5 1 1.62274e-5 4.42266e-5 -5.41985e-4 0.4694735 -0.8829464 1 2.92808e-5 1.70767e-5 -6.35833e-4 0.4071983 -0.9133396 -6.82801e-4 0.3399159 -0.9404557 1 5.42104e-5 -4.64916e-6 -6.28382e-4 0.6750711 -0.7377525 -6.84172e-4 0.7261788 -0.6875056 1 -2.81334e-5 -1.67191e-5 -4.7797e-4 0.6249927 -0.7806305 1 -3.74019e-5 -6.52671e-6 -4.44293e-4 0.5753993 -0.8178725 1 3.61502e-5 5.90086e-6 1 3.45707e-5 1.66297e-5 -0.001042783 0.9164409 -0.4001689 1 1.30832e-5 2.85059e-5 -9.8902e-4 0.8291366 -0.5590454 -0.00106287 0.8761641 -0.4820119 1 -1.0103e-5 4.61042e-5 -8.52167e-4 0.7781514 -0.6280761 1 -1.7494e-5 -2.82526e-5 1 1.26362e-5 2.34954e-5 -8.24541e-4 0.9878118 -0.155651 -8.77619e-4 0.9973608 -0.0726006 1 -3.5435e-5 3.72678e-5 -8.61317e-4 0.971526 -0.2369315 1 1.54972e-5 2.85059e-5 1 3.44217e-5 2.68519e-5 -9.58771e-4 0.9481315 -0.3178772 1 -2.55704e-5 1.05053e-6 -9.42767e-4 0.9837943 0.1792982 -0.001121401 0.9632391 0.2686433 1 -4.64618e-5 1.66669e-5 -8.68976e-4 0.9955645 0.09407782 1 -1.75238e-5 2.67569e-5 -8.38637e-4 0.99994 0.01092696 1 5.06639e-7 3.40752e-5 1 -4.76837e-7 -4.02331e-6 -6.52671e-4 0.8163276 0.577589 1 1.83284e-5 -7.53999e-6 1 -6.55651e-7 6.24359e-6 -7.86185e-4 0.857596 0.5143234 1 -1.15037e-5 9.46224e-6 -9.40442e-4 0.8974798 0.4410546 -0.00106275 0.9336917 0.3580765 1 -2.45869e-5 -2.99513e-5 -7.54923e-4 0.6687099 0.7435231 -8.67099e-4 0.6043809 0.7966951 1 -2.8789e-5 -1.5676e-5 -7.06762e-4 0.7245292 0.6892438 1 3.00109e-5 -1.58548e-5 -6.32375e-4 0.7729361 0.6344837 1 -5.57303e-5 -2.68221e-7 0.9998816 -0.001393318 0.01533097 -5.97388e-4 0.5394656 0.8420075 -0.07038044 0.7711828 0.6327115 1 2.8789e-5 -1.27256e-5 1 -4.48227e-5 -4.41074e-6 -0.001181066 -0.798471 0.6020323 -2.39611e-4 -0.7528715 0.6581674 1 -3.27826e-6 4.18127e-5 -0.002960503 -0.8678221 0.4968663 1 3.21865e-5 1.22488e-5 -0.004654467 -0.9408262 0.3388577 1 -3.00109e-5 -2.61925e-5 1 6.61612e-6 3.16203e-5 1 3.91304e-5 -3.15532e-5 -0.00382477 -0.9870799 0.1601836 1 2.64645e-5 -3.07038e-5 -0.002844452 -0.9999929 -0.002483963 1 -1.88649e-5 2.84463e-5 -0.002409696 -0.9891458 -0.1469184 -0.002771973 -0.9089567 -0.4168815 -0.002399563 -0.9593639 -0.2821614 1 -1.78516e-5 2.62558e-5 -0.003229856 -0.8334415 -0.5525984 1 -3.63886e-5 1.31428e-5 -0.00368607 -0.7300332 -0.6834017 1 4.34518e-5 1.75834e-6 1 -1.72257e-5 3.09646e-5 1 2.97427e-5 -1.12653e-5 -0.003602802 -0.6027013 -0.7979587 1 -3.61502e-5 -3.8147e-6 -0.002053081 -0.4766996 -0.879064 0.9991479 -9.36084e-4 0.04126387 -8.58128e-4 -0.3814853 -0.9243746 5.93066e-6 -1 -1.81496e-5 -1.4782e-5 -0.09408825 -0.9955639 -5.89899e-6 -1 -1.93715e-5 -0.9990721 -0.001446723 0.04304546 0.07892185 0.9939481 0.07641154 -0.9995267 -0.002544462 0.03065901 0.001085221 -0.141685 -0.9899112 0.999526 -0.002560138 0.03067851 -0.08507883 0.996317 -0.01068168 2.00272e-5 -0.4397493 0.8981207 0 -0.5503595 0.8349278 4.79281e-4 -0.5753294 0.8179218 -2.73883e-5 0.7548682 -0.6558766 1 6.32703e-5 2.72989e-5 -4.27365e-5 -0.4397447 0.8981229 3.15905e-6 -0.5503593 0.834928 -4.7943e-4 -0.5753855 0.8178823 -0.9963645 -4.5285e-4 0.0851916 -0.9963694 -4.5234e-4 0.08513504 1.76728e-5 0.1672515 -0.9859143 -2.91467e-5 1 8.96305e-6 -1.90678e-5 0.1672425 -0.9859158 1.11759e-5 0.1672847 -0.9859087 0.9963665 -4.84639e-4 0.085168 -1.18911e-5 0.1672863 -0.9859084 0.1214862 0.6351246 -0.7627961 -0.004622697 -0.1997587 -0.9798342 -0.004786908 -0.3785033 -0.9255877 0.004624366 -0.1998158 -0.9798226 -0.9963616 -5.2017e-4 0.08522516 1.49012e-7 -0.1090998 -0.9940308 4.18723e-5 -1 2.30223e-5 -2.68387e-7 -0.1091058 -0.9940302 0.9963615 -5.20145e-4 0.08522653 -1.24574e-5 -0.1090558 -0.9940357 1.24723e-5 -0.1090557 -0.9940357 -0.9963639 -4.88695e-4 0.08519774 9.02693e-6 0.01507389 -0.9998864 8.75266e-6 1 -1.43349e-5 -7.51018e-6 1 -2.72989e-5 2.86698e-5 -0.06287837 -0.9980213 3.58522e-5 -1 -2.33054e-5 -2.9017e-5 -0.06287825 -0.9980213 0.9965787 -0.00271064 0.08260571 -2.52992e-4 -0.1464715 -0.9892149 0.9965804 -0.00272721 0.08258408 3.98457e-5 -0.06283211 -0.9980241 0.9965813 -0.002779781 0.08257251 -0.9965853 -0.002709329 0.08252519 -2.73138e-5 -0.06284403 -0.9980233 -0.9965811 -0.002796173 0.08257424 2.24888e-4 -0.1465203 -0.9892076 4.11957e-4 -0.09351879 -0.9956175 -0.9965869 -0.002700209 0.08250707 0.00209105 -0.2817903 -0.9594737 2.93195e-4 -0.1939895 -0.9810036 0.9965813 -0.002753436 0.08257246 -2.67237e-4 -0.1939899 -0.9810036 0.9991306 -0.002341449 0.04162544 2.52575e-5 0.9363307 0.3511195 0.9965721 -0.002811253 0.08268165 -0.9991319 -0.002370893 0.04159277 -2.53618e-5 0.9363308 0.3511193 -0.9965832 -0.002766907 0.08255004 1.9297e-6 0.3713629 -0.9284878 -0.9965836 -0.002748787 0.08254456 0.9965829 -0.002766847 0.0825529 -1.96695e-6 0.3713626 -0.9284879 -0.02017426 0.1969994 -0.9801961 3.72529e-6 0.01515871 -0.9998852 0.996578 -0.002704799 0.08261293 -5.96046e-7 0.01515763 -0.9998852 -0.9965875 -0.00281018 0.08249533 -0.9965891 -0.002776086 0.08247774 -0.00205779 -0.2817698 -0.9594799 -3.72082e-5 -0.09400886 -0.9955714 -0.9995259 -0.002512931 0.03069084 -0.107033 0.6088286 -0.7860481 0.9995247 -0.002549469 0.0307269 -4.20035e-5 1 -9.95398e-6 -3.69501e-5 0.1464005 -0.9892254 3.48389e-5 0.1463909 -0.9892269 -0.9995269 -0.002590298 0.03064638 -2.3365e-5 0.1463633 -0.9892309 2.21133e-5 0.1463639 -0.9892309 0.9995246 -0.002547264 0.03072637 -1 0 0 -0.9997805 -0.001768589 0.02087843 0.9963642 -4.53036e-4 0.08519589 0.9963643 -4.59418e-4 0.08519381 0.9963648 -4.59239e-4 0.08518737 0.996365 -4.58881e-4 0.08518671 0.9963657 -4.48262e-4 0.08517777 0.9979733 -3.38832e-4 0.06363248 0.996366 -4.62458e-4 0.08517473 0.9963631 -4.47203e-4 0.08520871 0.9963657 -4.49169e-4 0.08517777 0.9963639 -4.53642e-4 0.08519828 -0.9995268 -0.00259453 0.0306527 -0.999527 -0.00258857 0.03064674 -0.9995266 -0.002593994 0.03065669 -0.9995269 -0.002590596 0.03064918 -0.9995266 -0.002593874 0.03065562 -0.9995269 -0.002590715 0.03065061 -0.9995266 -0.002597153 0.03065967 -0.9995271 -0.002590358 0.03064197 -0.9995275 -0.002596139 0.03063148 -0.9995265 -0.002597749 0.03066164 0 -0.5503684 0.834922 0 0.9363265 0.3511308 -0.9963634 -4.46219e-4 0.08520489 -0.9963639 -4.53661e-4 0.08519864 -0.9963628 -4.47319e-4 0.08521193 -0.9963657 -4.49159e-4 0.08517777 -0.9963639 -4.46703e-4 0.08519846 -0.9963657 -4.48231e-4 0.08517783 -0.9963647 -4.63331e-4 0.08518975 -0.9963648 -4.5865e-4 0.08518826 -0.9963644 -4.5865e-4 0.08519381 0 -0.09407556 -0.9955651 0 -0.1090788 -0.9940331 -1 0 0 0 0.343786 0.9390481 0 0.9363285 -0.3511253 1 0 0 0 0.921254 -0.3889618 0.999525 -0.002557575 0.03071659 0.9995248 -0.002554953 0.03071856 0.9995247 -0.002554357 0.0307244 0.9995251 -0.002555727 0.03070837 0.9995256 -0.002560496 0.03069484 0.9995257 -0.002570807 0.03068864 0.999525 -0.002556383 0.03071326 0.9995251 -0.002556622 0.03070938 0.9995256 -0.002558827 0.0306915 0.9995251 -0.002554535 0.03070849 0.9990971 -0.001417338 0.04246258 0.9965805 -0.002744793 0.08258265 0.9965816 -0.00274831 0.08256888 0.9965801 -0.002758204 0.08258694 0.9965821 -0.002716124 0.08256441 0.9965817 -0.002726078 0.08256918 0.9965809 -0.002764821 0.08257699 0.9965789 -0.002741158 0.08260172 0.9965811 -0.002743124 0.08257573 0.9965825 -0.002746701 0.08255845 0 0.1672685 -0.9859114 0 0.2040271 -0.9789652 0 0.8669079 0.4984686 -0.9965843 -0.00275892 0.0825355 -0.9965853 -0.00275588 0.08252346 -0.9965856 -0.002756416 0.08252048 -0.9965845 -0.002743005 0.08253383 -0.9965854 -0.002750813 0.08252197 -0.9965841 -0.00276184 0.08253884 -0.9965866 -0.002760946 0.08250826 -0.9965868 -0.002761721 0.08250546 -0.9965856 -0.002746462 0.08252096 0 0.1464082 -0.9892243 0 -8.78819e-4 0.9999997 0.004786133 -0.3785034 -0.9255875 0.9995244 -0.002617955 0.03073018 1.46738e-5 -0.09408932 -0.9955639 -1 3.10838e-5 2.12193e-5 1 3.23057e-5 1.74046e-5 2.73836e-5 1 1.82688e-5 -0.9963664 -4.84645e-4 0.08516967 -4.16602e-5 -1 1.79112e-5 0.9963639 -4.88639e-4 0.0851978 -9.08971e-6 0.01513457 -0.9998856 -3.57685e-5 -1 -2.31564e-5 -4.55111e-4 -0.09345078 -0.9956238 -0.9965827 -0.0027709 0.08255428 0.02017301 0.1969435 -0.9802073 0.9965798 -0.00275892 0.08259111 4.02629e-5 1 -1.66893e-6 -0.9995278 -0.002652049 0.03061431</float_array>
          <technique_common>
            <accessor source="#Arm-mesh-normals-array" count="1135" stride="3">
              <param name="X" type="float"/>
              <param name="Y" type="float"/>
              <param name="Z" type="float"/>
            </accessor>
          </technique_common>
        </source>
        <source id="Arm-mesh-map-0">
          <float_array id="Arm-mesh-map-0-array" count="6840">2.587205 0.8742861 2.491489 0.8831365 2.505694 0.8462171 0.1539263 -1.849594 0.2232208 -1.852043 0.2232208 -1.849594 0.08095204 0.7240782 0.1453347 0.7976528 0.08095216 0.7976531 2.747032 0.9095529 2.659562 0.9341008 2.66804 0.8955194 1.829935 -0.532374 1.821349 -0.6249051 1.858157 -0.6102228 0.1453349 0.8759756 0.08095264 0.9345585 0.08095192 0.8759757 0.156381 -0.7339268 0.2207646 -0.7068618 0.1563811 -0.7068618 2.899905 0.9176718 2.821439 0.9557746 2.823531 0.916421 1.612833 0.9563032 1.637888 0.9403567 1.668018 0.969044 1.924988 -0.7520178 1.94875 -0.6700137 1.909472 -0.675129 1.789852 -0.3699217 1.768413 -0.461562 1.806887 -0.4520676 2.971616 0.9151725 3.050304 0.9031381 2.999652 0.9540782 1.858157 -0.6102229 1.854851 -0.7017142 1.890679 -0.6847774 0.08095175 -1.560829 0.145336 -1.52145 0.08095175 -1.521451 1.909472 -0.6751289 1.941409 -0.5794206 1.901818 -0.5795526 1.975717 -0.3044429 1.971343 -0.4057427 2.010097 -0.3240554 1.782042 -0.1087495 1.757259 -0.007735073 1.742636 -0.1046175 1.934235 -0.3919832 1.947869 -0.4913305 1.971343 -0.4057427 1.77956 -0.2856725 1.750751 -0.3763512 1.789852 -0.3699217 0.06990629 -0.04491472 0.00552237 -0.1409786 0.06990605 -0.1409788 1.850707 0.176186 1.780965 0.09105181 1.819078 0.08021777 2.029826 -0.2243437 2.010097 -0.3240554 2.061007 -0.2487196 1.776715 -0.198797 1.742636 -0.1046175 1.737095 -0.1982746 2.163239 -0.09507018 2.256505 -0.08416026 2.238636 -0.0488978 1.890904 0.270909 1.905139 0.3826879 1.855116 0.2879106 2.093259 -0.1538891 2.186366 -0.1271573 2.163239 -0.09507018 1.79615 -0.01532256 1.780965 0.09105181 1.757259 -0.007735073 0.06990581 0.3425989 0.005522906 0.2471055 0.06990599 0.2471055 2.057048 0.5311165 1.962696 0.4727756 1.99516 0.4500705 2.360214 -1.189458 2.266331 -1.178448 2.340634 -1.22398 2.238636 -0.0488978 2.33039 -0.05392873 2.318634 -0.01621478 1.890904 0.270909 1.813623 0.1901391 1.850707 0.176186 2.603286 -1.293597 2.50412 -1.30193 2.592259 -1.331799 2.57503 -0.001244902 2.48737 -0.03338921 2.570137 -0.04034882 2.12384 0.6041876 2.16936 0.6986773 2.095911 0.632269 2.159811 -1.047644 2.197299 -1.129475 2.221339 -1.097925 2.488112 0.006054282 2.407406 -0.03702366 2.48737 -0.03338921 1.99516 0.4500705 1.905139 0.3826879 1.939382 0.3627598 2.691223 -1.314626 2.777843 -1.366926 2.781895 -1.327266 0.0699045 0.6976428 0.005523741 0.6111779 0.06990498 0.6111779 2.268539 0.7233847 2.325964 0.8054293 2.246252 0.7561109 2.053076 -0.9399289 2.07555 -1.022796 2.103732 -0.9949036 2.662332 -0.01587337 2.570137 -0.04034882 2.655092 -0.05454504 2.12384 0.6041875 2.026658 0.5565251 2.057048 0.5311165 2.221339 -1.097925 2.266331 -1.178448 2.288186 -1.145336 0.06990176 0.9609532 0.00552839 0.9664641 0.0055269 0.9609532 2.424724 0.8117033 2.491489 0.8831365 2.407909 0.8475292 2.781895 -1.327266 2.873383 -1.373088 2.874979 -1.33317 2.194517 0.6680942 2.246252 0.7561109 2.16936 0.6986773 2.103732 -0.9949036 2.133662 -1.077457 2.159811 -1.047644 2.668041 0.8955194 2.575739 0.9121208 2.587205 0.8742861 0.1563834 -1.557059 0.2207638 -1.467091 0.1563827 -1.46709 2.345442 0.7709654 2.407909 0.8475291 2.325964 0.8054293 2.92681 -1.333868 2.873383 -1.373088 2.964993 -1.374518 2.747032 0.9095529 2.821439 0.9557746 2.741809 0.9486654 2.94482 -1.298691 2.94058 -1.325704 2.974772 -1.308381 0.2961982 -2.605127 0.2318139 -2.515664 0.2318143 -2.605127 0.2961978 0.8699375 0.231815 0.9260315 0.2318151 0.8699379 0.2318148 -2.950954 0.2961989 -2.964892 0.2961989 -2.950954 0.2961941 -0.8449922 0.23181 -0.7582502 0.23181 -0.8449926 0.2961986 -2.776129 0.2318146 -2.692177 0.2318146 -2.776129 0.2961953 -0.3502445 0.231811 -0.2732463 0.2318112 -0.3502445 0.2961941 -0.7582502 0.23181 -0.6725063 0.23181 -0.7582502 0.2961989 -2.950954 0.2318148 -2.856485 0.2318148 -2.950954 0.2961982 0.7978711 0.2318151 0.8699378 0.231815 0.7978716 0.2207646 -0.6077061 0.1563808 -0.5138521 0.1563808 -0.6077061 0.2961947 -0.9324033 0.23181 -0.8449926 0.2318101 -0.9324036 0.1453347 0.9345588 0.08321505 0.9870527 0.08095264 0.9345585 0.2961941 -0.6725063 0.2318105 -0.5884023 0.23181 -0.6725063 1.931839 -0.8420903 1.98329 -0.8401815 1.939471 -0.7904823 0.2961952 -1.112049 0.2318105 -1.021105 0.2318105 -1.112049 0.2207646 -0.5138521 0.1563808 -0.4235854 0.1563808 -0.5138521 0.2961948 -0.5066495 0.2318106 -0.4276033 0.2318105 -0.5066495 0.2207646 -0.2482815 0.1563806 -0.1586747 0.1563808 -0.2482817 0.2961953 -1.304735 0.2318112 -1.20632 0.2318112 -1.304735 0.2207646 -0.336118 0.1563808 -0.2482817 0.1563808 -0.336118 0.2961948 -1.021105 0.2318101 -0.9324036 0.2318105 -1.021105 0.2207646 -0.06846642 0.1563806 0.02016544 0.1563806 -0.06846642 0.2961956 -1.511482 0.231811 -1.406743 0.2318115 -1.511482 0.2207646 -0.1586747 0.1563806 -0.06846642 0.1563806 -0.1586747 0.2961953 -1.20632 0.2318106 -1.112049 0.2318112 -1.20632 0.2207646 0.1051769 0.1563808 0.1866779 0.1563808 0.1051769 0.2961965 -1.725687 0.2318122 -1.618107 0.2318127 -1.725687 0.2207646 0.02016544 0.1563808 0.1051769 0.1563806 0.02016544 0.2961951 -1.406743 0.2318112 -1.304735 0.231811 -1.406743 0.2207646 0.2656846 0.1563807 0.3436866 0.1563807 0.2656846 0.2961977 -1.93881 0.2318129 -1.833004 0.2318136 -1.938811 0.296196 0.05236864 0.2318125 0.1398458 0.2318127 0.05236905 0.2207646 0.1866775 0.1563806 0.2656846 0.1563808 0.1866779 0.2961962 -1.618107 0.2318115 -1.511482 0.2318122 -1.618107 0.2961971 0.3218179 0.2318137 0.415309 0.2318133 0.3218179 0.2207646 0.4229927 0.1563809 0.5055304 0.1563807 0.4229922 0.2961979 -2.141381 0.2318139 -2.041895 0.2318139 -2.141382 0.2961962 -0.1151375 0.2318122 -0.03260469 0.2318115 -0.1151371 0.2207646 0.3436866 0.1563807 0.4229922 0.1563807 0.3436866 0.2961972 -1.833004 0.2318127 -1.725687 0.2318129 -1.833004 0.2961972 0.5099154 0.2318141 0.6052904 0.2318136 0.5099158 0.2961971 0.2298264 0.2318133 0.3218179 0.2318132 0.2298264 0.2961979 -2.331954 0.2318139 -2.237805 0.2318139 -2.331954 0.296195 -0.2732467 0.2318115 -0.1952648 0.231811 -0.2732463 0.2207646 0.5055304 0.1563807 0.5913649 0.1563809 0.5055304 0.2961979 -2.041895 0.2318136 -1.938811 0.2318139 -2.041895 0.296196 -0.03260511 0.2318127 0.05236905 0.2318122 -0.03260469 0.2207645 0.5913649 0.156381 0.6517295 0.1563807 0.5913649 0.2961981 -2.515664 0.2318139 -2.424458 0.2318139 -2.515664 0.2961979 0.60529 0.2318142 0.7013345 0.2318141 0.6052904 0.2961979 -2.237805 0.2318139 -2.141382 0.2318139 -2.237805 0.2961955 -0.1952652 0.2318115 -0.1151371 0.2318115 -0.1952648 0.2961986 -2.692177 0.2318143 -2.605127 0.2318146 -2.692177 0.2961964 0.1398458 0.2318132 0.2298264 0.2318125 0.1398458 0.2961979 -2.424458 0.2318139 -2.331954 0.2318139 -2.424458 0.2961978 0.7013345 0.231815 0.7978716 0.2318142 0.7013345 0.2961989 -2.856485 0.2318146 -2.776129 0.2318148 -2.856485 0.2961952 -0.4276033 0.2318112 -0.3502445 0.2318106 -0.4276033 0.156382 -1.289741 0.2207645 -1.203252 0.1563817 -1.203252 0.1563823 -1.377891 0.2207644 -1.289741 0.156382 -1.289741 0.1563827 -1.46709 0.2207639 -1.377891 0.1563823 -1.377891 0.1563838 -1.648205 0.2207633 -1.557059 0.1563834 -1.557059 0.1563814 -0.9583685 0.2207648 -0.881731 0.1563813 -0.8817313 0.1563815 -1.037491 0.2207648 -0.9583684 0.1563814 -0.9583685 0.1563816 -1.119112 0.2207647 -1.037491 0.1563815 -1.037491 0.1563817 -1.203252 0.2207646 -1.119112 0.1563816 -1.119112 2.437158 -1.229701 2.340634 -1.22398 2.420053 -1.265533 0.156385 -1.741189 0.2207626 -1.648205 0.1563839 -1.648205 0.1563861 -1.788559 0.2207617 -1.741189 0.156385 -1.741189 0.2961977 0.9260312 0.2341054 0.9870529 0.231815 0.9260315 1.975291 -0.9056914 1.991836 -0.859673 1.931839 -0.8420903 0.1563813 -0.8817313 0.2207645 -0.807332 0.156381 -0.807332 0.08095169 -1.357936 0.1453356 -1.274741 0.08095145 -1.274741 0.08095169 -1.440417 0.1453356 -1.357935 0.08095169 -1.357936 0.08095175 -1.521451 0.1453356 -1.440417 0.08095169 -1.440417 0.08095139 -1.020308 0.1453356 -0.9305537 0.08095145 -0.9305537 0.08095145 -1.106785 0.1453354 -1.020308 0.08095139 -1.020308 0.08095145 -1.191237 0.1453356 -1.106785 0.08095145 -1.106785 0.08095145 -1.274741 0.1453356 -1.191237 0.08095145 -1.191237 0.08095139 -0.6380282 0.1453354 -0.535542 0.08095139 -0.535542 0.08095139 -0.7386651 0.1453354 -0.6380282 0.08095139 -0.6380282 0.08095139 -0.836503 0.1453354 -0.7386651 0.08095139 -0.7386651 0.08095145 -0.9305537 0.1453354 -0.8365026 0.08095139 -0.836503 0.08095145 -0.2273498 0.1453351 -0.1288051 0.08095121 -0.1288051 0.08095139 -0.3288989 0.1453356 -0.2273502 0.08095145 -0.2273498 0.08095139 -0.4320951 0.1453354 -0.3288989 0.08095139 -0.3288989 0.08095139 -0.535542 0.1453354 -0.4320955 0.08095139 -0.4320951 0.08095121 0.1479806 0.1453351 0.2367439 0.08095121 0.2367439 0.08095121 0.05796003 0.1453351 0.1479806 0.08095121 0.1479806 0.08095139 -0.03398489 0.1453351 0.05796003 0.08095121 0.05796003 0.08095121 -0.1288051 0.1453352 -0.03398507 0.08095145 -0.03398489 0.08095133 0.4934525 0.1453354 0.5732693 0.08095186 0.5732689 0.08095127 0.4102588 0.145335 0.4934521 0.08095133 0.4934525 0.08095127 0.3244104 0.1453351 0.4102588 0.08095127 0.4102588 0.08095121 0.2367439 0.1453351 0.3244104 0.08095127 0.3244104 0.2268846 -2.996949 0.3011291 -2.999408 0.3011291 -2.996949 0.08095192 0.6496834 0.1453353 0.7240777 0.08095204 0.7240782 0.08095186 0.5732689 0.1453354 0.6496831 0.08095198 0.6496834 1.924988 -0.7520179 1.891875 -0.774276 1.939471 -0.7904823 0.06990611 -0.1409788 0.00552231 -0.2374858 0.06990611 -0.2374858 0.06990617 0.0520401 0.005522608 -0.04491472 0.06990629 -0.04491472 2.093259 -0.1538891 2.061007 -0.2487196 2.120764 -0.1823369 0.06990611 0.149722 0.005522489 0.0520401 0.06990617 0.0520401 0.06990599 0.2471055 0.005522787 0.149722 0.06990611 0.149722 0.06990563 0.4347329 0.005523085 0.3425989 0.06990581 0.3425989 2.40225 0.002113342 2.33039 -0.05392873 2.407406 -0.03702366 0.06990534 0.5239225 0.005523264 0.4347329 0.06990563 0.4347329 0.06990498 0.6111779 0.005523562 0.5239225 0.06990534 0.5239225 0.06990385 0.7843566 0.005524456 0.6976428 0.0699045 0.6976428 2.518403 -1.264857 2.420052 -1.265533 2.50412 -1.30193 0.06990295 0.8721209 0.005525112 0.7843566 0.06990385 0.7843566 0.06990176 0.9609532 0.005525708 0.8721209 0.06990295 0.8721209 0.9303662 0.7686308 0.8364827 0.7576202 0.8583372 0.7245083 1.173438 0.8727705 1.074272 0.8811035 1.088555 0.84403 0.7299638 0.6268159 0.7674508 0.7086476 0.7038137 0.6566293 1.261374 0.8937996 1.347995 0.9461014 1.253963 0.9329085 0.6232283 0.5191003 0.6457022 0.6019677 0.5931057 0.5448789 0.7914911 0.6770976 0.8364827 0.7576202 0.7674508 0.7086476 1.352047 0.9064405 1.443535 0.9522624 1.347995 0.9461014 0.6738846 0.574075 0.7038137 0.6566293 0.6457023 0.6019677 1.00731 0.8088737 0.9107861 0.8031529 0.9303662 0.7686308 1.496962 0.9130435 1.443535 0.9522624 1.445131 0.9123447 0.6232282 0.5191003 0.5454433 0.4848624 0.577355 0.4613381 0.1563878 -1.804545 0.2207568 -1.825266 0.2207589 -1.804545 0.5454433 0.4848624 0.5619887 0.438844 0.577355 0.4613381 0.3770403 0.03123795 0.362392 0.1237702 0.3385668 0.04073178 0.3600063 -0.05090802 0.3385668 0.04073178 0.3209052 -0.04447853 0.42831 0.1893934 0.4250034 0.2808847 0.3915019 0.2040758 0.4250034 0.2808847 0.495141 0.3311887 0.4620275 0.3534466 0.3521965 -0.3120805 0.3274139 -0.4130944 0.3663045 -0.4055069 0.3497139 -0.1351572 0.3209052 -0.04447853 0.3102075 -0.1321055 0.4208616 -0.5970156 0.3511195 -0.5118812 0.3837773 -0.6109688 0.3468695 -0.2220325 0.3127902 -0.3162123 0.3521965 -0.3120805 0.4610583 -0.6917381 0.4752936 -0.8035165 0.5095367 -0.7835884 0.3663045 -0.4055069 0.3511195 -0.5118812 0.3892324 -0.5010475 0.6272032 -0.9519446 0.5328512 -0.8936042 0.5968134 -0.9773533 0.4610583 -0.6917381 0.3837773 -0.6109688 0.4252709 -0.7087397 0.693996 -1.025015 0.7395157 -1.119505 0.764673 -1.088921 0.5653148 -0.8708991 0.4752936 -0.8035165 0.5328512 -0.8936042 0.8386945 -1.144212 0.8961196 -1.226256 0.9155976 -1.191792 0.693996 -1.025015 0.5968134 -0.9773534 0.6660666 -1.053097 0.9948799 -1.23253 1.061645 -1.303962 1.07585 -1.267043 0.764673 -1.088921 0.816408 -1.176938 0.8386945 -1.144212 1.238196 -1.316345 1.145895 -1.332947 1.229717 -1.354927 0.9155976 -1.191792 0.9780652 -1.268356 0.9948799 -1.23253 1.317187 -1.330378 1.391595 -1.3766 1.393686 -1.337246 1.15736 -1.295112 1.061645 -1.303962 1.145895 -1.332947 1.470059 -1.338497 1.391595 -1.3766 1.48393 -1.378143 1.317187 -1.330378 1.229717 -1.354927 1.311964 -1.36949 1.901818 -0.5795526 1.947869 -0.4913305 1.908871 -0.4846129 0.2318148 -2.964892 0.2961989 -2.977401 0.2961989 -2.964892 0.4796248 0.2542995 0.5115625 0.1585915 0.5189033 0.2491845 1.682744 -1.310803 1.67656 -1.304999 1.634555 -1.338119 0.5458704 -0.1163864 0.5414968 -0.01508659 0.5043885 -0.02884608 0.4951411 0.3311886 0.5189033 0.2491845 0.5356702 0.3418939 0.5043885 -0.02884608 0.5180225 0.07050096 0.4790246 0.06378358 0.6634135 -0.2669398 0.6311615 -0.1721089 0.5999797 -0.1964853 0.5999797 -0.1964853 0.5802509 -0.09677338 0.5458704 -0.1163864 0.7333936 -0.3257591 0.826659 -0.3366686 0.7565206 -0.2936717 0.6634135 -0.2669399 0.7565206 -0.2936717 0.6909185 -0.2384919 0.9724046 -0.422942 0.9005454 -0.3669003 0.8887893 -0.4046142 0.8087906 -0.3719316 0.9005454 -0.3669003 0.826659 -0.3366686 1.145185 -0.4195836 1.057524 -0.3874396 1.058267 -0.4268829 1.058267 -0.4268829 0.9775605 -0.3838051 0.9724045 -0.422942 1.088555 0.8440299 0.9902042 0.8447062 1.00731 0.8088737 1.232488 -0.4049547 1.140292 -0.3804791 1.145185 -0.4195836 1.354059 -0.3588581 1.5048 -0.2731838 1.404291 -0.3047434 1.806887 -0.4520676 1.792239 -0.5445998 1.829935 -0.532374 1.98329 -0.8401815 1.965517 -0.762723 1.939471 -0.7904823 1.924988 -0.7520179 1.854851 -0.7017142 1.891875 -0.7742759 0.3468695 -0.2220325 0.3102074 -0.1321055 0.3072499 -0.2225551 0.4000881 0.1115444 0.3915019 0.2040758 0.362392 0.1237702 0.156381 -0.807332 0.2207649 -0.7339268 0.156381 -0.7339268 1.776715 -0.198797 1.740053 -0.2887243 1.77956 -0.2856725 0.5534429 0.4193524 0.5019921 0.4212616 0.5096238 0.3696532 0.2961948 -0.5884028 0.2318105 -0.5066495 0.2318105 -0.5884023 0.2207642 -0.4235852 0.1563808 -0.336118 0.1563808 -0.4235854 0.2207647 -0.6870634 0.1563808 -0.6077061 0.156381 -0.6870634 0.06990611 -0.2374858 0.005522251 -0.280309 0.06990617 -0.280309 1.965517 -0.762723 1.924988 -0.7520179 1.939471 -0.7904823 0.2207568 -1.825266 0.1582357 -1.839689 0.2189113 -1.839688 0.4951412 0.3311887 0.5356702 0.3418939 0.5096238 0.3696532 0.5356702 0.3418939 0.5534428 0.4193525 0.5096238 0.3696532 0.4620276 0.3534467 0.4951412 0.3311887 0.5096238 0.3696532 1.891875 -0.774276 1.931839 -0.8420904 1.939471 -0.7904823 0.2986539 0.9969326 0.2293593 0.9994078 0.2293593 0.9969329 0.005530416 0.9722533 0.06804084 0.9870532 0.007387995 0.9870532 0.1563862 -1.788559 0.2207589 -1.804545 0.2207605 -1.788559 2.053076 -0.9399289 1.975291 -0.9056914 2.022953 -0.9657074 2.758749 -1.490711 2.812205 -1.421416 2.758749 -1.421416 2.544925 -1.490711 2.598381 -1.421416 2.544925 -1.421416 2.598381 -1.490711 2.651837 -1.421416 2.598381 -1.421416 2.651837 -1.490711 2.705293 -1.421416 2.651837 -1.421416 2.705293 -1.490711 2.758749 -1.421416 2.705293 -1.421416 0.1587463 0.9870536 0.2207655 0.8816705 0.2184013 0.9870531 0.06990027 0.9664641 0.005530416 0.9722533 0.00552839 0.9664641 0.1477906 0.9969274 0.07849621 0.9994078 0.07849621 0.9969277 0.2232213 0.99692 0.1539263 0.9994078 0.1539263 0.9969202 0.2207644 0.7798352 0.1563816 0.8816705 0.1563808 0.7798352 0.2207645 0.6517288 0.1563808 0.7798352 0.156381 0.6517295 3.091528 -1.856984 3.160823 -1.748092 3.091528 -1.748092 2.713448 -0.02190637 2.650879 0.01420164 2.666983 9.73255e-4 0.07236182 0.9969139 0.003066778 0.9994078 0.003066778 0.9969139 3.091528 -1.493656 3.160823 -1.421416 3.091528 -1.421416 3.091528 -1.574705 3.160823 -1.493656 3.091528 -1.493656 3.091528 -1.748092 3.160823 -1.574705 3.091528 -1.574705 0.2961975 0.415309 0.2318136 0.5099158 0.2318137 0.415309 1.261374 0.8937996 1.16241 0.9109726 1.173438 0.8727705 0.5019921 0.4212616 0.4620276 0.3534467 0.5096238 0.3696532 0.2961989 -2.977401 0.2318148 -2.987053 0.2961989 -2.987053 2.81339 -1.421416 2.868781 -1.495166 2.868781 -1.421911 3.034953 -1.423396 3.090344 -1.493186 3.090344 -1.423891 2.979562 -1.422901 3.034953 -1.493681 3.034953 -1.423396 2.905097 -1.422235 2.979562 -1.494176 2.979562 -1.422901 2.868781 -1.421911 2.905097 -1.494841 2.905097 -1.422235 0.4719715 0.1587231 0.5180225 0.07050096 0.5115625 0.1585915 0.08095216 0.7976531 0.1453349 0.8759757 0.08095192 0.8759756 0.1514508 -0.7068619 0.156381 -0.6969626 0.1514508 -0.6859466 0.2207647 -0.6870634 0.2256948 -0.6969626 0.2256948 -0.6870633 0.1514508 -1.203252 0.156382 -1.289741 0.1563817 -1.203252 0.1514508 -1.289741 0.1563823 -1.377891 0.156382 -1.289741 0.1514508 -1.377891 0.1563827 -1.46709 0.1563823 -1.377891 0.1514508 -1.46709 0.1563834 -1.557059 0.1563827 -1.46709 0.1514508 -0.9583685 0.1563813 -0.8817313 0.1514508 -0.8817313 0.1514508 -1.037491 0.1563814 -0.9583685 0.1514508 -0.9583685 0.1514508 -1.119112 0.1563815 -1.037491 0.1514508 -1.037491 0.1514508 -1.203252 0.1563816 -1.119112 0.1514508 -1.119112 0.1514508 -1.648205 0.1563834 -1.557059 0.1514511 -1.557059 0.1514511 -1.741189 0.1563839 -1.648205 0.1514508 -1.648205 0.1514511 -1.741189 0.1563861 -1.788559 0.156385 -1.741189 0.2256956 -1.825266 0.2207589 -1.804545 0.2207568 -1.825266 0.1514506 -0.7339268 0.156381 -0.807332 0.156381 -0.7339268 0.1514508 -0.8817313 0.156381 -0.807332 0.1514506 -0.807332 0.07602143 -1.357936 0.08095145 -1.274741 0.07602119 -1.274741 0.07602143 -1.440417 0.08095169 -1.357936 0.07602143 -1.357936 0.07602143 -1.521451 0.08095169 -1.440417 0.07602143 -1.440417 0.07602119 -0.9305537 0.08095139 -1.020308 0.08095145 -0.9305537 0.07602119 -1.106785 0.08095139 -1.020308 0.07602119 -1.020308 0.07602119 -1.191237 0.08095145 -1.106785 0.07602119 -1.106785 0.07602119 -1.274741 0.08095145 -1.191237 0.07602119 -1.191237 0.07602119 -0.6380282 0.08095139 -0.535542 0.07602119 -0.535542 0.07602119 -0.7386651 0.08095139 -0.6380282 0.07602119 -0.6380282 0.07602119 -0.7386651 0.08095139 -0.836503 0.08095139 -0.7386651 0.07602119 -0.836503 0.08095145 -0.9305537 0.08095139 -0.836503 0.07602119 -0.2273497 0.08095121 -0.1288051 0.07602095 -0.1288051 0.07602119 -0.3288989 0.08095145 -0.2273498 0.07602119 -0.2273497 0.07602119 -0.4320951 0.08095139 -0.3288989 0.07602119 -0.3288989 0.07602119 -0.4320951 0.08095139 -0.535542 0.08095139 -0.4320951 0.07602095 0.2367439 0.08095121 0.1479806 0.08095121 0.2367439 0.07602095 0.1479806 0.08095121 0.05796003 0.08095121 0.1479806 0.07602095 0.05796003 0.08095139 -0.03398489 0.08095121 0.05796003 0.07602119 -0.03398489 0.08095121 -0.1288051 0.08095145 -0.03398489 0.07602095 0.4934526 0.08095186 0.5732689 0.07602143 0.5732689 0.07602095 0.4102588 0.08095133 0.4934525 0.07602095 0.4934526 0.07602095 0.3244104 0.08095127 0.4102588 0.07602095 0.4102588 0.07602095 0.3244104 0.08095121 0.2367439 0.08095127 0.3244104 0.07602095 0.8759756 0.08095216 0.7976531 0.08095192 0.8759756 0.07602143 0.7256335 0.08095216 0.7976531 0.07602143 0.7973867 0.07602143 0.6496835 0.08095204 0.7240782 0.07602143 0.7240782 0.07602143 0.6496835 0.08095186 0.5732689 0.08095198 0.6496834 0.07483649 -0.2378302 0.06990617 -0.280309 0.07483649 -0.280309 0.07483649 -0.1413583 0.06990611 -0.2374858 0.07483649 -0.2372406 0.07483673 -0.04539328 0.06990605 -0.1409788 0.07483649 -0.140595 0.07483673 -0.04443514 0.06990617 0.0520401 0.06990629 -0.04491472 0.07483673 0.05247366 0.06990611 0.149722 0.06990617 0.0520401 0.07483673 0.1500976 0.06990599 0.2471055 0.06990611 0.149722 0.07483673 0.2474505 0.06990581 0.3425989 0.06990599 0.2471055 0.07483673 0.4343607 0.06990581 0.3425989 0.07483673 0.3429448 0.07483673 0.5235182 0.06990563 0.4347329 0.07483673 0.4351066 0.07483673 0.6107453 0.06990534 0.5239225 0.07483673 0.5243278 0.07483673 0.6116112 0.0699045 0.6976428 0.06990498 0.6111779 0.07483673 0.6980715 0.06990385 0.7843566 0.0699045 0.6976428 0.07483673 0.7846847 0.06990295 0.8721209 0.06990385 0.7843566 0.07483673 0.8723306 0.06990176 0.9609532 0.06990295 0.8721209 0.2207644 -1.289741 0.2256953 -1.203252 0.2207645 -1.203252 0.2207639 -1.377891 0.2256956 -1.289741 0.2207644 -1.289741 0.2207638 -1.467091 0.2256953 -1.377891 0.2207639 -1.377891 0.2207633 -1.557059 0.2256956 -1.467091 0.2207638 -1.467091 0.2207648 -0.881731 0.2256953 -0.9583683 0.2256953 -0.881731 0.2207648 -0.9583684 0.2256953 -1.037491 0.2256953 -0.9583683 0.2207647 -1.037491 0.2256953 -1.119112 0.2256953 -1.037491 0.2207646 -1.119112 0.2256953 -1.203252 0.2256953 -1.119112 0.2207633 -1.557059 0.2256956 -1.648205 0.2256956 -1.557059 0.2207626 -1.648205 0.2256956 -1.741189 0.2256956 -1.648205 0.2207605 -1.788559 0.2256956 -1.741189 0.2207617 -1.741189 0.2256956 -1.789932 0.2207589 -1.804545 0.2256956 -1.804545 0.2207645 -0.807332 0.2256953 -0.7339268 0.2207649 -0.7339268 0.2207645 -0.807332 0.2256953 -0.881731 0.2256948 -0.807332 0.1453356 -1.274741 0.1502659 -1.357935 0.1502659 -1.274741 0.1453356 -1.357935 0.1502659 -1.440417 0.1502659 -1.357935 0.1453356 -1.440417 0.1502664 -1.52145 0.1502659 -1.440417 0.1453354 -1.020308 0.1502659 -0.9305537 0.1453356 -0.9305537 0.1453354 -1.020308 0.1502659 -1.106785 0.1502656 -1.020308 0.1453356 -1.106785 0.1502659 -1.191236 0.1502659 -1.106785 0.1453356 -1.191237 0.1502659 -1.274741 0.1502659 -1.191236 0.1453354 -0.535542 0.1502656 -0.6380282 0.1502656 -0.535542 0.1453354 -0.6380282 0.1502656 -0.7386651 0.1502656 -0.6380282 0.1453354 -0.8365026 0.1502656 -0.7386651 0.1453354 -0.7386651 0.1453356 -0.9305537 0.1502656 -0.8365026 0.1453354 -0.8365026 0.1453351 -0.1288051 0.1502659 -0.2273502 0.1502654 -0.1288051 0.1453356 -0.2273502 0.1502656 -0.3288989 0.1502659 -0.2273502 0.1453354 -0.3288989 0.1502656 -0.4320955 0.1502656 -0.3288989 0.1453354 -0.535542 0.1502656 -0.4320955 0.1453354 -0.4320955 0.1453351 0.1479806 0.1502654 0.2367439 0.1453351 0.2367439 0.1453351 0.05796003 0.1502654 0.1479806 0.1453351 0.1479806 0.1453352 -0.03398507 0.1502654 0.05796003 0.1453351 0.05796003 0.1453351 -0.1288051 0.1502654 -0.03398513 0.1453352 -0.03398507 0.1453354 0.5732693 0.1502654 0.4934521 0.1502659 0.5732694 0.145335 0.4934521 0.1502654 0.4102588 0.1502654 0.4934521 0.1453351 0.4102588 0.1502654 0.3244104 0.1502654 0.4102588 0.1453351 0.2367439 0.1502654 0.3244104 0.1453351 0.3244104 0.1453347 0.7976528 0.1502659 0.8759756 0.1453349 0.8759757 0.1453347 0.7976528 0.1502659 0.725633 0.1502654 0.7973862 0.1453353 0.7240777 0.1502659 0.649683 0.1502659 0.7240777 0.1453354 0.5732694 0.1502659 0.649683 0.1453354 0.6496831 0.00552231 -0.2374858 5.91993e-4 -0.141358 5.91993e-4 -0.2372406 0.00552237 -0.1409786 5.92231e-4 -0.04539328 5.91994e-4 -0.1405948 0.005522489 0.0520401 5.9223e-4 -0.04443514 0.005522608 -0.04491472 0.005522787 0.149722 5.91994e-4 0.05247366 0.005522489 0.0520401 0.005522906 0.2471055 5.92232e-4 0.1500976 0.005522787 0.149722 0.005523085 0.3425989 5.92232e-4 0.2474504 0.005522906 0.2471055 0.005523085 0.3425989 5.92232e-4 0.4343606 5.92232e-4 0.3429448 0.005523264 0.4347329 5.92232e-4 0.5235182 5.92232e-4 0.4351066 0.005523562 0.5239225 5.91995e-4 0.6107454 5.92231e-4 0.5243278 0.005524456 0.6976428 5.91994e-4 0.6116113 0.005523741 0.6111779 0.005525112 0.7843566 5.92232e-4 0.6980716 0.005524456 0.6976428 0.005525767 0.8721209 5.92231e-4 0.7846847 0.005525112 0.7843566 0.0055269 0.9609532 5.91993e-4 0.8723306 0.005525708 0.8721209 0.2318125 0.1398458 0.2268829 0.2296454 0.2268822 0.140013 0.2318132 0.2298264 0.2268829 0.3216162 0.2268829 0.230008 0.2318133 0.3218179 0.2268834 0.415083 0.2268829 0.3220203 0.2318137 0.415309 0.2268831 0.5096791 0.2268834 0.4155353 0.2318115 -0.1151371 0.2268812 -0.1950885 0.2318115 -0.1952648 0.2318122 -0.03260469 0.2268812 -0.1149656 0.2318115 -0.1151371 0.2318127 0.05236905 0.2268819 -0.03243643 0.2318122 -0.03260469 0.2318127 0.05236905 0.2268822 0.1396789 0.2268824 0.05253487 0.2318141 0.6052904 0.2268831 0.5101523 0.2318136 0.5099158 0.2318142 0.7013345 0.2268836 0.6054751 0.2318141 0.6052904 0.2318142 0.7013345 0.2268843 0.7930762 0.2268836 0.7014546 0.231815 0.7978716 0.2268843 0.8699379 0.2268843 0.7978716 0.2318105 -0.5066495 0.2268803 -0.4277782 0.2268803 -0.5064924 0.2318106 -0.4276033 0.226881 -0.3504215 0.2268803 -0.4274486 0.2318112 -0.3502445 0.2268807 -0.2734272 0.226881 -0.3500672 0.2318115 -0.1952648 0.2268807 -0.2730656 0.231811 -0.2732463 0.23181 -0.7582502 0.2268798 -0.8448078 0.23181 -0.8449926 0.23181 -0.6725063 0.2268798 -0.7580818 0.23181 -0.7582502 0.2318105 -0.5884023 0.2268798 -0.6723496 0.23181 -0.6725063 0.2318105 -0.5066495 0.2268803 -0.5882532 0.2318105 -0.5884023 0.2318112 -1.20632 0.2268803 -1.112275 0.226881 -1.206096 0.2318105 -1.021105 0.2268803 -1.111822 0.2318105 -1.112049 0.2318101 -0.9324036 0.2268803 -1.020886 0.2318105 -1.021105 0.23181 -0.8449926 0.2268798 -0.9321993 0.2318101 -0.9324036 0.2318115 -1.511482 0.2268819 -1.617899 0.2318122 -1.618107 0.231811 -1.406743 0.2268812 -1.511277 0.2318115 -1.511482 0.231811 -1.406743 0.226881 -1.304947 0.2268807 -1.406538 0.2318112 -1.304735 0.226881 -1.206544 0.226881 -1.304524 0.2318136 -1.938811 0.2268836 -2.04166 0.2318139 -2.041895 0.2318129 -1.833004 0.2268834 -1.938592 0.2318136 -1.938811 0.2318127 -1.725687 0.2268826 -1.832798 0.2318129 -1.833004 0.2318127 -1.725687 0.2268819 -1.618315 0.2268824 -1.725483 0.2318139 -2.424458 0.2268836 -2.332152 0.2268836 -2.424279 0.2318139 -2.331954 0.2268836 -2.238022 0.2268836 -2.331756 0.2318139 -2.237805 0.2268836 -2.141613 0.2268836 -2.237587 0.2318139 -2.141382 0.2268836 -2.042131 0.2268836 -2.14115 0.2318146 -2.692177 0.2268843 -2.775909 0.2318146 -2.776129 0.2318143 -2.605127 0.2268843 -2.691972 0.2318146 -2.692177 0.2318139 -2.515664 0.2268841 -2.604939 0.2318143 -2.605127 0.2318139 -2.515664 0.2268836 -2.424638 0.2268836 -2.515485 0.1502659 0.9345589 0.1430718 0.9870527 0.1453347 0.9345588 0.2268846 -2.965842 0.2318148 -2.977401 0.2318148 -2.964892 0.2318148 -2.856485 0.2268846 -2.949016 0.2318148 -2.950954 0.2318148 -2.856485 0.2268843 -2.776349 0.2268846 -2.856295 0.1563808 -0.6077061 0.1514508 -0.6870633 0.156381 -0.6870634 0.1563808 -0.5138521 0.1514506 -0.6077061 0.1563808 -0.6077061 0.1563808 -0.4235854 0.1514506 -0.5138521 0.1563808 -0.5138521 0.1563808 -0.336118 0.1514506 -0.4235854 0.1563808 -0.4235854 0.1563808 -0.336118 0.1514506 -0.2482817 0.1514506 -0.336118 0.1563808 -0.2482817 0.1514503 -0.1586747 0.1514506 -0.2482817 0.1563806 -0.1586747 0.1514503 -0.06846642 0.1514503 -0.1586747 0.1563806 -0.06846642 0.1514503 0.02016544 0.1514503 -0.06846642 0.1563808 0.1051769 0.1514503 0.02016544 0.1563806 0.02016544 0.1563808 0.1866779 0.1514506 0.1051769 0.1563808 0.1051769 0.1563806 0.2656846 0.1514506 0.1866779 0.1563808 0.1866779 0.1563807 0.2656846 0.1514503 0.3436866 0.1514503 0.2656846 0.1563807 0.3436866 0.1514503 0.4229922 0.1514503 0.3436866 0.1563807 0.4229922 0.1514506 0.5055304 0.1514503 0.4229922 0.1563809 0.5055304 0.1514503 0.5913649 0.1514506 0.5055304 0.3011274 0.2296454 0.2961964 0.1398458 0.3011267 0.140013 0.3011274 0.3216162 0.2961971 0.2298264 0.3011274 0.230008 0.3011279 0.4150831 0.2961971 0.3218179 0.3011274 0.3220203 0.3011277 0.5096786 0.2961975 0.415309 0.3011279 0.4155353 0.3011258 -0.1950889 0.2961962 -0.1151375 0.2961955 -0.1952652 0.3011265 -0.1149661 0.296196 -0.03260511 0.2961962 -0.1151375 0.3011263 -0.0324369 0.296196 0.05236864 0.296196 -0.03260511 0.3011267 0.1396788 0.296196 0.05236864 0.3011263 0.0525344 0.3011277 0.5101518 0.2961979 0.6052899 0.2961972 0.5099154 0.3011284 0.6054747 0.2961978 0.7013345 0.2961979 0.60529 0.3011289 0.7930758 0.2961978 0.7013345 0.3011283 0.7014546 0.3011286 0.8699374 0.2961982 0.7978711 0.3011289 0.7978711 0.3011255 -0.4277782 0.2961948 -0.5066495 0.3011251 -0.5064924 0.3011255 -0.3504216 0.2961952 -0.4276033 0.3011255 -0.4274486 0.3011253 -0.2734276 0.2961953 -0.3502445 0.3011255 -0.3500672 0.3011253 -0.2730661 0.2961955 -0.1952652 0.296195 -0.2732467 0.3011243 -0.8448073 0.2961941 -0.7582502 0.2961941 -0.8449922 0.3011243 -0.7580818 0.2961941 -0.6725063 0.2961941 -0.7582502 0.3011243 -0.6723496 0.2961948 -0.5884028 0.2961941 -0.6725063 0.3011251 -0.5882537 0.2961948 -0.5066495 0.2961948 -0.5884028 0.3011255 -1.112275 0.2961953 -1.20632 0.3011255 -1.206096 0.3011255 -1.111822 0.2961948 -1.021105 0.2961952 -1.112049 0.3011251 -1.020886 0.2961948 -0.9324033 0.2961948 -1.021105 0.3011251 -0.932199 0.2961941 -0.8449922 0.2961947 -0.9324033 0.3011265 -1.617899 0.2961955 -1.511482 0.2961962 -1.618107 0.3011258 -1.511277 0.296195 -1.406743 0.2961956 -1.511482 0.3011255 -1.304947 0.2961951 -1.406743 0.3011253 -1.406538 0.3011255 -1.206544 0.2961953 -1.304735 0.3011255 -1.304523 0.3011282 -2.04166 0.2961977 -1.93881 0.2961979 -2.041895 0.3011279 -1.938592 0.2961972 -1.833004 0.2961977 -1.93881 0.3011274 -1.832797 0.2961965 -1.725687 0.2961972 -1.833004 0.3011265 -1.618315 0.2961965 -1.725687 0.3011267 -1.725482 0.3011282 -2.332151 0.2961979 -2.424458 0.3011282 -2.424279 0.3011282 -2.238022 0.2961979 -2.331954 0.3011282 -2.331756 0.3011282 -2.141613 0.2961979 -2.237805 0.3011282 -2.237587 0.3011282 -2.042131 0.2961979 -2.141381 0.3011282 -2.141149 0.3011289 -2.775909 0.2961986 -2.692177 0.2961986 -2.776129 0.3011289 -2.691972 0.2961982 -2.605127 0.2961986 -2.692177 0.3011284 -2.604939 0.2961981 -2.515664 0.2961982 -2.605127 0.3011282 -2.424638 0.2961981 -2.515664 0.3011284 -2.515485 0.1502659 0.9345589 0.1453349 0.8759756 0.1502659 0.8759756 0.2268846 -2.964892 0.2318148 -2.950954 0.2268846 -2.950954 0.3011291 -2.949017 0.2961989 -2.856485 0.2961989 -2.950954 0.3011289 -2.776349 0.2961989 -2.856485 0.3011291 -2.856296 0.2256948 -0.6077061 0.2207646 -0.5138521 0.2207646 -0.6077061 0.2256948 -0.5138521 0.2207642 -0.4235852 0.2207646 -0.5138521 0.2256944 -0.4235852 0.2207646 -0.336118 0.2207642 -0.4235852 0.2256948 -0.2482814 0.2207646 -0.336118 0.2256948 -0.336118 0.2256948 -0.1586747 0.2207646 -0.2482815 0.2256948 -0.2482814 0.2256948 -0.06846642 0.2207646 -0.1586747 0.2256948 -0.1586747 0.2256948 0.02016544 0.2207646 -0.06846642 0.2256948 -0.06846642 0.2256948 0.02016544 0.2207646 0.1051769 0.2207646 0.02016544 0.2256948 0.1051769 0.2207646 0.1866775 0.2207646 0.1051769 0.2256948 0.1866774 0.2207646 0.2656846 0.2207646 0.1866775 0.2256948 0.3436866 0.2207646 0.2656846 0.2256948 0.2656846 0.2256948 0.4229927 0.2207646 0.3436866 0.2256948 0.3436866 0.2256948 0.5055304 0.2207646 0.4229927 0.2256948 0.4229927 0.2256948 0.5913649 0.2207646 0.5055304 0.2256948 0.5055304 0.07849621 0.9969277 0.1430718 0.9870527 0.1477906 0.9969274 0.1514511 -1.789932 0.1563878 -1.804545 0.1563862 -1.788559 0.07602143 0.9345584 0.08095192 0.8759757 0.08095264 0.9345585 0.3011291 -2.964892 0.2961989 -2.950954 0.2961989 -2.964892 0.1514508 -0.7068619 0.156381 -0.7339268 0.1563811 -0.7068618 0.07602143 -1.521451 0.08095175 -1.560829 0.08095175 -1.521451 0.005522251 -0.280309 5.91993e-4 -0.2378302 5.91993e-4 -0.280309 0.2256948 -0.6870633 0.2207646 -0.6077061 0.2207647 -0.6870634 0.156381 -0.6870634 0.2207646 -0.7068618 0.2207647 -0.6870634 0.145336 -1.560829 0.1502664 -1.52145 0.145336 -1.52145 0.2207649 -0.7339268 0.225695 -0.7068619 0.2207646 -0.7068618 0.1514511 -1.825266 0.1563878 -1.804545 0.1514511 -1.804545 0.1582357 -1.839689 0.2232208 -1.849594 0.2189113 -1.839688 0.2256956 -1.825266 0.2189113 -1.839688 0.2232208 -1.844618 0.1514511 -1.825266 0.1582357 -1.839689 0.1563898 -1.825266 0.3011286 0.8699374 0.2961976 0.9260311 0.2961978 0.8699375 0.2268843 0.8699379 0.231815 0.9260315 0.2268841 0.9260316 0.2939078 0.9870528 0.2293593 0.9969329 0.2341054 0.9870529 0.3011286 0.9260311 0.2939078 0.9870528 0.2961977 0.9260312 0.2268841 0.9260316 0.2341054 0.9870529 0.2293593 0.9919829 0.007387995 0.9870532 0.07236182 0.9969139 0.003066778 0.9969139 0.2184013 0.9870531 0.1539263 0.9969202 0.1587463 0.9870536 0.225696 0.8816705 0.2207644 0.7798352 0.2256948 0.7798352 0.2184013 0.9870531 0.225696 0.8816705 0.2232213 0.9919834 0.1514511 0.8816705 0.1587463 0.9870536 0.1539263 0.9919839 0.1514511 0.8816705 0.1563808 0.7798352 0.1563816 0.8816705 0.1514506 0.6517296 0.1563807 0.5913649 0.156381 0.6517295 0.2256948 0.6520345 0.2207644 0.7798352 0.2207645 0.6517288 5.91993e-4 0.9609532 0.00552839 0.9664641 5.91993e-4 0.9664641 0.07483673 0.9609532 0.06990027 0.9664641 0.06990176 0.9609532 0.07483673 0.9722533 0.06990027 0.9664641 0.07483673 0.9664641 5.91993e-4 0.9722533 0.00552839 0.9664641 0.005530416 0.9722533 5.91993e-4 0.9722533 0.007387995 0.9870532 0.003066778 0.9919834 0.06804084 0.9870532 0.07483673 0.9722533 0.07236218 0.9919834 0.1514506 0.6520354 0.1563808 0.7798352 0.1514503 0.7798352 0.2256948 0.6517286 0.2207645 0.5913649 0.2256948 0.5913649 0.07602143 0.9345584 0.08321505 0.9870527 0.07849621 0.9919829 0.3011291 -2.965842 0.2961989 -2.977401 0.3011291 -2.977401 0.2268846 -2.996949 0.2961989 -2.987053 0.2318148 -2.987053 0.2268846 -2.977401 0.2318148 -2.987053 0.2318148 -2.977401 0.3011291 -2.977401 0.2961989 -2.987053 0.3011291 -2.991984 2.691222 -1.314626 2.592259 -1.331799 2.683812 -1.353735 2.587205 0.8742861 2.575739 0.9121208 2.491489 0.8831365 0.1539263 -1.849594 0.1539263 -1.852043 0.2232208 -1.852043 0.08095204 0.7240782 0.1453353 0.7240777 0.1453347 0.7976528 2.747032 0.9095529 2.741809 0.9486654 2.659562 0.9341008 1.829935 -0.532374 1.792239 -0.5445998 1.821349 -0.6249051 0.1453349 0.8759756 0.1453347 0.9345588 0.08095264 0.9345585 0.156381 -0.7339268 0.2207649 -0.7339268 0.2207646 -0.7068618 2.899905 0.9176718 2.913775 0.9573184 2.821439 0.9557746 1.514972 0.8778654 1.49734 0.8629959 1.498593 0.8608918 1.544925 0.8875556 1.5914 0.9139681 1.535145 0.9536938 1.5914 0.9139681 1.637888 0.9403567 1.612833 0.9563032 1.544925 0.8875556 1.535145 0.9536938 1.510732 0.9048786 1.514972 0.8778654 1.498593 0.8608918 1.544925 0.8875556 1.535145 0.9536938 1.496962 0.9130434 1.510732 0.9048786 1.510732 0.9048786 1.514972 0.8778654 1.544925 0.8875556 1.637888 0.9403567 1.684409 0.9666889 1.668018 0.969044 1.5914 0.9139681 1.612833 0.9563032 1.535145 0.9536938 1.684409 0.9666889 1.730975 0.9929402 1.729759 0.995096 1.684409 0.9666889 1.729759 0.995096 1.668018 0.969044 1.924988 -0.7520178 1.965518 -0.762723 1.94875 -0.6700137 1.789852 -0.3699217 1.750751 -0.3763512 1.768413 -0.461562 3.106405 0.8841703 3.159605 0.8605757 3.112591 0.8899789 3.159605 0.8605757 3.160822 0.8627362 3.112591 0.8899789 3.112591 0.8899789 3.064401 0.917294 3.106405 0.8841703 2.999652 0.9540782 2.96808 0.9720287 2.971616 0.9151725 2.96808 0.9720287 2.919926 0.9994083 2.93297 0.9861314 3.064401 0.917294 2.999652 0.9540782 3.050304 0.9031381 2.96808 0.9720287 2.93297 0.9861314 2.931305 0.971919 2.919926 0.9994083 2.918712 0.9972696 2.93297 0.9861314 2.931305 0.971919 2.913775 0.9573185 2.971616 0.9151725 2.913775 0.9573185 2.899905 0.9176717 2.971616 0.9151725 2.96808 0.9720287 2.931305 0.971919 2.971616 0.9151725 3.050304 0.9031381 3.106405 0.8841703 3.064401 0.917294 1.858157 -0.6102229 1.821349 -0.6249051 1.854851 -0.7017142 0.08095175 -1.560829 0.145336 -1.560829 0.145336 -1.52145 1.909472 -0.6751289 1.94875 -0.6700136 1.941409 -0.5794206 1.975717 -0.3044429 1.934235 -0.3919832 1.971343 -0.4057427 1.782042 -0.1087495 1.79615 -0.01532256 1.757259 -0.007735073 1.934235 -0.3919832 1.908871 -0.4846129 1.947869 -0.4913305 1.77956 -0.2856725 1.740053 -0.2887243 1.750751 -0.3763512 0.06990629 -0.04491472 0.005522668 -0.04491472 0.00552237 -0.1409786 1.850707 0.176186 1.813622 0.190139 1.780965 0.09105181 2.029826 -0.2243437 1.975717 -0.3044429 2.010097 -0.3240554 1.776715 -0.198797 1.782042 -0.1087495 1.742636 -0.1046175 2.163239 -0.09507018 2.186366 -0.1271573 2.256505 -0.08416026 1.890904 0.270909 1.939382 0.3627598 1.905139 0.3826879 2.093259 -0.1538891 2.120764 -0.1823369 2.186366 -0.1271573 1.79615 -0.01532256 1.819078 0.08021777 1.780965 0.09105181 0.06990581 0.3425989 0.005523085 0.3425989 0.005522906 0.2471055 2.057048 0.5311165 2.026658 0.5565251 1.962696 0.4727756 2.360214 -1.189458 2.288186 -1.145336 2.266331 -1.178448 2.238636 -0.0488978 2.256505 -0.08416026 2.33039 -0.05392873 1.890904 0.270909 1.855116 0.2879106 1.813623 0.1901391 2.603286 -1.293597 2.518403 -1.264857 2.50412 -1.30193 2.57503 -0.001244902 2.488112 0.006054282 2.48737 -0.03338921 2.12384 0.6041876 2.194517 0.6680942 2.16936 0.6986773 2.159811 -1.047644 2.133662 -1.077457 2.197299 -1.129475 2.488112 0.006054282 2.40225 0.002113342 2.407406 -0.03702366 1.99516 0.4500705 1.962696 0.4727756 1.905139 0.3826879 2.691223 -1.314626 2.683812 -1.353735 2.777843 -1.366926 0.0699045 0.6976428 0.005524456 0.6976428 0.005523741 0.6111779 2.268539 0.7233847 2.345442 0.7709655 2.325964 0.8054293 2.053076 -0.9399289 2.022953 -0.9657074 2.07555 -1.022796 2.662332 -0.01587337 2.57503 -0.001244902 2.570137 -0.04034882 2.12384 0.6041875 2.095911 0.6322691 2.026658 0.5565251 2.221339 -1.097925 2.197299 -1.129475 2.266331 -1.178448 0.06990176 0.9609532 0.06990027 0.9664641 0.00552839 0.9664641 2.424724 0.8117033 2.505694 0.8462171 2.491489 0.8831365 2.781895 -1.327266 2.777843 -1.366926 2.873383 -1.373088 2.194517 0.6680942 2.268539 0.7233847 2.246252 0.7561109 2.103732 -0.9949036 2.07555 -1.022796 2.133662 -1.077457 2.668041 0.8955194 2.659562 0.9341008 2.575739 0.9121208 0.1563834 -1.557059 0.2207633 -1.557059 0.2207638 -1.467091 2.345442 0.7709654 2.424724 0.8117033 2.407909 0.8475291 2.92681 -1.333868 2.874979 -1.33317 2.873383 -1.373088 2.747032 0.9095529 2.823531 0.9164211 2.821439 0.9557746 3.097865 -1.389869 3.159607 -1.415921 3.114256 -1.387514 3.159607 -1.415921 3.160823 -1.413765 3.114256 -1.387514 3.114256 -1.387514 3.067736 -1.361181 3.097865 -1.389869 3.067736 -1.361181 3.021247 -1.334793 3.042681 -1.377128 3.021247 -1.334793 2.974772 -1.308381 2.964993 -1.374518 3.042681 -1.377128 3.021247 -1.334793 2.964993 -1.374518 2.92681 -1.333868 2.964993 -1.374518 2.94058 -1.325704 2.94058 -1.325704 2.964993 -1.374518 2.974772 -1.308381 3.042681 -1.377128 3.097865 -1.389869 3.067736 -1.361181 2.974772 -1.308381 2.928441 -1.281717 2.94482 -1.298691 2.928441 -1.281717 2.927188 -1.283821 2.94482 -1.298691 0.2961982 -2.605127 0.2961981 -2.515664 0.2318139 -2.515664 0.2961978 0.8699375 0.2961976 0.9260311 0.231815 0.9260315 0.2318148 -2.950954 0.2318148 -2.964892 0.2961989 -2.964892 0.2961941 -0.8449922 0.2961941 -0.7582502 0.23181 -0.7582502 0.2961986 -2.776129 0.2961986 -2.692177 0.2318146 -2.692177 0.2961953 -0.3502445 0.296195 -0.2732467 0.231811 -0.2732463 0.2961941 -0.7582502 0.2961941 -0.6725063 0.23181 -0.6725063 0.2961989 -2.950954 0.2961989 -2.856485 0.2318148 -2.856485 0.2961982 0.7978711 0.2961978 0.8699375 0.2318151 0.8699378 0.2207646 -0.6077061 0.2207646 -0.5138521 0.1563808 -0.5138521 0.2961947 -0.9324033 0.2961941 -0.8449922 0.23181 -0.8449926 0.1453347 0.9345588 0.1430718 0.9870527 0.08321505 0.9870527 0.2961941 -0.6725063 0.2961948 -0.5884028 0.2318105 -0.5884023 1.931839 -0.8420903 1.991836 -0.859673 1.98329 -0.8401815 0.2961952 -1.112049 0.2961948 -1.021105 0.2318105 -1.021105 0.2207646 -0.5138521 0.2207642 -0.4235852 0.1563808 -0.4235854 0.2961948 -0.5066495 0.2961952 -0.4276033 0.2318106 -0.4276033 0.2207646 -0.2482815 0.2207646 -0.1586747 0.1563806 -0.1586747 0.2961953 -1.304735 0.2961953 -1.20632 0.2318112 -1.20632 0.2207646 -0.336118 0.2207646 -0.2482814 0.1563808 -0.2482817 0.2961948 -1.021105 0.2961948 -0.9324033 0.2318101 -0.9324036 0.2207646 -0.06846642 0.2207646 0.02016544 0.1563806 0.02016544 0.2961956 -1.511482 0.296195 -1.406743 0.231811 -1.406743 0.2207646 -0.1586747 0.2207646 -0.06846642 0.1563806 -0.06846642 0.2961953 -1.20632 0.2961952 -1.112049 0.2318106 -1.112049 0.2207646 0.1051769 0.2207646 0.1866775 0.1563808 0.1866779 0.2961965 -1.725687 0.2961962 -1.618107 0.2318122 -1.618107 0.2207646 0.02016544 0.2207646 0.1051769 0.1563808 0.1051769 0.2961951 -1.406743 0.2961953 -1.304735 0.2318112 -1.304735 0.2207646 0.2656846 0.2207646 0.3436866 0.1563807 0.3436866 0.2961977 -1.93881 0.2961972 -1.833004 0.2318129 -1.833004 0.296196 0.05236864 0.2961965 0.1398458 0.2318125 0.1398458 0.2207646 0.1866775 0.2207646 0.2656846 0.1563806 0.2656846 0.2961962 -1.618107 0.2961955 -1.511482 0.2318115 -1.511482 0.2961971 0.3218179 0.2961975 0.415309 0.2318137 0.415309 0.2207646 0.4229927 0.2207646 0.5055304 0.1563809 0.5055304 0.2961979 -2.141381 0.2961979 -2.041895 0.2318139 -2.041895 0.2961962 -0.1151375 0.296196 -0.03260511 0.2318122 -0.03260469 0.2207646 0.3436866 0.2207646 0.4229927 0.1563807 0.4229922 0.2961972 -1.833004 0.2961965 -1.725687 0.2318127 -1.725687 0.2961972 0.5099154 0.2961979 0.6052899 0.2318141 0.6052904 0.2961971 0.2298264 0.2961971 0.3218179 0.2318133 0.3218179 0.2961979 -2.331954 0.2961979 -2.237805 0.2318139 -2.237805 0.296195 -0.2732467 0.2961955 -0.1952652 0.2318115 -0.1952648 0.2207646 0.5055304 0.2207645 0.5913649 0.1563807 0.5913649 0.2961979 -2.041895 0.2961977 -1.93881 0.2318136 -1.938811 0.296196 -0.03260511 0.296196 0.05236864 0.2318127 0.05236905 0.2207645 0.5913649 0.2207645 0.6517287 0.156381 0.6517295 0.2961981 -2.515664 0.2961979 -2.424458 0.2318139 -2.424458 0.2961979 0.60529 0.2961978 0.7013345 0.2318142 0.7013345 0.2961979 -2.237805 0.2961979 -2.141381 0.2318139 -2.141382 0.2961955 -0.1952652 0.2961962 -0.1151375 0.2318115 -0.1151371 0.2961986 -2.692177 0.2961982 -2.605127 0.2318143 -2.605127 0.2961964 0.1398458 0.2961971 0.2298264 0.2318132 0.2298264 0.2961979 -2.424458 0.2961979 -2.331954 0.2318139 -2.331954 0.2961978 0.7013345 0.2961982 0.7978711 0.231815 0.7978716 0.2961989 -2.856485 0.2961986 -2.776129 0.2318146 -2.776129 0.2961952 -0.4276033 0.2961953 -0.3502445 0.2318112 -0.3502445 0.156382 -1.289741 0.2207644 -1.289741 0.2207645 -1.203252 0.1563823 -1.377891 0.2207639 -1.377891 0.2207644 -1.289741 0.1563827 -1.46709 0.2207638 -1.467091 0.2207639 -1.377891 0.1563838 -1.648205 0.2207626 -1.648205 0.2207633 -1.557059 0.1563814 -0.9583685 0.2207648 -0.9583683 0.2207648 -0.881731 0.1563815 -1.037491 0.2207647 -1.037491 0.2207648 -0.9583684 0.1563816 -1.119112 0.2207646 -1.119112 0.2207647 -1.037491 0.1563817 -1.203252 0.2207644 -1.203252 0.2207646 -1.119112 2.437158 -1.229701 2.360214 -1.189458 2.340634 -1.22398 0.156385 -1.741189 0.2207617 -1.741189 0.2207626 -1.648205 0.1563861 -1.788559 0.2207605 -1.788559 0.2207617 -1.741189 0.2961977 0.9260312 0.2939078 0.9870528 0.2341054 0.9870529 1.975291 -0.9056914 2.007203 -0.8821668 1.991836 -0.859673 0.1563813 -0.8817313 0.2207648 -0.881731 0.2207645 -0.807332 0.08095169 -1.357936 0.1453356 -1.357935 0.1453356 -1.274741 0.08095169 -1.440417 0.1453356 -1.440417 0.1453356 -1.357935 0.08095175 -1.521451 0.145336 -1.521451 0.1453356 -1.440417 0.08095139 -1.020308 0.1453354 -1.020308 0.1453356 -0.9305537 0.08095145 -1.106785 0.1453357 -1.106785 0.1453354 -1.020308 0.08095145 -1.191237 0.1453356 -1.191237 0.1453356 -1.106785 0.08095145 -1.274741 0.1453356 -1.274741 0.1453356 -1.191237 0.08095139 -0.6380282 0.1453354 -0.6380282 0.1453354 -0.535542 0.08095139 -0.7386651 0.1453354 -0.7386651 0.1453354 -0.6380282 0.08095139 -0.836503 0.1453354 -0.8365026 0.1453354 -0.7386651 0.08095145 -0.9305537 0.1453356 -0.9305537 0.1453354 -0.8365026 0.08095145 -0.2273498 0.1453356 -0.2273502 0.1453351 -0.1288051 0.08095139 -0.3288989 0.1453354 -0.3288989 0.1453356 -0.2273502 0.08095139 -0.4320951 0.1453354 -0.4320955 0.1453354 -0.3288989 0.08095139 -0.535542 0.1453354 -0.535542 0.1453354 -0.4320955 0.08095121 0.1479806 0.1453351 0.1479806 0.1453351 0.2367439 0.08095121 0.05796003 0.1453351 0.05796003 0.1453351 0.1479806 0.08095139 -0.03398489 0.1453352 -0.03398507 0.1453351 0.05796003 0.08095121 -0.1288051 0.1453351 -0.1288051 0.1453352 -0.03398507 0.08095133 0.4934525 0.145335 0.4934521 0.1453354 0.5732693 0.08095127 0.4102588 0.1453351 0.4102588 0.145335 0.4934521 0.08095127 0.3244104 0.1453351 0.3244104 0.1453351 0.4102588 0.08095121 0.2367439 0.1453351 0.2367439 0.1453351 0.3244104 0.2268846 -2.996949 0.2268846 -2.999408 0.3011291 -2.999408 0.08095192 0.6496834 0.1453354 0.6496831 0.1453353 0.7240777 0.08095186 0.5732689 0.1453354 0.5732694 0.1453354 0.6496831 0.06990611 -0.1409788 0.00552237 -0.1409786 0.00552231 -0.2374858 0.06990617 0.0520401 0.005522489 0.0520401 0.005522608 -0.04491472 2.093259 -0.1538891 2.029826 -0.2243437 2.061007 -0.2487196 0.06990611 0.149722 0.005522787 0.149722 0.005522489 0.0520401 0.06990599 0.2471055 0.005522906 0.2471055 0.005522787 0.149722 0.06990563 0.4347329 0.005523264 0.4347329 0.005523085 0.3425989 2.40225 0.002113342 2.318634 -0.01621478 2.33039 -0.05392873 0.06990534 0.5239225 0.005523562 0.5239225 0.005523264 0.4347329 0.06990498 0.6111779 0.005523741 0.6111779 0.005523562 0.5239225 0.06990385 0.7843566 0.005525112 0.7843566 0.005524456 0.6976428 2.518403 -1.264857 2.437158 -1.229701 2.420052 -1.265533 0.06990295 0.8721209 0.005525767 0.8721209 0.005525112 0.7843566 0.06990176 0.9609532 0.0055269 0.9609532 0.005525708 0.8721209 0.9303662 0.7686308 0.9107861 0.8031529 0.8364827 0.7576202 1.173438 0.8727705 1.16241 0.9109726 1.074272 0.8811035 0.7299638 0.6268159 0.7914912 0.6770976 0.7674508 0.7086476 1.261374 0.8937996 1.352047 0.9064406 1.347995 0.9461014 0.6232283 0.5191003 0.6738846 0.574075 0.6457022 0.6019677 0.7914911 0.6770976 0.8583372 0.7245083 0.8364827 0.7576202 1.352047 0.9064405 1.445131 0.9123447 1.443535 0.9522624 0.6738846 0.574075 0.7299638 0.6268159 0.7038137 0.6566293 1.00731 0.8088737 0.9902042 0.8447062 0.9107861 0.8031529 1.496962 0.9130435 1.535145 0.9536938 1.443535 0.9522624 0.6232282 0.5191003 0.5931057 0.5448789 0.5454433 0.4848624 0.1563878 -1.804545 0.1563898 -1.825266 0.2207568 -1.825266 0.5454433 0.4848624 0.501992 0.4212616 0.5619887 0.438844 0.3770403 0.03123795 0.4000881 0.1115444 0.362392 0.1237702 0.3600063 -0.05090802 0.3770403 0.03123795 0.3385668 0.04073178 0.42831 0.1893934 0.4608322 0.2639483 0.4250034 0.2808847 0.4250034 0.2808847 0.4608322 0.2639483 0.495141 0.3311887 0.3521965 -0.3120805 0.3127902 -0.3162123 0.3274139 -0.4130944 0.3497139 -0.1351572 0.3600063 -0.05090802 0.3209052 -0.04447853 0.4208616 -0.5970156 0.3892324 -0.5010475 0.3511195 -0.5118812 0.3468695 -0.2220325 0.3072499 -0.2225551 0.3127902 -0.3162123 0.4610583 -0.6917381 0.4252709 -0.7087397 0.4752936 -0.8035165 0.3663045 -0.4055069 0.3274139 -0.4130944 0.3511195 -0.5118812 0.6272032 -0.9519446 0.5653148 -0.8708991 0.5328512 -0.8936042 0.4610583 -0.6917381 0.4208616 -0.5970156 0.3837773 -0.6109688 0.693996 -1.025015 0.6660666 -1.053097 0.7395157 -1.119505 0.5653148 -0.8708991 0.5095367 -0.7835884 0.4752936 -0.8035165 0.8386945 -1.144212 0.8164081 -1.176938 0.8961196 -1.226256 0.693996 -1.025015 0.6272032 -0.9519446 0.5968134 -0.9773534 0.9948799 -1.23253 0.9780652 -1.268356 1.061645 -1.303962 0.764673 -1.088921 0.7395157 -1.119505 0.816408 -1.176938 1.238196 -1.316345 1.15736 -1.295112 1.145895 -1.332947 0.9155976 -1.191792 0.8961195 -1.226256 0.9780652 -1.268356 1.317187 -1.330378 1.311964 -1.36949 1.391595 -1.3766 1.15736 -1.295112 1.07585 -1.267043 1.061645 -1.303962 1.470059 -1.338497 1.393686 -1.337247 1.391595 -1.3766 1.317187 -1.330378 1.238196 -1.316345 1.229717 -1.354927 1.901818 -0.5795526 1.941409 -0.5794206 1.947869 -0.4913305 0.2318148 -2.964892 0.2318148 -2.977401 0.2961989 -2.977401 0.4796248 0.2542995 0.4719715 0.1587231 0.5115625 0.1585915 1.541771 -1.335997 1.470059 -1.338497 1.48393 -1.378143 1.541771 -1.335997 1.48393 -1.378143 1.501459 -1.392743 1.620458 -1.323963 1.541771 -1.335997 1.569806 -1.374903 1.541771 -1.335997 1.501459 -1.392743 1.538234 -1.392854 1.569806 -1.374903 1.541771 -1.335997 1.538234 -1.392854 1.503124 -1.406956 1.488867 -1.418094 1.490081 -1.420233 1.501459 -1.392743 1.503124 -1.406956 1.538234 -1.392854 1.730975 -1.283561 1.729757 -1.2814 1.682744 -1.310803 1.729757 -1.2814 1.67656 -1.304999 1.682744 -1.310803 1.67656 -1.304999 1.620458 -1.323963 1.634555 -1.338119 1.634555 -1.338119 1.620458 -1.323963 1.569806 -1.374903 1.503124 -1.406956 1.490081 -1.420233 1.538234 -1.392854 0.5458704 -0.1163864 0.5802509 -0.09677338 0.5414968 -0.01508659 0.4951411 0.3311886 0.4796248 0.2542995 0.5189033 0.2491845 0.5043885 -0.02884608 0.5414968 -0.01508659 0.5180225 0.07050096 0.6634135 -0.2669398 0.6909186 -0.2384919 0.6311615 -0.1721089 0.5999797 -0.1964853 0.6311615 -0.1721089 0.5802509 -0.09677338 0.7333936 -0.3257591 0.8087906 -0.3719317 0.826659 -0.3366686 0.6634135 -0.2669399 0.7333936 -0.3257591 0.7565206 -0.2936717 0.9724046 -0.422942 0.9775604 -0.3838051 0.9005454 -0.3669003 0.8087906 -0.3719316 0.8887892 -0.4046142 0.9005454 -0.3669003 1.145185 -0.4195836 1.140292 -0.3804791 1.057524 -0.3874396 1.058267 -0.4268829 1.057524 -0.3874396 0.9775605 -0.3838051 1.088555 0.8440299 1.074272 0.8811035 0.9902042 0.8447062 1.232488 -0.4049547 1.225248 -0.3662828 1.140292 -0.3804791 1.284037 -0.3483211 1.225247 -0.3662827 1.283603 -0.398922 1.225247 -0.3662827 1.232488 -0.4049547 1.283603 -0.398922 1.232488 -0.4049547 1.243644 -0.4141922 1.283603 -0.398922 1.404291 -0.3047434 1.284037 -0.3483211 1.354059 -0.3588581 1.237139 -0.4218014 1.219747 -0.4328945 1.221035 -0.4350298 1.284037 -0.3483211 1.283603 -0.398922 1.354059 -0.3588581 1.243644 -0.4141922 1.237139 -0.4218014 1.283603 -0.398922 1.599569 -0.2195508 1.598344 -0.2173858 1.5048 -0.2731838 1.598344 -0.2173858 1.498563 -0.2656444 1.5048 -0.2731838 1.498563 -0.2656444 1.404291 -0.3047434 1.5048 -0.2731838 1.237139 -0.4218014 1.221035 -0.4350298 1.283603 -0.398922 1.806887 -0.4520676 1.768413 -0.461562 1.792239 -0.5445998 1.924988 -0.7520179 1.890679 -0.6847774 1.854851 -0.7017142 0.3468695 -0.2220325 0.3497139 -0.1351572 0.3102074 -0.1321055 0.4000881 0.1115444 0.42831 0.1893934 0.3915019 0.2040758 0.156381 -0.807332 0.2207645 -0.807332 0.2207649 -0.7339268 1.776715 -0.198797 1.737095 -0.1982746 1.740053 -0.2887243 0.5534429 0.4193524 0.5619886 0.4388439 0.5019921 0.4212616 0.2961948 -0.5884028 0.2961948 -0.5066495 0.2318105 -0.5066495 0.2207642 -0.4235852 0.2207646 -0.336118 0.1563808 -0.336118 0.2207647 -0.6870634 0.2207646 -0.6077061 0.1563808 -0.6077061 0.06990611 -0.2374858 0.00552231 -0.2374858 0.005522251 -0.280309 0.2207568 -1.825266 0.1563898 -1.825266 0.1582357 -1.839689 0.2986539 0.9969326 0.2986539 0.9994073 0.2293593 0.9994078 0.005530416 0.9722533 0.06989824 0.9722533 0.06804084 0.9870532 0.1563862 -1.788559 0.1563878 -1.804545 0.2207589 -1.804545 2.053076 -0.9399289 2.007203 -0.8821668 1.975291 -0.9056914 2.758749 -1.490711 2.812205 -1.490711 2.812205 -1.421416 2.544925 -1.490711 2.598381 -1.490711 2.598381 -1.421416 2.598381 -1.490711 2.651837 -1.490711 2.651837 -1.421416 2.651837 -1.490711 2.705293 -1.490711 2.705293 -1.421416 2.705293 -1.490711 2.758749 -1.490711 2.758749 -1.421416 0.1587463 0.9870536 0.1563816 0.8816705 0.2207655 0.8816705 0.06990027 0.9664641 0.06989824 0.9722533 0.005530416 0.9722533 0.1477906 0.9969274 0.1477906 0.9994073 0.07849621 0.9994078 0.2232213 0.99692 0.2232213 0.9994078 0.1539263 0.9994078 0.2207644 0.7798352 0.2207655 0.8816705 0.1563816 0.8816705 0.2207645 0.6517288 0.2207644 0.7798352 0.1563808 0.7798352 3.091528 -1.856984 3.160823 -1.856984 3.160823 -1.748092 2.662332 -0.01587337 2.655092 -0.05454522 2.713448 -0.02190637 2.655092 -0.05454522 2.713882 -0.0725063 2.713448 -0.02190637 2.713882 -0.0725063 2.834135 -0.116084 2.783903 -0.06196975 2.662332 -0.01587337 2.713448 -0.02190637 2.673488 -0.006636023 2.928408 -0.1551839 3.028189 -0.2034409 2.934644 -0.1476433 3.028189 -0.2034409 3.029414 -0.2012758 2.934644 -0.1476433 2.713882 -0.0725063 2.783903 -0.06196975 2.713448 -0.02190637 2.834135 -0.116084 2.928408 -0.1551839 2.934644 -0.1476433 2.783903 -0.06196975 2.834135 -0.116084 2.934644 -0.1476433 2.650879 0.01420164 2.649591 0.01206624 2.666983 9.73255e-4 2.666983 9.73255e-4 2.673488 -0.006636023 2.713448 -0.02190637 0.07236182 0.9969139 0.0723617 0.9994078 0.003066778 0.9994078 3.091528 -1.493656 3.160823 -1.493656 3.160823 -1.421416 3.091528 -1.574705 3.160823 -1.574705 3.160823 -1.493656 3.091528 -1.748092 3.160823 -1.748092 3.160823 -1.574705 0.2961975 0.415309 0.2961973 0.5099154 0.2318136 0.5099158 1.261374 0.8937996 1.253963 0.9329084 1.16241 0.9109726 0.2961989 -2.977401 0.2318148 -2.977401 0.2318148 -2.987053 2.81339 -1.421416 2.81339 -1.495661 2.868781 -1.495166 3.034953 -1.423396 3.034953 -1.493681 3.090344 -1.493186 2.979562 -1.422901 2.979562 -1.494176 3.034953 -1.493681 2.905097 -1.422235 2.905097 -1.494841 2.979562 -1.494176 2.868781 -1.421911 2.868781 -1.495166 2.905097 -1.494841 0.4719715 0.1587231 0.4790245 0.06378358 0.5180225 0.07050096 0.08095216 0.7976531 0.1453347 0.7976528 0.1453349 0.8759757 0.1514508 -0.7068619 0.1514508 -0.7068619 0.156381 -0.6969626 0.2207647 -0.6870634 0.2207645 -0.6969626 0.2256948 -0.6969626 0.1514508 -1.203252 0.1514508 -1.289741 0.156382 -1.289741 0.1514508 -1.289741 0.1514508 -1.377891 0.1563823 -1.377891 0.1514508 -1.377891 0.1514508 -1.46709 0.1563827 -1.46709 0.1514508 -1.46709 0.1514511 -1.557059 0.1563834 -1.557059 0.1514508 -0.9583685 0.1563814 -0.9583685 0.1563813 -0.8817313 0.1514508 -1.037491 0.1563815 -1.037491 0.1563814 -0.9583685 0.1514508 -1.119112 0.1563816 -1.119112 0.1563815 -1.037491 0.1514508 -1.203252 0.1563817 -1.203252 0.1563816 -1.119112 0.1514508 -1.648205 0.1563838 -1.648205 0.1563834 -1.557059 0.1514511 -1.741189 0.156385 -1.741189 0.1563839 -1.648205 0.1514511 -1.741189 0.1514511 -1.788559 0.1563861 -1.788559 0.2256956 -1.825266 0.2256956 -1.804545 0.2207589 -1.804545 0.1514506 -0.7339268 0.1514506 -0.807332 0.156381 -0.807332 0.1514508 -0.8817313 0.1563813 -0.8817313 0.156381 -0.807332 0.07602143 -1.357936 0.08095169 -1.357936 0.08095145 -1.274741 0.07602143 -1.440417 0.08095169 -1.440417 0.08095169 -1.357936 0.07602143 -1.521451 0.08095175 -1.521451 0.08095169 -1.440417 0.07602119 -0.9305537 0.07602119 -1.020308 0.08095139 -1.020308 0.07602119 -1.106785 0.08095145 -1.106785 0.08095139 -1.020308 0.07602119 -1.191237 0.08095145 -1.191237 0.08095145 -1.106785 0.07602119 -1.274741 0.08095145 -1.274741 0.08095145 -1.191237 0.07602119 -0.6380282 0.08095139 -0.6380282 0.08095139 -0.535542 0.07602119 -0.7386651 0.08095139 -0.7386651 0.08095139 -0.6380282 0.07602119 -0.7386651 0.07602119 -0.836503 0.08095139 -0.836503 0.07602119 -0.836503 0.07602119 -0.9305537 0.08095145 -0.9305537 0.07602119 -0.2273497 0.08095145 -0.2273498 0.08095121 -0.1288051 0.07602119 -0.3288989 0.08095139 -0.3288989 0.08095145 -0.2273498 0.07602119 -0.4320951 0.08095139 -0.4320951 0.08095139 -0.3288989 0.07602119 -0.4320951 0.07602119 -0.535542 0.08095139 -0.535542 0.07602095 0.2367439 0.07602095 0.1479806 0.08095121 0.1479806 0.07602095 0.1479806 0.07602095 0.05796003 0.08095121 0.05796003 0.07602095 0.05796003 0.07602119 -0.03398489 0.08095139 -0.03398489 0.07602119 -0.03398489 0.07602095 -0.1288051 0.08095121 -0.1288051 0.07602095 0.4934526 0.08095133 0.4934525 0.08095186 0.5732689 0.07602095 0.4102588 0.08095127 0.4102588 0.08095133 0.4934525 0.07602095 0.3244104 0.08095127 0.3244104 0.08095127 0.4102588 0.07602095 0.3244104 0.07602095 0.2367439 0.08095121 0.2367439 0.07602095 0.8759756 0.07602143 0.7976532 0.08095216 0.7976531 0.07602143 0.7256335 0.08095204 0.7240782 0.08095216 0.7976531 0.07602143 0.6496835 0.08095192 0.6496834 0.08095204 0.7240782 0.07602143 0.6496835 0.07602143 0.5732689 0.08095186 0.5732689 0.07483649 -0.2378302 0.06990611 -0.2374858 0.06990617 -0.280309 0.07483649 -0.1413583 0.06990611 -0.1409788 0.06990611 -0.2374858 0.07483673 -0.04539328 0.06990629 -0.04491472 0.06990605 -0.1409788 0.07483673 -0.04443514 0.07483673 0.05160421 0.06990617 0.0520401 0.07483673 0.05247366 0.07483673 0.1493451 0.06990611 0.149722 0.07483673 0.1500976 0.07483673 0.2467604 0.06990599 0.2471055 0.07483673 0.2474505 0.07483673 0.3422538 0.06990581 0.3425989 0.07483673 0.4343607 0.06990563 0.4347329 0.06990581 0.3425989 0.07483673 0.5235182 0.06990534 0.5239225 0.06990563 0.4347329 0.07483673 0.6107453 0.06990498 0.6111779 0.06990534 0.5239225 0.07483673 0.6116112 0.07483673 0.6972116 0.0699045 0.6976428 0.07483673 0.6980715 0.07483673 0.7840245 0.06990385 0.7843566 0.07483673 0.7846847 0.07483673 0.8719083 0.06990295 0.8721209 0.07483673 0.8723306 0.07483673 0.9608498 0.06990176 0.9609532 0.2207644 -1.289741 0.2256956 -1.289741 0.2256953 -1.203252 0.2207639 -1.377891 0.2256953 -1.377891 0.2256956 -1.289741 0.2207638 -1.467091 0.2256956 -1.467091 0.2256953 -1.377891 0.2207633 -1.557059 0.2256956 -1.557059 0.2256956 -1.467091 0.2207648 -0.881731 0.2207648 -0.9583683 0.2256953 -0.9583683 0.2207648 -0.9583684 0.2207647 -1.037491 0.2256953 -1.037491 0.2207647 -1.037491 0.2207646 -1.119112 0.2256953 -1.119112 0.2207646 -1.119112 0.2207644 -1.203252 0.2256953 -1.203252 0.2207633 -1.557059 0.2207626 -1.648205 0.2256956 -1.648205 0.2207626 -1.648205 0.2207617 -1.741189 0.2256956 -1.741189 0.2207605 -1.788559 0.2256956 -1.788559 0.2256956 -1.741189 0.2256956 -1.789932 0.2207605 -1.788559 0.2207589 -1.804545 0.2207645 -0.807332 0.2256948 -0.807332 0.2256953 -0.7339268 0.2207645 -0.807332 0.2207648 -0.881731 0.2256953 -0.881731 0.1453356 -1.274741 0.1453356 -1.357935 0.1502659 -1.357935 0.1453356 -1.357935 0.1453356 -1.440417 0.1502659 -1.440417 0.1453356 -1.440417 0.145336 -1.521451 0.1502664 -1.52145 0.1453354 -1.020308 0.1502656 -1.020308 0.1502659 -0.9305537 0.1453354 -1.020308 0.1453357 -1.106785 0.1502659 -1.106785 0.1453356 -1.106785 0.1453356 -1.191237 0.1502659 -1.191236 0.1453356 -1.191237 0.1453356 -1.274741 0.1502659 -1.274741 0.1453354 -0.535542 0.1453354 -0.6380282 0.1502656 -0.6380282 0.1453354 -0.6380282 0.1453354 -0.7386651 0.1502656 -0.7386651 0.1453354 -0.8365026 0.1502656 -0.8365026 0.1502656 -0.7386651 0.1453356 -0.9305537 0.1502659 -0.9305537 0.1502656 -0.8365026 0.1453351 -0.1288051 0.1453356 -0.2273502 0.1502659 -0.2273502 0.1453356 -0.2273502 0.1453354 -0.3288989 0.1502656 -0.3288989 0.1453354 -0.3288989 0.1453354 -0.4320955 0.1502656 -0.4320955 0.1453354 -0.535542 0.1502656 -0.535542 0.1502656 -0.4320955 0.1453351 0.1479806 0.1502654 0.1479806 0.1502654 0.2367439 0.1453351 0.05796003 0.1502654 0.05796003 0.1502654 0.1479806 0.1453352 -0.03398507 0.1502654 -0.03398513 0.1502654 0.05796003 0.1453351 -0.1288051 0.1502654 -0.1288051 0.1502654 -0.03398513 0.1453354 0.5732693 0.145335 0.4934521 0.1502654 0.4934521 0.145335 0.4934521 0.1453351 0.4102588 0.1502654 0.4102588 0.1453351 0.4102588 0.1453351 0.3244104 0.1502654 0.3244104 0.1453351 0.2367439 0.1502654 0.2367439 0.1502654 0.3244104 0.1453347 0.7976528 0.1502654 0.7976527 0.1502659 0.8759756 0.1453347 0.7976528 0.1453353 0.7240777 0.1502659 0.725633 0.1453353 0.7240777 0.1453354 0.6496831 0.1502659 0.649683 0.1453354 0.5732694 0.1502659 0.5732694 0.1502659 0.649683 0.00552231 -0.2374858 0.00552237 -0.1409786 5.91993e-4 -0.141358 0.00552237 -0.1409786 0.005522668 -0.04491472 5.92231e-4 -0.04539328 0.005522489 0.0520401 5.91994e-4 0.05160421 5.9223e-4 -0.04443514 0.005522787 0.149722 5.92231e-4 0.1493451 5.91994e-4 0.05247366 0.005522906 0.2471055 5.92232e-4 0.2467604 5.92232e-4 0.1500976 0.005523085 0.3425989 5.92232e-4 0.3422538 5.92232e-4 0.2474504 0.005523085 0.3425989 0.005523264 0.4347329 5.92232e-4 0.4343606 0.005523264 0.4347329 0.005523562 0.5239225 5.92232e-4 0.5235182 0.005523562 0.5239225 0.005523741 0.6111779 5.91995e-4 0.6107454 0.005524456 0.6976428 5.92231e-4 0.6972116 5.91994e-4 0.6116113 0.005525112 0.7843566 5.92232e-4 0.7840244 5.92232e-4 0.6980716 0.005525767 0.8721209 5.91994e-4 0.8719083 5.92231e-4 0.7846847 0.0055269 0.9609532 5.91993e-4 0.9608498 5.91993e-4 0.8723306 0.2318125 0.1398458 0.2318132 0.2298264 0.2268829 0.2296454 0.2318132 0.2298264 0.2318133 0.3218179 0.2268829 0.3216162 0.2318133 0.3218179 0.2318137 0.415309 0.2268834 0.415083 0.2318137 0.415309 0.2318136 0.5099158 0.2268831 0.5096791 0.2318115 -0.1151371 0.2268812 -0.1153087 0.2268812 -0.1950885 0.2318122 -0.03260469 0.2268819 -0.03277313 0.2268812 -0.1149656 0.2318127 0.05236905 0.2268824 0.05220305 0.2268819 -0.03243643 0.2318127 0.05236905 0.2318125 0.1398458 0.2268822 0.1396789 0.2318141 0.6052904 0.2268836 0.6051046 0.2268831 0.5101523 0.2318142 0.7013345 0.2268837 0.7012135 0.2268836 0.6054751 0.2318142 0.7013345 0.231815 0.7978716 0.2268843 0.7930762 0.231815 0.7978716 0.2318151 0.8699378 0.2268843 0.8699379 0.2318105 -0.5066495 0.2318106 -0.4276033 0.2268803 -0.4277782 0.2318106 -0.4276033 0.2318112 -0.3502445 0.226881 -0.3504215 0.2318112 -0.3502445 0.231811 -0.2732463 0.2268807 -0.2734272 0.2318115 -0.1952648 0.2268812 -0.1954412 0.2268807 -0.2730656 0.23181 -0.7582502 0.2268798 -0.758419 0.2268798 -0.8448078 0.23181 -0.6725063 0.2268798 -0.6726632 0.2268798 -0.7580818 0.2318105 -0.5884023 0.2268803 -0.5885516 0.2268798 -0.6723496 0.2318105 -0.5066495 0.2268803 -0.5067918 0.2268803 -0.5882532 0.2318112 -1.20632 0.2318106 -1.112049 0.2268803 -1.112275 0.2318105 -1.021105 0.2268803 -1.021324 0.2268803 -1.111822 0.2318101 -0.9324036 0.2268798 -0.9326083 0.2268803 -1.020886 0.23181 -0.8449926 0.2268798 -0.8451778 0.2268798 -0.9321993 0.2318115 -1.511482 0.2268812 -1.511687 0.2268819 -1.617899 0.231811 -1.406743 0.2268807 -1.406947 0.2268812 -1.511277 0.231811 -1.406743 0.2318112 -1.304735 0.226881 -1.304947 0.2318112 -1.304735 0.2318112 -1.20632 0.226881 -1.206544 0.2318136 -1.938811 0.2268834 -1.93903 0.2268836 -2.04166 0.2318129 -1.833004 0.2268826 -1.833212 0.2268834 -1.938592 0.2318127 -1.725687 0.2268824 -1.725892 0.2268826 -1.832798 0.2318127 -1.725687 0.2318122 -1.618107 0.2268819 -1.618315 0.2318139 -2.424458 0.2318139 -2.331954 0.2268836 -2.332152 0.2318139 -2.331954 0.2318139 -2.237805 0.2268836 -2.238022 0.2318139 -2.237805 0.2318139 -2.141382 0.2268836 -2.141613 0.2318139 -2.141382 0.2318139 -2.041895 0.2268836 -2.042131 0.2318146 -2.692177 0.2268843 -2.692383 0.2268843 -2.775909 0.2318143 -2.605127 0.2268841 -2.605316 0.2268843 -2.691972 0.2318139 -2.515664 0.2268836 -2.515843 0.2268841 -2.604939 0.2318139 -2.515664 0.2318139 -2.424458 0.2268836 -2.424638 0.1502659 0.9345589 0.1477906 0.9919829 0.1430718 0.9870527 0.2268846 -2.965842 0.2268846 -2.977401 0.2318148 -2.977401 0.2318148 -2.856485 0.2268846 -2.856668 0.2268846 -2.949016 0.2318148 -2.856485 0.2318146 -2.776129 0.2268843 -2.776349 0.1563808 -0.6077061 0.1514506 -0.6077061 0.1514508 -0.6870633 0.1563808 -0.5138521 0.1514506 -0.5138521 0.1514506 -0.6077061 0.1563808 -0.4235854 0.1514506 -0.4235854 0.1514506 -0.5138521 0.1563808 -0.336118 0.1514506 -0.336118 0.1514506 -0.4235854 0.1563808 -0.336118 0.1563808 -0.2482817 0.1514506 -0.2482817 0.1563808 -0.2482817 0.1563806 -0.1586747 0.1514503 -0.1586747 0.1563806 -0.1586747 0.1563806 -0.06846642 0.1514503 -0.06846642 0.1563806 -0.06846642 0.1563806 0.02016544 0.1514503 0.02016544 0.1563808 0.1051769 0.1514506 0.1051769 0.1514503 0.02016544 0.1563808 0.1866779 0.1514506 0.1866779 0.1514506 0.1051769 0.1563806 0.2656846 0.1514503 0.2656846 0.1514506 0.1866779 0.1563807 0.2656846 0.1563807 0.3436866 0.1514503 0.3436866 0.1563807 0.3436866 0.1563807 0.4229922 0.1514503 0.4229922 0.1563807 0.4229922 0.1563809 0.5055304 0.1514506 0.5055304 0.1563809 0.5055304 0.1563807 0.5913649 0.1514503 0.5913649 0.3011274 0.2296454 0.2961971 0.2298264 0.2961964 0.1398458 0.3011274 0.3216162 0.2961971 0.3218179 0.2961971 0.2298264 0.3011279 0.4150831 0.2961975 0.415309 0.2961971 0.3218179 0.3011277 0.5096786 0.2961973 0.5099154 0.2961975 0.415309 0.3011258 -0.1950889 0.3011265 -0.1153092 0.2961962 -0.1151375 0.3011265 -0.1149661 0.3011263 -0.03277361 0.296196 -0.03260511 0.3011263 -0.0324369 0.3011263 0.05220258 0.296196 0.05236864 0.3011267 0.1396788 0.2961965 0.1398458 0.296196 0.05236864 0.3011277 0.5101518 0.3011284 0.605104 0.2961979 0.6052899 0.3011284 0.6054747 0.3011284 0.7012135 0.2961978 0.7013345 0.3011289 0.7930758 0.2961982 0.7978711 0.2961978 0.7013345 0.3011286 0.8699374 0.2961978 0.8699375 0.2961982 0.7978711 0.3011255 -0.4277782 0.2961952 -0.4276033 0.2961948 -0.5066495 0.3011255 -0.3504216 0.2961953 -0.3502445 0.2961952 -0.4276033 0.3011253 -0.2734276 0.296195 -0.2732467 0.2961953 -0.3502445 0.3011253 -0.2730661 0.3011258 -0.1954417 0.2961955 -0.1952652 0.3011243 -0.8448073 0.3011243 -0.758419 0.2961941 -0.7582502 0.3011243 -0.7580818 0.3011243 -0.6726632 0.2961941 -0.6725063 0.3011243 -0.6723496 0.3011251 -0.5885521 0.2961948 -0.5884028 0.3011251 -0.5882537 0.3011251 -0.5067918 0.2961948 -0.5066495 0.3011255 -1.112275 0.2961952 -1.112049 0.2961953 -1.20632 0.3011255 -1.111822 0.3011251 -1.021324 0.2961948 -1.021105 0.3011251 -1.020886 0.3011251 -0.9326081 0.2961948 -0.9324033 0.3011251 -0.932199 0.3011243 -0.8451774 0.2961941 -0.8449922 0.3011265 -1.617899 0.3011258 -1.511687 0.2961955 -1.511482 0.3011258 -1.511277 0.3011253 -1.406947 0.296195 -1.406743 0.3011255 -1.304947 0.2961953 -1.304735 0.2961951 -1.406743 0.3011255 -1.206544 0.2961953 -1.20632 0.2961953 -1.304735 0.3011282 -2.04166 0.3011279 -1.939029 0.2961977 -1.93881 0.3011279 -1.938592 0.3011274 -1.833211 0.2961972 -1.833004 0.3011274 -1.832797 0.3011267 -1.725892 0.2961965 -1.725687 0.3011265 -1.618315 0.2961962 -1.618107 0.2961965 -1.725687 0.3011282 -2.332151 0.2961979 -2.331954 0.2961979 -2.424458 0.3011282 -2.238022 0.2961979 -2.237805 0.2961979 -2.331954 0.3011282 -2.141613 0.2961979 -2.141381 0.2961979 -2.237805 0.3011282 -2.042131 0.2961979 -2.041895 0.2961979 -2.141381 0.3011289 -2.775909 0.3011289 -2.692383 0.2961986 -2.692177 0.3011289 -2.691972 0.3011284 -2.605316 0.2961982 -2.605127 0.3011284 -2.604939 0.3011284 -2.515843 0.2961981 -2.515664 0.3011282 -2.424638 0.2961979 -2.424458 0.2961981 -2.515664 0.1502659 0.9345589 0.1453347 0.9345588 0.1453349 0.8759756 0.2268846 -2.964892 0.2318148 -2.964892 0.2318148 -2.950954 0.3011291 -2.949017 0.3011291 -2.856669 0.2961989 -2.856485 0.3011289 -2.776349 0.2961986 -2.776129 0.2961989 -2.856485 0.2256948 -0.6077061 0.2256948 -0.5138521 0.2207646 -0.5138521 0.2256948 -0.5138521 0.2256944 -0.4235852 0.2207642 -0.4235852 0.2256944 -0.4235852 0.2256948 -0.336118 0.2207646 -0.336118 0.2256948 -0.2482814 0.2207646 -0.2482814 0.2207646 -0.336118 0.2256948 -0.1586747 0.2207646 -0.1586747 0.2207646 -0.2482815 0.2256948 -0.06846642 0.2207646 -0.06846642 0.2207646 -0.1586747 0.2256948 0.02016544 0.2207646 0.02016544 0.2207646 -0.06846642 0.2256948 0.02016544 0.2256948 0.1051769 0.2207646 0.1051769 0.2256948 0.1051769 0.2256948 0.1866774 0.2207646 0.1866775 0.2256948 0.1866774 0.2256948 0.2656846 0.2207646 0.2656846 0.2256948 0.3436866 0.2207646 0.3436866 0.2207646 0.2656846 0.2256948 0.4229927 0.2207646 0.4229927 0.2207646 0.3436866 0.2256948 0.5055304 0.2207646 0.5055304 0.2207646 0.4229927 0.2256948 0.5913649 0.2207645 0.5913649 0.2207646 0.5055304 0.07849621 0.9969277 0.08321505 0.9870527 0.1430718 0.9870527 0.1514511 -1.789932 0.1514511 -1.804545 0.1563878 -1.804545 0.07602143 0.9345584 0.07602095 0.8759756 0.08095192 0.8759757 0.3011291 -2.964892 0.3011291 -2.950954 0.2961989 -2.950954 0.1514508 -0.7068619 0.1514506 -0.7339268 0.156381 -0.7339268 0.07602143 -1.521451 0.07602143 -1.560829 0.08095175 -1.560829 0.005522251 -0.280309 0.00552231 -0.2374858 5.91993e-4 -0.2378302 0.2256948 -0.6870633 0.2256948 -0.6077061 0.2207646 -0.6077061 0.156381 -0.6870634 0.1563811 -0.7068618 0.2207646 -0.7068618 0.145336 -1.560829 0.1502664 -1.560829 0.1502664 -1.52145 0.2207649 -0.7339268 0.2256953 -0.7339268 0.225695 -0.7068619 0.1514511 -1.825266 0.1563898 -1.825266 0.1563878 -1.804545 0.1582357 -1.839689 0.1539263 -1.849594 0.2232208 -1.849594 0.2256956 -1.825266 0.2207568 -1.825266 0.2189113 -1.839688 0.1514511 -1.825266 0.1539263 -1.844619 0.1582357 -1.839689 0.3011286 0.8699374 0.3011286 0.9260311 0.2961976 0.9260311 0.2268843 0.8699379 0.2318151 0.8699379 0.231815 0.9260315 0.2939078 0.9870528 0.2986539 0.9969326 0.2293593 0.9969329 0.3011286 0.9260311 0.2986539 0.9919829 0.2939078 0.9870528 0.2268841 0.9260316 0.231815 0.9260315 0.2341054 0.9870529 0.007387995 0.9870532 0.06804084 0.9870532 0.07236182 0.9969139 0.2184013 0.9870531 0.2232213 0.99692 0.1539263 0.9969202 0.225696 0.8816705 0.2207655 0.8816705 0.2207644 0.7798352 0.2184013 0.9870531 0.2207655 0.8816705 0.225696 0.8816705 0.1514511 0.8816705 0.1563816 0.8816705 0.1587463 0.9870536 0.1514511 0.8816705 0.1514503 0.7798352 0.1563808 0.7798352 0.1514506 0.6517296 0.1514503 0.5913649 0.1563807 0.5913649 0.2256948 0.6520345 0.2256948 0.7798352 0.2207644 0.7798352 5.91993e-4 0.9609532 0.0055269 0.9609532 0.00552839 0.9664641 0.07483673 0.9609532 0.07483673 0.9664641 0.06990027 0.9664641 0.07483673 0.9722533 0.06989824 0.9722533 0.06990027 0.9664641 5.91993e-4 0.9722533 5.91993e-4 0.9664641 0.00552839 0.9664641 5.91993e-4 0.9722533 0.005530416 0.9722533 0.007387995 0.9870532 0.06804084 0.9870532 0.06989824 0.9722533 0.07483673 0.9722533 0.1514506 0.6520354 0.156381 0.6517295 0.1563808 0.7798352 0.2256948 0.6517286 0.2207645 0.6517287 0.2207645 0.5913649 0.07602143 0.9345584 0.08095264 0.9345585 0.08321505 0.9870527 0.3011291 -2.965842 0.2961989 -2.964892 0.2961989 -2.977401 0.2268846 -2.996949 0.3011291 -2.996949 0.2961989 -2.987053 0.2268846 -2.977401 0.2268846 -2.991983 0.2318148 -2.987053 0.3011291 -2.977401 0.2961989 -2.977401 0.2961989 -2.987053 2.691222 -1.314626 2.603286 -1.293597 2.592259 -1.331799</float_array>
          <technique_common>
            <accessor source="#Arm-mesh-map-0-array" count="3420" stride="2">
              <param name="S" type="float"/>
              <param name="T" type="float"/>
            </accessor>
          </technique_common>
        </source>
        <vertices id="Arm-mesh-vertices">
          <input semantic="POSITION" source="#Arm-mesh-positions"/>
        </vertices>
        <triangles material="Gold-material" count="1140">
          <input semantic="VERTEX" source="#Arm-mesh-vertices" offset="0"/>
          <input semantic="NORMAL" source="#Arm-mesh-normals" offset="1"/>
          <input semantic="TEXCOORD" source="#Arm-mesh-map-0" offset="2" set="0"/>
          <p>118 0 0 359 1 1 120 2 2 523 3 3 2 3 4 520 3 5 125 4 6 238 5 7 123 6 8 55 7 9 355 8 10 116 0 11 86 9 12 327 0 13 88 10 14 173 11 15 413 12 16 57 13 17 82 14 18 513 15 19 292 16 20 124 17 21 365 18 22 126 0 23 396 19 24 8 20 25 526 21 26 129 22 27 369 23 28 130 24 29 96 25 30 276 26 31 45 27 32 122 28 33 56 29 34 34 30 35 88 10 36 329 31 37 90 32 38 128 33 39 206 34 40 91 35 41 130 24 42 371 36 43 132 37 44 136 38 45 373 39 46 375 40 47 47 41 48 341 42 49 278 43 50 134 44 51 295 45 52 373 39 53 94 46 54 335 47 55 96 25 56 59 48 57 246 49 58 133 50 59 98 51 60 339 52 61 100 53 62 138 54 63 375 40 64 377 55 65 92 56 66 278 43 67 331 57 68 140 58 69 381 0 70 142 0 71 49 59 72 347 60 73 280 0 74 60 61 75 379 62 76 140 58 77 102 63 78 339 52 79 341 42 80 61 64 81 252 65 82 139 66 83 104 67 84 345 68 85 106 69 86 39 70 87 311 71 88 268 72 89 142 0 90 383 73 91 144 74 92 49 59 93 337 75 94 98 51 95 68 76 96 303 77 97 305 78 98 148 79 99 385 0 100 387 80 101 51 81 102 353 82 103 282 0 104 70 83 105 309 84 106 72 85 107 146 86 108 299 87 109 385 0 110 106 69 111 347 60 112 108 88 113 36 89 114 313 0 115 76 90 116 63 91 117 258 92 118 145 93 119 112 94 120 349 95 121 351 96 122 84 97 123 270 98 124 41 99 125 150 100 126 387 80 127 389 101 128 51 81 129 343 102 130 104 67 131 72 85 132 311 71 133 74 0 134 151 103 135 545 104 136 264 105 137 53 106 138 359 1 139 284 107 140 76 90 141 315 108 142 78 109 143 114 110 144 351 96 145 353 82 146 41 99 147 307 111 148 70 83 149 116 0 150 357 0 151 118 0 152 37 112 153 184 113 154 69 114 155 110 115 156 284 107 157 349 95 158 80 116 159 315 108 160 317 117 161 55 7 162 365 18 163 286 118 164 518 119 165 158 120 166 10 121 167 477 122 168 358 123 169 356 124 170 397 125 171 525 126 172 273 127 173 363 128 174 361 129 175 482 130 176 400 131 177 324 132 178 277 133 179 410 134 180 354 135 181 287 134 182 441 136 183 322 137 184 320 138 185 445 139 186 326 140 187 324 132 188 482 130 189 364 141 190 363 128 191 437 142 192 273 127 193 316 143 194 486 144 195 368 145 196 366 146 197 455 147 198 277 133 199 334 147 200 288 148 201 563 149 202 413 12 203 447 150 204 328 151 205 326 140 206 319 152 207 290 153 208 0 154 209 451 155 210 332 156 211 330 157 212 489 158 213 370 159 214 368 145 215 398 160 216 318 161 217 275 162 218 493 163 219 374 164 220 372 165 221 461 166 222 279 167 223 340 168 224 415 169 225 372 165 226 294 170 227 453 171 228 334 147 229 332 156 230 497 172 231 296 173 232 376 174 233 457 175 234 338 176 235 336 177 236 495 178 237 376 174 238 374 164 239 402 179 240 330 157 241 279 167 242 499 180 243 380 181 244 378 182 245 467 183 246 281 184 247 346 185 248 417 186 249 378 182 250 296 173 251 459 187 252 340 168 253 338 176 254 503 188 255 298 189 256 382 190 257 463 191 258 344 192 259 342 193 260 431 194 261 269 195 262 310 196 263 501 197 264 382 190 265 380 181 266 404 198 267 336 177 268 281 184 269 423 199 270 304 200 271 302 201 272 505 202 273 386 203 274 384 204 275 473 205 276 283 206 277 352 205 278 427 207 279 308 208 280 306 209 281 419 189 282 384 204 283 298 189 284 465 210 285 346 185 286 344 192 287 391 211 288 312 212 289 266 213 290 421 214 291 302 201 292 300 215 293 469 216 294 350 217 295 348 218 296 443 219 297 271 220 298 322 137 299 507 221 300 388 222 301 386 203 302 406 223 303 342 193 304 283 206 305 429 224 306 310 196 307 308 208 308 509 225 309 556 226 310 388 222 311 479 227 312 285 228 313 358 123 314 433 229 315 314 230 316 312 212 317 471 231 318 352 205 319 350 217 320 394 220 321 306 209 322 271 220 323 475 232 324 356 124 325 354 135 326 392 233 327 300 215 328 269 195 329 408 234 330 348 218 331 285 228 332 435 235 333 316 143 334 314 230 335 485 236 336 287 134 337 364 141 338 439 237 339 320 138 340 318 161 341 65 238 342 155 239 343 38 240 344 67 241 345 180 242 346 65 238 347 69 114 348 182 241 349 67 241 350 77 243 351 152 112 352 37 112 353 71 244 354 157 245 355 40 246 356 73 247 357 186 248 358 71 244 359 75 249 360 188 250 361 73 247 362 38 240 363 190 251 364 75 249 365 64 252 366 268 72 367 301 253 368 79 254 369 192 243 370 77 243 371 81 255 372 194 256 373 79 254 374 527 257 375 529 258 376 525 126 377 321 259 378 291 260 379 319 152 380 40 246 381 200 261 382 85 262 383 87 263 384 161 264 385 44 265 386 89 266 387 202 267 388 87 263 389 91 35 390 204 268 391 89 266 392 93 269 393 163 270 394 46 271 395 95 272 396 208 273 397 93 269 398 97 274 399 210 275 400 95 272 401 44 265 402 212 276 403 97 274 404 99 277 405 165 278 406 48 279 407 101 280 408 214 281 409 99 277 410 103 282 411 216 283 412 101 280 413 46 271 414 218 284 415 103 282 416 105 285 417 167 286 418 50 287 419 107 288 420 220 289 421 105 285 422 109 290 423 222 291 424 107 288 425 48 279 426 224 292 427 109 290 428 111 293 429 169 294 430 52 295 431 113 296 432 226 297 433 111 293 434 115 298 435 228 299 436 113 296 437 50 287 438 230 300 439 115 298 440 117 301 441 171 302 442 54 303 443 119 304 444 232 305 445 117 301 446 121 306 447 234 307 448 119 304 449 52 295 450 236 308 451 121 306 452 571 3 453 26 3 454 568 3 455 127 309 456 240 310 457 125 4 458 54 303 459 242 311 460 127 309 461 129 22 462 274 312 463 0 154 464 133 50 465 245 313 466 131 314 467 135 315 468 174 316 469 59 48 470 60 61 471 377 55 472 297 317 473 137 318 474 248 319 475 135 315 476 139 66 477 250 320 478 137 318 479 141 321 480 176 322 481 61 64 482 62 323 483 383 73 484 299 87 485 143 324 486 254 325 487 141 321 488 145 93 489 256 326 490 143 324 491 147 327 492 178 328 493 63 91 494 66 329 495 301 253 496 303 77 497 149 330 498 260 331 499 147 327 500 151 332 501 262 333 502 149 330 503 154 334 504 430 335 505 191 336 506 185 337 507 422 338 508 183 339 509 187 340 510 428 341 511 426 342 512 153 343 513 432 344 514 390 345 515 201 346 516 395 347 517 442 348 518 189 349 519 430 335 520 428 341 521 193 350 522 434 351 523 432 344 524 156 352 525 426 342 526 395 347 527 181 353 528 393 354 529 154 334 530 197 355 531 434 351 532 195 356 533 201 346 534 440 357 535 198 358 536 159 359 537 517 360 538 43 361 539 440 357 540 514 362 541 198 358 542 160 363 543 444 364 544 401 365 545 213 366 546 401 365 547 454 367 548 205 368 549 448 369 550 446 370 551 448 369 552 510 371 553 399 372 554 162 373 555 460 374 556 219 375 557 211 376 558 454 367 559 452 377 560 215 378 561 458 379 562 456 380 563 209 381 564 403 382 565 162 373 566 164 383 567 466 384 568 225 385 569 219 375 570 458 379 571 217 386 572 221 387 573 464 388 574 462 389 575 164 383 576 456 380 577 405 390 578 166 391 579 472 392 580 231 393 581 223 394 582 466 384 583 464 388 584 229 395 585 468 396 586 227 397 587 166 391 588 462 389 589 407 344 590 168 398 591 478 399 592 237 400 593 231 393 594 470 344 595 229 395 596 233 344 597 476 344 598 474 344 599 227 397 600 409 401 601 168 398 602 170 344 603 484 344 604 243 344 605 235 402 606 478 399 607 476 344 608 241 403 609 484 344 610 483 404 611 170 344 612 474 344 613 411 344 614 132 37 615 295 45 616 58 405 617 480 406 618 565 407 619 361 129 620 244 408 621 490 409 622 488 410 623 28 411 624 289 412 625 29 413 626 251 414 627 492 415 628 249 416 629 510 371 630 488 410 631 487 417 632 249 416 633 414 418 634 175 419 635 177 420 636 496 421 637 253 422 638 253 422 639 494 423 640 251 414 641 255 424 642 500 425 643 498 426 644 177 420 645 498 426 646 416 427 647 179 428 648 502 429 649 259 430 650 257 431 651 502 429 652 500 425 653 263 432 654 504 344 655 261 433 656 261 433 657 418 434 658 179 428 659 183 339 660 420 435 661 181 353 662 265 436 663 506 437 664 263 432 665 19 438 666 20 439 667 552 440 668 45 27 669 325 441 670 86 9 671 290 153 672 367 442 673 0 154 674 129 22 675 329 31 676 274 312 677 209 381 678 452 377 679 450 344 680 203 443 681 446 370 682 444 364 683 85 262 684 199 444 685 82 14 686 92 56 687 333 445 688 94 46 689 515 446 690 438 447 691 1 448 692 449 449 693 275 162 694 328 151 695 491 450 696 294 170 697 370 159 698 512 451 699 366 146 700 293 452 701 131 314 702 511 453 703 128 454 704 367 442 705 129 22 706 0 154 707 517 455 708 522 456 709 521 457 710 510 371 711 487 417 712 1 448 713 487 417 714 515 446 715 1 448 716 399 372 717 510 371 718 1 448 719 274 312 720 319 152 721 0 154 722 531 458 723 4 458 724 528 458 725 543 459 726 534 460 727 532 461 728 81 255 729 43 462 730 196 463 731 84 97 732 321 259 733 323 464 734 13 465 735 5 465 736 9 465 737 3 465 738 6 465 739 2 465 740 10 465 741 7 465 742 6 465 743 11 465 744 8 465 745 7 465 746 12 465 747 9 465 748 8 465 749 536 466 750 551 467 751 538 466 752 547 468 753 543 459 754 545 469 755 560 458 756 25 458 757 562 458 758 539 458 759 16 458 760 537 458 761 553 470 762 549 471 763 555 472 764 558 473 765 555 472 766 556 226 767 16 465 768 20 465 769 23 465 770 21 474 771 15 475 772 540 476 773 535 3 774 14 3 775 533 3 776 21 465 777 14 465 778 15 465 779 22 465 780 18 465 781 21 465 782 23 465 783 19 465 784 22 465 785 425 477 786 266 213 787 304 200 788 153 343 789 424 478 790 185 337 791 438 447 792 399 372 793 1 448 794 565 479 795 570 480 796 569 481 797 26 482 798 35 483 799 31 484 800 28 485 801 25 486 802 24 487 803 29 488 804 32 482 805 28 485 806 30 489 807 33 490 808 29 488 809 31 484 810 34 491 811 30 489 812 247 492 813 414 418 814 490 409 815 123 6 816 173 11 817 57 13 818 291 493 819 293 494 820 290 495 821 512 496 822 514 497 823 515 498 824 39 499 825 65 500 826 38 501 827 64 502 828 67 503 829 65 500 830 66 504 831 69 505 832 67 503 833 68 506 834 37 507 835 69 505 836 70 508 837 40 509 838 41 510 839 72 511 840 71 512 841 70 508 842 74 513 843 73 514 844 72 511 845 39 499 846 75 515 847 74 513 848 76 516 849 37 507 850 36 517 851 78 518 852 77 519 853 76 516 854 78 518 855 81 520 856 79 521 857 516 522 858 43 523 859 517 524 860 83 525 861 85 526 862 82 527 863 41 510 864 85 526 865 84 528 866 86 529 867 44 530 868 45 531 869 88 532 870 87 533 871 86 529 872 90 534 873 89 535 874 88 532 875 47 536 876 93 537 877 46 538 878 94 539 879 93 537 880 92 540 881 96 541 882 95 542 883 94 539 884 45 531 885 97 543 886 96 541 887 98 544 888 48 545 889 49 546 890 100 547 891 99 548 892 98 544 893 100 547 894 103 549 895 101 550 896 102 551 897 46 538 898 103 549 899 104 552 900 50 553 901 51 554 902 106 555 903 105 556 904 104 552 905 108 557 906 107 558 907 106 555 908 108 557 909 48 545 910 109 559 911 53 560 912 111 561 913 52 562 914 110 563 915 113 564 916 111 561 917 112 565 918 115 566 919 113 564 920 114 567 921 50 553 922 115 566 923 116 568 924 54 569 925 55 570 926 118 571 927 117 572 928 116 568 929 120 573 930 119 574 931 118 571 932 120 573 933 52 562 934 121 575 935 56 576 936 123 577 937 57 578 938 124 579 939 123 577 940 122 580 941 126 581 942 125 582 943 124 579 944 126 581 945 54 569 946 127 583 947 130 584 948 128 585 949 129 586 950 132 587 951 131 588 952 130 584 953 58 589 954 133 590 955 132 587 956 58 589 957 135 591 958 59 592 959 134 593 960 137 594 961 135 591 962 136 595 963 139 596 964 137 594 965 138 597 966 61 598 967 139 596 968 140 599 969 61 598 970 60 600 971 142 601 972 141 602 973 140 599 974 144 603 975 143 604 976 142 601 977 144 603 978 63 605 979 145 606 980 62 607 981 147 608 982 63 605 983 146 609 984 149 610 985 147 608 986 148 611 987 151 612 988 149 610 989 180 613 990 154 614 991 155 615 992 182 616 993 181 617 994 180 613 995 184 618 996 183 619 997 182 616 998 152 620 999 185 621 1000 184 618 1001 157 622 1002 187 623 1003 156 624 1004 186 625 1005 189 626 1006 187 623 1007 188 627 1008 191 628 1009 189 626 1010 190 629 1011 154 614 1012 191 628 1013 152 620 1014 193 630 1015 153 631 1016 192 632 1017 195 633 1018 193 630 1019 196 634 1020 195 633 1021 194 635 1022 197 636 1023 43 523 1024 42 637 1025 200 638 1026 198 639 1027 199 640 1028 200 638 1029 156 624 1030 201 641 1031 161 642 1032 203 643 1033 160 644 1034 202 645 1035 205 646 1036 203 643 1037 204 647 1038 207 648 1039 205 646 1040 208 649 1041 162 650 1042 163 651 1043 208 649 1044 211 652 1045 209 653 1046 210 654 1047 213 655 1048 211 652 1049 212 656 1050 160 644 1051 213 655 1052 165 657 1053 215 658 1054 164 659 1055 214 660 1056 217 661 1057 215 658 1058 218 662 1059 217 661 1060 216 663 1061 163 651 1062 219 664 1063 218 662 1064 167 665 1065 221 666 1066 166 667 1067 220 668 1068 223 669 1069 221 666 1070 222 670 1071 225 671 1072 223 669 1073 165 657 1074 225 671 1075 224 672 1076 226 673 1077 168 674 1078 169 675 1079 228 676 1080 227 677 1081 226 673 1082 230 678 1083 229 679 1084 228 676 1085 167 665 1086 231 680 1087 230 678 1088 171 681 1089 233 682 1090 170 683 1091 232 684 1092 235 685 1093 233 682 1094 234 686 1095 237 687 1096 235 685 1097 169 675 1098 237 687 1099 236 688 1100 238 689 1101 172 690 1102 173 691 1103 238 689 1104 241 692 1105 239 693 1106 240 694 1107 243 695 1108 241 692 1109 171 681 1110 243 695 1111 242 696 1112 245 697 1113 247 698 1114 244 699 1115 246 700 1116 175 701 1117 247 698 1118 248 702 1119 175 701 1120 174 703 1121 250 704 1122 249 705 1123 248 702 1124 252 706 1125 251 707 1126 250 704 1127 176 708 1128 253 709 1129 252 706 1130 176 708 1131 255 710 1132 177 711 1133 254 712 1134 257 713 1135 255 710 1136 256 714 1137 259 715 1138 257 713 1139 178 716 1140 259 715 1141 258 717 1142 260 718 1143 179 719 1144 178 716 1145 262 720 1146 261 721 1147 260 718 1148 264 722 1149 263 723 1150 262 720 1151 269 724 1152 301 725 1153 268 726 1154 300 727 1155 303 728 1156 301 725 1157 302 729 1158 305 730 1159 303 728 1160 304 731 1161 267 732 1162 305 730 1163 306 733 1164 270 734 1165 271 735 1166 308 736 1167 307 737 1168 306 733 1169 310 738 1170 309 739 1171 308 736 1172 310 738 1173 268 726 1174 311 740 1175 312 741 1176 267 732 1177 266 742 1178 314 743 1179 313 744 1180 312 741 1181 314 743 1182 317 745 1183 315 746 1184 316 747 1185 272 748 1186 317 745 1187 275 749 1188 319 750 1189 274 751 1190 318 752 1191 321 753 1192 319 750 1193 320 754 1194 323 755 1195 321 753 1196 271 735 1197 323 755 1198 322 756 1199 324 757 1200 276 758 1201 277 759 1202 326 760 1203 325 761 1204 324 757 1205 328 762 1206 327 763 1207 326 760 1208 275 749 1209 329 764 1210 328 762 1211 279 765 1212 331 766 1213 278 767 1214 332 768 1215 331 766 1216 330 769 1217 334 770 1218 333 771 1219 332 768 1220 277 759 1221 335 772 1222 334 770 1223 336 773 1224 280 774 1225 281 775 1226 338 776 1227 337 777 1228 336 773 1229 338 776 1230 341 778 1231 339 779 1232 340 780 1233 278 767 1234 341 778 1235 342 781 1236 282 782 1237 283 783 1238 344 784 1239 343 785 1240 342 781 1241 346 786 1242 345 787 1243 344 784 1244 346 786 1245 280 774 1246 347 788 1247 285 789 1248 349 790 1249 284 791 1250 348 792 1251 351 793 1252 349 790 1253 350 794 1254 353 795 1255 351 793 1256 352 796 1257 282 782 1258 353 795 1259 354 797 1260 286 798 1261 287 799 1262 356 800 1263 355 801 1264 354 797 1265 358 802 1266 357 803 1267 356 800 1268 358 802 1269 284 791 1270 359 804 1271 289 805 1272 561 806 1273 288 807 1274 481 808 1275 567 809 1276 480 810 1277 364 811 1278 362 812 1279 363 813 1280 364 811 1281 286 798 1282 365 814 1283 366 815 1284 290 495 1285 293 494 1286 368 816 1287 367 817 1288 366 815 1289 370 818 1290 369 819 1291 368 816 1292 294 820 1293 371 821 1294 370 818 1295 294 820 1296 373 822 1297 295 823 1298 372 824 1299 375 825 1300 373 822 1301 374 826 1302 377 827 1303 375 825 1304 376 828 1305 297 829 1306 377 827 1307 378 830 1308 297 829 1309 296 831 1310 380 832 1311 379 833 1312 378 830 1313 382 834 1314 381 835 1315 380 832 1316 382 834 1317 299 836 1318 383 837 1319 298 838 1320 385 839 1321 299 836 1322 384 840 1323 387 841 1324 385 839 1325 386 842 1326 389 843 1327 387 841 1328 420 844 1329 392 845 1330 393 846 1331 422 847 1332 421 848 1333 420 844 1334 424 849 1335 423 850 1336 422 847 1337 390 851 1338 425 852 1339 424 849 1340 395 853 1341 427 854 1342 394 855 1343 426 856 1344 429 857 1345 427 854 1346 428 858 1347 431 859 1348 429 857 1349 393 846 1350 431 859 1351 430 860 1352 390 851 1353 433 861 1354 391 862 1355 432 863 1356 435 864 1357 433 861 1358 436 865 1359 435 864 1360 434 866 1361 396 867 1362 437 868 1363 436 865 1364 438 869 1365 398 870 1366 399 871 1367 440 872 1368 439 873 1369 438 869 1370 442 874 1371 441 875 1372 440 872 1373 442 874 1374 394 855 1375 443 876 1376 401 877 1377 445 878 1378 400 879 1379 444 880 1380 447 881 1381 445 878 1382 446 882 1383 449 883 1384 447 881 1385 448 884 1386 398 870 1387 449 883 1388 450 885 1389 402 886 1390 403 887 1391 450 885 1392 453 888 1393 451 889 1394 452 890 1395 455 891 1396 453 888 1397 454 892 1398 400 879 1399 455 891 1400 405 893 1401 457 894 1402 404 895 1403 456 896 1404 459 897 1405 457 894 1406 460 898 1407 459 897 1408 458 899 1409 403 887 1410 461 900 1411 460 898 1412 407 901 1413 463 902 1414 406 903 1415 462 904 1416 465 905 1417 463 902 1418 464 906 1419 467 907 1420 465 905 1421 405 893 1422 467 907 1423 466 908 1424 468 909 1425 408 910 1426 409 911 1427 470 912 1428 469 913 1429 468 909 1430 472 914 1431 471 915 1432 470 912 1433 407 901 1434 473 916 1435 472 914 1436 411 917 1437 475 918 1438 410 919 1439 474 920 1440 477 921 1441 475 918 1442 476 922 1443 479 923 1444 477 921 1445 409 911 1446 479 923 1447 478 924 1448 289 805 1449 173 691 1450 172 690 1451 481 808 1452 363 813 1453 362 812 1454 483 925 1455 485 926 1456 482 927 1457 411 917 1458 485 926 1459 484 928 1460 487 929 1461 489 930 1462 486 931 1463 488 932 1464 491 933 1465 489 930 1466 490 934 1467 415 935 1468 491 933 1469 492 936 1470 415 935 1471 414 937 1472 494 938 1473 493 939 1474 492 936 1475 496 940 1476 495 941 1477 494 938 1478 416 942 1479 497 943 1480 496 940 1481 416 942 1482 499 944 1483 417 945 1484 498 946 1485 501 947 1486 499 944 1487 500 948 1488 503 949 1489 501 947 1490 418 950 1491 503 949 1492 502 951 1493 504 952 1494 419 953 1495 418 950 1496 506 954 1497 505 955 1498 504 952 1499 508 956 1500 507 957 1501 506 954 1502 562 958 1503 561 959 1504 560 960 1505 80 961 1506 159 962 1507 81 520 1508 412 963 1509 57 578 1510 413 964 1511 360 965 1512 482 927 1513 361 966 1514 291 493 1515 82 527 1516 292 967 1517 90 534 1518 128 968 1519 91 969 1520 511 970 1521 244 699 1522 510 971 1523 515 498 1524 486 931 1525 512 496 1526 293 494 1527 513 972 1528 512 496 1529 511 973 1530 207 648 1531 206 974 1532 199 640 1533 514 497 1534 513 972 1535 518 975 1536 159 962 1537 158 976 1538 522 977 1539 520 978 1540 521 979 1541 516 522 1542 521 980 1543 520 981 1544 518 975 1545 522 982 1546 519 983 1547 396 867 1548 527 984 1549 397 985 1550 272 748 1551 525 986 1552 524 987 1553 530 988 1554 528 989 1555 529 990 1556 526 991 1557 530 992 1558 527 984 1559 524 987 1560 529 993 1561 528 994 1562 532 995 1563 535 996 1564 533 997 1565 538 998 1566 537 999 1567 536 1000 1568 550 1001 1569 553 1002 1570 552 1003 1571 538 1004 1572 550 1001 1573 539 1005 1574 548 1006 1575 536 1007 1576 537 1008 1577 548 1006 1578 555 1009 1579 549 1010 1580 557 1011 1581 388 1012 1582 556 1013 1583 559 1014 1584 553 1002 1585 558 1015 1586 265 1016 1587 545 1017 1588 544 1018 1589 150 1019 1590 547 1020 1591 151 612 1592 540 1021 1593 547 1022 1594 546 1023 1595 542 1024 1596 545 1025 1597 543 1026 1598 542 1024 1599 532 1027 1600 533 1028 1601 534 1029 1602 540 1021 1603 535 1030 1604 557 1011 1605 555 1009 1606 554 1031 1607 559 1014 1608 509 1032 1609 508 956 1610 412 963 1611 563 1033 1612 562 1034 1613 360 965 1614 565 1035 1615 564 1036 1616 571 1037 1617 569 1038 1618 570 1039 1619 566 1040 1620 570 1041 1621 567 809 1622 564 1036 1623 569 1042 1624 568 1043 1625 36 89 1626 305 78 1627 267 1044 1628 118 0 1629 357 0 1630 359 1 1631 523 3 1632 3 3 1633 2 3 1634 125 4 1635 240 310 1636 238 5 1637 55 7 1638 286 118 1639 355 8 1640 86 9 1641 325 441 1642 327 0 1643 173 11 1644 288 148 1645 413 12 1646 82 14 1647 199 444 1648 513 15 1649 124 17 1650 362 1045 1651 365 18 1652 516 1046 1653 520 1047 1654 2 1048 1655 6 1049 1656 7 1050 1657 436 1051 1658 7 1050 1659 8 20 1660 396 19 1661 6 1049 1662 436 1051 1663 42 1052 1664 516 1046 1665 2 1048 1666 6 1049 1667 436 1051 1668 197 355 1669 42 1052 1670 42 1052 1671 516 1046 1672 6 1049 1673 8 20 1674 9 1053 1675 526 21 1676 7 1050 1677 396 19 1678 436 1051 1679 9 1053 1680 5 1054 1681 531 1055 1682 9 1053 1683 531 1055 1684 526 21 1685 129 22 1686 367 442 1687 369 23 1688 96 25 1689 335 47 1690 276 26 1691 412 1056 1692 562 1057 1693 32 1058 1694 562 1057 1695 25 1059 1696 32 1058 1697 32 1058 1698 33 1060 1699 412 1056 1700 34 30 1701 35 1061 1702 122 28 1703 35 1061 1704 27 1062 1705 566 1063 1706 33 1060 1707 34 30 1708 56 29 1709 35 1061 1710 566 1063 1711 481 1064 1712 27 1062 1713 571 1065 1714 566 1063 1715 481 1064 1716 362 1045 1717 122 28 1718 362 1045 1719 124 17 1720 122 28 1721 35 1061 1722 481 1064 1723 122 28 1724 56 29 1725 412 1056 1726 33 1060 1727 88 10 1728 327 0 1729 329 31 1730 128 33 1731 511 1066 1732 206 34 1733 130 24 1734 369 23 1735 371 36 1736 136 38 1737 134 44 1738 373 39 1739 47 41 1740 102 63 1741 341 42 1742 134 44 1743 58 405 1744 295 45 1745 94 46 1746 333 445 1747 335 47 1748 59 48 1749 174 316 1750 246 49 1751 98 51 1752 337 75 1753 339 52 1754 138 54 1755 136 38 1756 375 40 1757 92 56 1758 47 41 1759 278 43 1760 140 58 1761 379 62 1762 381 0 1763 49 59 1764 108 88 1765 347 60 1766 60 61 1767 297 317 1768 379 62 1769 102 63 1770 100 53 1771 339 52 1772 61 64 1773 176 322 1774 252 65 1775 104 67 1776 343 102 1777 345 68 1778 39 70 1779 74 0 1780 311 71 1781 142 0 1782 381 0 1783 383 73 1784 49 59 1785 280 0 1786 337 75 1787 68 76 1788 66 329 1789 303 77 1790 148 79 1791 146 86 1792 385 0 1793 51 81 1794 114 110 1795 353 82 1796 70 83 1797 307 111 1798 309 84 1799 146 86 1800 62 323 1801 299 87 1802 106 69 1803 345 68 1804 347 60 1805 36 89 1806 267 1044 1807 313 0 1808 63 91 1809 178 328 1810 258 92 1811 112 94 1812 110 115 1813 349 95 1814 84 97 1815 323 464 1816 270 98 1817 150 100 1818 148 79 1819 387 80 1820 51 81 1821 282 0 1822 343 102 1823 72 85 1824 309 84 1825 311 71 1826 151 103 1827 547 1067 1828 545 104 1829 53 106 1830 120 2 1831 359 1 1832 76 90 1833 313 0 1834 315 108 1835 114 110 1836 112 94 1837 351 96 1838 41 99 1839 270 98 1840 307 111 1841 116 0 1842 355 8 1843 357 0 1844 37 112 1845 152 112 1846 184 113 1847 110 115 1848 53 106 1849 284 107 1850 80 116 1851 78 109 1852 315 108 1853 55 7 1854 126 0 1855 365 18 1856 524 1068 1857 528 1069 1858 13 1070 1859 528 1069 1860 4 1071 1861 13 1070 1862 13 1070 1863 12 1072 1864 524 1068 1865 12 1072 1866 11 1073 1867 272 1074 1868 11 1073 1869 10 121 1870 317 117 1871 272 1074 1872 11 1073 1873 317 117 1874 80 116 1875 317 117 1876 158 120 1877 158 120 1878 317 117 1879 10 121 1880 272 1074 1881 524 1068 1882 12 1072 1883 10 121 1884 3 1075 1885 518 119 1886 3 1075 1887 523 1076 1888 518 119 1889 477 122 1890 479 227 1891 358 123 1892 397 125 1893 527 257 1894 525 126 1895 363 128 1896 480 406 1897 361 129 1898 400 131 1899 445 139 1900 324 132 1901 410 134 1902 475 232 1903 354 135 1904 441 136 1905 443 219 1906 322 137 1907 445 139 1908 447 150 1909 326 140 1910 482 130 1911 485 236 1912 364 141 1913 437 142 1914 397 125 1915 273 127 1916 486 144 1917 489 158 1918 368 145 1919 455 147 1920 400 131 1921 277 133 1922 288 148 1923 561 1077 1924 563 149 1925 447 150 1926 449 449 1927 328 151 1928 319 152 1929 291 260 1930 290 153 1931 451 155 1932 453 171 1933 332 156 1934 489 158 1935 491 450 1936 370 159 1937 398 160 1938 439 237 1939 318 161 1940 493 163 1941 495 178 1942 374 164 1943 461 166 1944 402 179 1945 279 167 1946 415 169 1947 493 163 1948 372 165 1949 453 171 1950 455 147 1951 334 147 1952 497 172 1953 417 186 1954 296 173 1955 457 175 1956 459 187 1957 338 176 1958 495 178 1959 497 172 1960 376 174 1961 402 179 1962 451 155 1963 330 157 1964 499 180 1965 501 197 1966 380 181 1967 467 183 1968 404 198 1969 281 184 1970 417 186 1971 499 180 1972 378 182 1973 459 187 1974 461 166 1975 340 168 1976 503 188 1977 419 189 1978 298 189 1979 463 191 1980 465 210 1981 344 192 1982 431 194 1983 392 233 1984 269 195 1985 501 197 1986 503 188 1987 382 190 1988 404 198 1989 457 175 1990 336 177 1991 423 199 1992 425 477 1993 304 200 1994 505 202 1995 507 221 1996 386 203 1997 473 205 1998 406 223 1999 283 206 2000 427 207 2001 429 224 2002 308 208 2003 419 189 2004 505 202 2005 384 204 2006 465 210 2007 467 183 2008 346 185 2009 391 211 2010 433 229 2011 312 212 2012 421 214 2013 423 199 2014 302 201 2015 469 216 2016 471 231 2017 350 217 2018 443 219 2019 394 220 2020 271 220 2021 507 221 2022 509 225 2023 388 222 2024 406 223 2025 463 191 2026 342 193 2027 429 224 2028 431 194 2029 310 196 2030 509 225 2031 558 473 2032 556 226 2033 479 227 2034 408 234 2035 285 228 2036 433 229 2037 435 235 2038 314 230 2039 471 231 2040 473 205 2041 352 205 2042 394 220 2043 427 207 2044 306 209 2045 475 232 2046 477 122 2047 356 124 2048 392 233 2049 421 214 2050 300 215 2051 408 234 2052 469 216 2053 348 218 2054 435 235 2055 437 142 2056 316 143 2057 485 236 2058 410 134 2059 287 134 2060 439 237 2061 441 136 2062 320 138 2063 65 238 2064 180 242 2065 155 239 2066 67 241 2067 182 241 2068 180 242 2069 69 114 2070 184 113 2071 182 241 2072 77 243 2073 192 243 2074 152 112 2075 71 244 2076 186 248 2077 157 245 2078 73 247 2079 188 250 2080 186 248 2081 75 249 2082 190 251 2083 188 250 2084 38 240 2085 155 239 2086 190 251 2087 64 252 2088 39 70 2089 268 72 2090 79 254 2091 194 256 2092 192 243 2093 81 255 2094 196 463 2095 194 256 2096 527 257 2097 530 1078 2098 529 258 2099 321 259 2100 83 1079 2101 291 260 2102 40 246 2103 157 245 2104 200 261 2105 87 263 2106 202 267 2107 161 264 2108 89 266 2109 204 268 2110 202 267 2111 91 35 2112 206 34 2113 204 268 2114 93 269 2115 208 273 2116 163 270 2117 95 272 2118 210 275 2119 208 273 2120 97 274 2121 212 276 2122 210 275 2123 44 265 2124 161 264 2125 212 276 2126 99 277 2127 214 281 2128 165 278 2129 101 280 2130 216 283 2131 214 281 2132 103 282 2133 218 284 2134 216 283 2135 46 271 2136 163 270 2137 218 284 2138 105 285 2139 220 289 2140 167 286 2141 107 288 2142 222 291 2143 220 289 2144 109 290 2145 224 292 2146 222 291 2147 48 279 2148 165 278 2149 224 292 2150 111 293 2151 226 297 2152 169 294 2153 113 296 2154 228 299 2155 226 297 2156 115 298 2157 230 300 2158 228 299 2159 50 287 2160 167 286 2161 230 300 2162 117 301 2163 232 305 2164 171 302 2165 119 304 2166 234 307 2167 232 305 2168 121 306 2169 236 308 2170 234 307 2171 52 295 2172 169 294 2173 236 308 2174 571 3 2175 27 3 2176 26 3 2177 127 309 2178 242 311 2179 240 310 2180 54 303 2181 171 302 2182 242 311 2183 133 50 2184 246 49 2185 245 313 2186 135 315 2187 248 319 2188 174 316 2189 60 61 2190 138 54 2191 377 55 2192 137 318 2193 250 320 2194 248 319 2195 139 66 2196 252 65 2197 250 320 2198 141 321 2199 254 325 2200 176 322 2201 62 323 2202 144 74 2203 383 73 2204 143 324 2205 256 326 2206 254 325 2207 145 93 2208 258 92 2209 256 326 2210 147 327 2211 260 331 2212 178 328 2213 66 329 2214 64 252 2215 301 253 2216 149 330 2217 262 333 2218 260 331 2219 151 332 2220 264 1080 2221 262 333 2222 154 334 2223 393 354 2224 430 335 2225 185 337 2226 424 478 2227 422 338 2228 187 340 2229 189 349 2230 428 341 2231 153 343 2232 193 350 2233 432 344 2234 201 346 2235 156 352 2236 395 347 2237 189 349 2238 191 336 2239 430 335 2240 193 350 2241 195 356 2242 434 351 2243 156 352 2244 187 340 2245 426 342 2246 181 353 2247 420 435 2248 393 354 2249 197 355 2250 436 1051 2251 434 351 2252 201 346 2253 442 348 2254 440 357 2255 159 359 2256 519 1081 2257 517 360 2258 440 357 2259 438 447 2260 514 362 2261 160 363 2262 203 443 2263 444 364 2264 213 366 2265 160 363 2266 401 365 2267 205 368 2268 207 1082 2269 448 369 2270 448 369 2271 207 1082 2272 510 371 2273 162 373 2274 403 382 2275 460 374 2276 211 376 2277 213 366 2278 454 367 2279 215 378 2280 217 386 2281 458 379 2282 209 381 2283 450 344 2284 403 382 2285 164 383 2286 405 390 2287 466 384 2288 219 375 2289 460 374 2290 458 379 2291 221 387 2292 223 394 2293 464 388 2294 164 383 2295 215 378 2296 456 380 2297 166 391 2298 407 344 2299 472 392 2300 223 394 2301 225 385 2302 466 384 2303 229 395 2304 470 344 2305 468 396 2306 166 391 2307 221 387 2308 462 389 2309 168 398 2310 409 401 2311 478 399 2312 231 393 2313 472 392 2314 470 344 2315 233 344 2316 235 402 2317 476 344 2318 227 397 2319 468 396 2320 409 401 2321 170 344 2322 411 344 2323 484 344 2324 235 402 2325 237 400 2326 478 399 2327 241 403 2328 243 344 2329 484 344 2330 170 344 2331 233 344 2332 474 344 2333 132 37 2334 371 36 2335 295 45 2336 480 406 2337 567 1083 2338 565 407 2339 244 408 2340 247 492 2341 490 409 2342 239 1084 2343 241 403 2344 483 404 2345 239 1084 2346 483 404 2347 360 1085 2348 172 1086 2349 239 1084 2350 30 1087 2351 239 1084 2352 360 1085 2353 31 1088 2354 30 1087 2355 239 1084 2356 31 1088 2357 564 1089 2358 568 1090 2359 26 1091 2360 360 1085 2361 564 1089 2362 31 1088 2363 24 1092 2364 560 1093 2365 28 411 2366 560 1093 2367 289 412 2368 28 411 2369 289 412 2370 172 1086 2371 29 413 2372 29 413 2373 172 1086 2374 30 1087 2375 564 1089 2376 26 1091 2377 31 1088 2378 251 414 2379 494 423 2380 492 415 2381 510 371 2382 244 408 2383 488 410 2384 249 416 2385 492 415 2386 414 418 2387 177 420 2388 416 427 2389 496 421 2390 253 422 2391 496 421 2392 494 423 2393 255 424 2394 257 431 2395 500 425 2396 177 420 2397 255 424 2398 498 426 2399 179 428 2400 418 434 2401 502 429 2402 257 431 2403 259 430 2404 502 429 2405 263 432 2406 506 437 2407 504 344 2408 261 433 2409 504 344 2410 418 434 2411 183 339 2412 422 338 2413 420 435 2414 265 436 2415 508 1094 2416 506 437 2417 559 1095 2418 508 1094 2419 18 1096 2420 508 1094 2421 265 436 2422 18 1096 2423 265 436 2424 544 1097 2425 18 1096 2426 552 440 2427 559 1095 2428 19 438 2429 542 1098 2430 533 1099 2431 14 1100 2432 559 1095 2433 18 1096 2434 19 438 2435 544 1097 2436 542 1098 2437 18 1096 2438 17 1101 2439 539 1102 2440 20 439 2441 539 1102 2442 550 1103 2443 20 439 2444 550 1103 2445 552 440 2446 20 439 2447 542 1098 2448 14 1100 2449 18 1096 2450 45 27 2451 276 26 2452 325 441 2453 129 22 2454 90 32 2455 329 31 2456 209 381 2457 211 376 2458 452 377 2459 203 443 2460 205 368 2461 446 370 2462 85 262 2463 200 261 2464 199 444 2465 92 56 2466 331 57 2467 333 445 2468 515 446 2469 514 362 2470 438 447 2471 449 449 2472 398 160 2473 275 162 2474 491 450 2475 415 169 2476 294 170 2477 512 451 2478 486 144 2479 366 146 2480 131 314 2481 245 313 2482 511 453 2483 517 455 2484 519 1104 2485 522 456 2486 531 458 2487 5 458 2488 4 458 2489 543 459 2490 541 1105 2491 534 460 2492 81 255 2493 159 1106 2494 43 462 2495 84 97 2496 83 1079 2497 321 259 2498 13 465 2499 4 465 2500 5 465 2501 3 465 2502 10 465 2503 6 465 2504 10 465 2505 11 465 2506 7 465 2507 11 465 2508 12 465 2509 8 465 2510 12 465 2511 13 465 2512 9 465 2513 536 466 2514 549 471 2515 551 467 2516 547 468 2517 541 1105 2518 543 459 2519 560 458 2520 24 458 2521 25 458 2522 539 458 2523 17 458 2524 16 458 2525 553 470 2526 551 467 2527 549 471 2528 558 473 2529 553 470 2530 555 472 2531 16 465 2532 17 465 2533 20 465 2534 150 100 2535 389 101 2536 21 474 2537 389 101 2538 557 1107 2539 21 474 2540 557 1107 2541 554 1108 2542 22 1109 2543 150 100 2544 21 474 2545 546 1110 2546 548 1111 2547 537 1112 2548 23 1113 2549 537 1112 2550 16 1114 2551 23 1113 2552 557 1107 2553 22 1109 2554 21 474 2555 554 1108 2556 548 1111 2557 23 1113 2558 22 1109 2559 554 1108 2560 23 1113 2561 15 475 2562 535 1115 2563 540 476 2564 540 476 2565 546 1110 2566 21 474 2567 535 3 2568 15 3 2569 14 3 2570 21 465 2571 18 465 2572 14 465 2573 22 465 2574 19 465 2575 18 465 2576 23 465 2577 20 465 2578 19 465 2579 425 477 2580 391 211 2581 266 213 2582 153 343 2583 390 345 2584 424 478 2585 565 479 2586 567 1116 2587 570 480 2588 26 482 2589 27 1117 2590 35 483 2591 28 485 2592 32 482 2593 25 486 2594 29 488 2595 33 490 2596 32 482 2597 30 489 2598 34 491 2599 33 490 2600 31 484 2601 35 483 2602 34 491 2603 247 492 2604 175 419 2605 414 418 2606 123 6 2607 238 5 2608 173 11 2609 291 493 2610 292 967 2611 293 494 2612 512 496 2613 513 972 2614 514 497 2615 39 499 2616 64 502 2617 65 500 2618 64 502 2619 66 504 2620 67 503 2621 66 504 2622 68 506 2623 69 505 2624 68 506 2625 36 517 2626 37 507 2627 70 508 2628 71 512 2629 40 509 2630 72 511 2631 73 514 2632 71 512 2633 74 513 2634 75 515 2635 73 514 2636 39 499 2637 38 501 2638 75 515 2639 76 516 2640 77 519 2641 37 507 2642 78 518 2643 79 521 2644 77 519 2645 78 518 2646 80 961 2647 81 520 2648 516 522 2649 42 637 2650 43 523 2651 83 525 2652 84 528 2653 85 526 2654 41 510 2655 40 509 2656 85 526 2657 86 529 2658 87 533 2659 44 530 2660 88 532 2661 89 535 2662 87 533 2663 90 534 2664 91 969 2665 89 535 2666 47 536 2667 92 540 2668 93 537 2669 94 539 2670 95 542 2671 93 537 2672 96 541 2673 97 543 2674 95 542 2675 45 531 2676 44 530 2677 97 543 2678 98 544 2679 99 548 2680 48 545 2681 100 547 2682 101 550 2683 99 548 2684 100 547 2685 102 551 2686 103 549 2687 102 551 2688 47 536 2689 46 538 2690 104 552 2691 105 556 2692 50 553 2693 106 555 2694 107 558 2695 105 556 2696 108 557 2697 109 559 2698 107 558 2699 108 557 2700 49 546 2701 48 545 2702 53 560 2703 110 563 2704 111 561 2705 110 563 2706 112 565 2707 113 564 2708 112 565 2709 114 567 2710 115 566 2711 114 567 2712 51 554 2713 50 553 2714 116 568 2715 117 572 2716 54 569 2717 118 571 2718 119 574 2719 117 572 2720 120 573 2721 121 575 2722 119 574 2723 120 573 2724 53 560 2725 52 562 2726 56 576 2727 122 580 2728 123 577 2729 124 579 2730 125 582 2731 123 577 2732 126 581 2733 127 583 2734 125 582 2735 126 581 2736 55 570 2737 54 569 2738 130 584 2739 131 588 2740 128 585 2741 132 587 2742 133 590 2743 131 588 2744 58 589 2745 59 592 2746 133 590 2747 58 589 2748 134 593 2749 135 591 2750 134 593 2751 136 595 2752 137 594 2753 136 595 2754 138 597 2755 139 596 2756 138 597 2757 60 600 2758 61 598 2759 140 599 2760 141 602 2761 61 598 2762 142 601 2763 143 604 2764 141 602 2765 144 603 2766 145 606 2767 143 604 2768 144 603 2769 62 607 2770 63 605 2771 62 607 2772 146 609 2773 147 608 2774 146 609 2775 148 611 2776 149 610 2777 148 611 2778 150 1019 2779 151 612 2780 180 613 2781 181 617 2782 154 614 2783 182 616 2784 183 619 2785 181 617 2786 184 618 2787 185 621 2788 183 619 2789 152 620 2790 153 631 2791 185 621 2792 157 622 2793 186 625 2794 187 623 2795 186 625 2796 188 627 2797 189 626 2798 188 627 2799 190 629 2800 191 628 2801 190 629 2802 155 615 2803 154 614 2804 152 620 2805 192 632 2806 193 630 2807 192 632 2808 194 635 2809 195 633 2810 196 634 2811 197 636 2812 195 633 2813 197 636 2814 196 634 2815 43 523 2816 200 638 2817 201 641 2818 198 639 2819 200 638 2820 157 622 2821 156 624 2822 161 642 2823 202 645 2824 203 643 2825 202 645 2826 204 647 2827 205 646 2828 204 647 2829 206 974 2830 207 648 2831 208 649 2832 209 653 2833 162 650 2834 208 649 2835 210 654 2836 211 652 2837 210 654 2838 212 656 2839 213 655 2840 212 656 2841 161 642 2842 160 644 2843 165 657 2844 214 660 2845 215 658 2846 214 660 2847 216 663 2848 217 661 2849 218 662 2850 219 664 2851 217 661 2852 163 651 2853 162 650 2854 219 664 2855 167 665 2856 220 668 2857 221 666 2858 220 668 2859 222 670 2860 223 669 2861 222 670 2862 224 672 2863 225 671 2864 165 657 2865 164 659 2866 225 671 2867 226 673 2868 227 677 2869 168 674 2870 228 676 2871 229 679 2872 227 677 2873 230 678 2874 231 680 2875 229 679 2876 167 665 2877 166 667 2878 231 680 2879 171 681 2880 232 684 2881 233 682 2882 232 684 2883 234 686 2884 235 685 2885 234 686 2886 236 688 2887 237 687 2888 169 675 2889 168 674 2890 237 687 2891 238 689 2892 239 693 2893 172 690 2894 238 689 2895 240 694 2896 241 692 2897 240 694 2898 242 696 2899 243 695 2900 171 681 2901 170 683 2902 243 695 2903 245 697 2904 246 700 2905 247 698 2906 246 700 2907 174 703 2908 175 701 2909 248 702 2910 249 705 2911 175 701 2912 250 704 2913 251 707 2914 249 705 2915 252 706 2916 253 709 2917 251 707 2918 176 708 2919 177 711 2920 253 709 2921 176 708 2922 254 712 2923 255 710 2924 254 712 2925 256 714 2926 257 713 2927 256 714 2928 258 717 2929 259 715 2930 178 716 2931 179 719 2932 259 715 2933 260 718 2934 261 721 2935 179 719 2936 262 720 2937 263 723 2938 261 721 2939 264 722 2940 265 1016 2941 263 723 2942 269 724 2943 300 727 2944 301 725 2945 300 727 2946 302 729 2947 303 728 2948 302 729 2949 304 731 2950 305 730 2951 304 731 2952 266 742 2953 267 732 2954 306 733 2955 307 737 2956 270 734 2957 308 736 2958 309 739 2959 307 737 2960 310 738 2961 311 740 2962 309 739 2963 310 738 2964 269 724 2965 268 726 2966 312 741 2967 313 744 2968 267 732 2969 314 743 2970 315 746 2971 313 744 2972 314 743 2973 316 747 2974 317 745 2975 316 747 2976 273 1118 2977 272 748 2978 275 749 2979 318 752 2980 319 750 2981 318 752 2982 320 754 2983 321 753 2984 320 754 2985 322 756 2986 323 755 2987 271 735 2988 270 734 2989 323 755 2990 324 757 2991 325 761 2992 276 758 2993 326 760 2994 327 763 2995 325 761 2996 328 762 2997 329 764 2998 327 763 2999 275 749 3000 274 751 3001 329 764 3002 279 765 3003 330 769 3004 331 766 3005 332 768 3006 333 771 3007 331 766 3008 334 770 3009 335 772 3010 333 771 3011 277 759 3012 276 758 3013 335 772 3014 336 773 3015 337 777 3016 280 774 3017 338 776 3018 339 779 3019 337 777 3020 338 776 3021 340 780 3022 341 778 3023 340 780 3024 279 765 3025 278 767 3026 342 781 3027 343 785 3028 282 782 3029 344 784 3030 345 787 3031 343 785 3032 346 786 3033 347 788 3034 345 787 3035 346 786 3036 281 775 3037 280 774 3038 285 789 3039 348 792 3040 349 790 3041 348 792 3042 350 794 3043 351 793 3044 350 794 3045 352 796 3046 353 795 3047 352 796 3048 283 783 3049 282 782 3050 354 797 3051 355 801 3052 286 798 3053 356 800 3054 357 803 3055 355 801 3056 358 802 3057 359 804 3058 357 803 3059 358 802 3060 285 789 3061 284 791 3062 289 805 3063 560 1119 3064 561 806 3065 481 808 3066 566 1040 3067 567 809 3068 364 811 3069 365 814 3070 362 812 3071 364 811 3072 287 799 3073 286 798 3074 366 815 3075 367 817 3076 290 495 3077 368 816 3078 369 819 3079 367 817 3080 370 818 3081 371 821 3082 369 819 3083 294 820 3084 295 823 3085 371 821 3086 294 820 3087 372 824 3088 373 822 3089 372 824 3090 374 826 3091 375 825 3092 374 826 3093 376 828 3094 377 827 3095 376 828 3096 296 831 3097 297 829 3098 378 830 3099 379 833 3100 297 829 3101 380 832 3102 381 835 3103 379 833 3104 382 834 3105 383 837 3106 381 835 3107 382 834 3108 298 838 3109 299 836 3110 298 838 3111 384 840 3112 385 839 3113 384 840 3114 386 842 3115 387 841 3116 386 842 3117 388 1012 3118 389 843 3119 420 844 3120 421 848 3121 392 845 3122 422 847 3123 423 850 3124 421 848 3125 424 849 3126 425 852 3127 423 850 3128 390 851 3129 391 862 3130 425 852 3131 395 853 3132 426 856 3133 427 854 3134 426 856 3135 428 858 3136 429 857 3137 428 858 3138 430 860 3139 431 859 3140 393 846 3141 392 845 3142 431 859 3143 390 851 3144 432 863 3145 433 861 3146 432 863 3147 434 866 3148 435 864 3149 436 865 3150 437 868 3151 435 864 3152 396 867 3153 397 985 3154 437 868 3155 438 869 3156 439 873 3157 398 870 3158 440 872 3159 441 875 3160 439 873 3161 442 874 3162 443 876 3163 441 875 3164 442 874 3165 395 853 3166 394 855 3167 401 877 3168 444 880 3169 445 878 3170 444 880 3171 446 882 3172 447 881 3173 446 882 3174 448 884 3175 449 883 3176 448 884 3177 399 871 3178 398 870 3179 450 885 3180 451 889 3181 402 886 3182 450 885 3183 452 890 3184 453 888 3185 452 890 3186 454 892 3187 455 891 3188 454 892 3189 401 877 3190 400 879 3191 405 893 3192 456 896 3193 457 894 3194 456 896 3195 458 899 3196 459 897 3197 460 898 3198 461 900 3199 459 897 3200 403 887 3201 402 886 3202 461 900 3203 407 901 3204 462 904 3205 463 902 3206 462 904 3207 464 906 3208 465 905 3209 464 906 3210 466 908 3211 467 907 3212 405 893 3213 404 895 3214 467 907 3215 468 909 3216 469 913 3217 408 910 3218 470 912 3219 471 915 3220 469 913 3221 472 914 3222 473 916 3223 471 915 3224 407 901 3225 406 903 3226 473 916 3227 411 917 3228 474 920 3229 475 918 3230 474 920 3231 476 922 3232 477 921 3233 476 922 3234 478 924 3235 479 923 3236 409 911 3237 408 910 3238 479 923 3239 289 805 3240 288 807 3241 173 691 3242 481 808 3243 480 810 3244 363 813 3245 483 925 3246 484 928 3247 485 926 3248 411 917 3249 410 919 3250 485 926 3251 487 929 3252 488 932 3253 489 930 3254 488 932 3255 490 934 3256 491 933 3257 490 934 3258 414 937 3259 415 935 3260 492 936 3261 493 939 3262 415 935 3263 494 938 3264 495 941 3265 493 939 3266 496 940 3267 497 943 3268 495 941 3269 416 942 3270 417 945 3271 497 943 3272 416 942 3273 498 946 3274 499 944 3275 498 946 3276 500 948 3277 501 947 3278 500 948 3279 502 951 3280 503 949 3281 418 950 3282 419 953 3283 503 949 3284 504 952 3285 505 955 3286 419 953 3287 506 954 3288 507 957 3289 505 955 3290 508 956 3291 509 1032 3292 507 957 3293 562 958 3294 563 1120 3295 561 959 3296 80 961 3297 158 976 3298 159 962 3299 412 963 3300 56 576 3301 57 578 3302 360 965 3303 483 925 3304 482 927 3305 291 493 3306 83 525 3307 82 527 3308 90 534 3309 129 1121 3310 128 968 3311 511 970 3312 245 697 3313 244 699 3314 515 498 3315 487 929 3316 486 931 3317 293 494 3318 292 967 3319 513 972 3320 511 973 3321 510 1122 3322 207 648 3323 199 640 3324 198 639 3325 514 497 3326 518 975 3327 519 983 3328 159 962 3329 522 977 3330 523 1123 3331 520 978 3332 516 522 3333 517 524 3334 521 980 3335 518 975 3336 523 1124 3337 522 982 3338 396 867 3339 526 991 3340 527 984 3341 272 748 3342 273 1118 3343 525 986 3344 530 988 3345 531 1125 3346 528 989 3347 526 991 3348 531 1126 3349 530 992 3350 524 987 3351 525 986 3352 529 993 3353 532 995 3354 534 1127 3355 535 996 3356 538 998 3357 539 1128 3358 537 999 3359 550 1001 3360 551 1129 3361 553 1002 3362 538 1004 3363 551 1129 3364 550 1001 3365 548 1006 3366 549 1010 3367 536 1007 3368 548 1006 3369 554 1031 3370 555 1009 3371 557 1011 3372 389 843 3373 388 1012 3374 559 1014 3375 552 1003 3376 553 1002 3377 265 1016 3378 264 722 3379 545 1017 3380 150 1019 3381 546 1130 3382 547 1020 3383 540 1021 3384 541 1131 3385 547 1022 3386 542 1024 3387 544 1132 3388 545 1025 3389 542 1024 3390 543 1026 3391 532 1027 3392 534 1029 3393 541 1131 3394 540 1021 3395 557 1011 3396 556 1013 3397 555 1009 3398 559 1014 3399 558 1015 3400 509 1032 3401 412 963 3402 413 964 3403 563 1033 3404 360 965 3405 361 966 3406 565 1035 3407 571 1037 3408 568 1133 3409 569 1038 3410 566 1040 3411 571 1134 3412 570 1041 3413 564 1036 3414 565 1035 3415 569 1042 3416 36 89 3417 68 76 3418 305 78 3419</p>
        </triangles>
      </mesh>
    </geometry>
    <geometry id="Stand-mesh" name="Stand">
      <mesh>
        <source id="Stand-mesh-positions">
          <float_array id="Stand-mesh-positions-array" count="1731">0 0.008467316 0.09960633 0 0.03010183 0.04432278 0 0.01714193 0.0574975 0 0.06915497 0.02872347 0 0.1101289 0.01121324 -0.001620113 0.007822751 0.09960633 -0.01151943 0.02781045 0.04432278 -0.006289899 0.01583713 0.0574975 -0.02646446 0.06389087 0.02872347 -0.04214447 0.1017458 0.01121324 -0.002993643 0.005987286 0.09960633 -0.02128517 0.02128517 0.04432278 -0.01162225 0.0121212 0.0574975 -0.04889994 0.04889994 0.02872347 -0.07787287 0.07787287 0.01121324 -0.003911375 0.003240287 0.09960633 -0.02781045 0.01151943 0.04432278 -0.01518517 0.006559908 0.0574975 -0.06389087 0.02646446 0.02872347 -0.1017458 0.04214447 0.01121324 -0.004233658 0 0.09960633 -0.03010183 0 0.04432278 -0.01643633 0 0.0574975 -0.06915497 0 0.02872347 -0.1101289 0 0.01121324 -0.003911375 -0.003240287 0.09960633 -0.02781045 -0.01151943 0.04432278 -0.01518517 -0.006559908 0.0574975 -0.06389087 -0.02646446 0.02872347 -0.1017458 -0.04214447 0.01121324 -0.002993643 -0.005987286 0.09960633 -0.02128517 -0.02128517 0.04432278 -0.01162225 -0.0121212 0.05749756 -0.04889994 -0.04889994 0.02872347 -0.07787287 -0.07787287 0.01121324 -0.001620113 -0.007822751 0.09960633 -0.01151943 -0.02781045 0.04432278 -0.006289899 -0.01583713 0.0574975 -0.02646446 -0.06389087 0.02872347 -0.04214447 -0.1017459 0.01121324 0 -0.008467316 0.09960633 0 -0.03010183 0.04432278 0 -0.01714193 0.0574975 0 -0.06915497 0.02872347 0 -0.1101289 0.01121324 0.001620113 -0.007822751 0.09960633 0.01151943 -0.02781045 0.04432278 0.006289899 -0.01583713 0.0574975 0.02646446 -0.06389087 0.02872347 0.04214447 -0.1017458 0.01121324 0.002993643 -0.005987286 0.09960633 0.02128517 -0.02128517 0.04432278 0.01162225 -0.0121212 0.0574975 0.04889994 -0.04889994 0.02872347 0.07787287 -0.07787287 0.01121324 0.003911375 -0.003240287 0.09960633 0.02781045 -0.01151943 0.04432278 0.01518517 -0.006559908 0.0574975 0.06389087 -0.02646446 0.02872347 0.1017459 -0.04214447 0.01121324 0.004233658 0 0.09960633 0.03010183 0 0.04432278 0.01643633 0 0.0574975 0.06915497 0 0.02872347 0.1101289 0 0.01121324 0.003911375 0.003240287 0.09960633 0.02781045 0.01151943 0.04432278 0.01518517 0.006559908 0.0574975 0.06389087 0.02646446 0.02872347 0.1017458 0.04214447 0.01121324 0.002993643 0.005987286 0.09960633 0.02128517 0.02128517 0.04432278 0.01162225 0.0121212 0.0574975 0.04889994 0.04889994 0.02872347 0.07787287 0.07787287 0.01121324 0.001620113 0.007822751 0.09960633 0.01151943 0.02781045 0.04432278 0.006289899 0.01583713 0.0574975 0.02646446 0.06389087 0.02872347 0.04214447 0.1017459 0.01121324 0 0.03309071 0.04070812 0 0.1193255 0.006061196 0 0.07763677 0.02344095 0 0.02397513 0.04831832 0 0.01215124 0.0757991 0 0.05370199 0.0330379 0 0.09716314 0.01485002 -8.25894e-4 0.008304059 0.09960627 -0.005872189 0.02952152 0.04432278 -0.003206312 0.01681149 0.05749756 -0.01349055 0.06782186 0.02872347 -0.02148365 0.1080058 0.01121324 -0.002351939 0.007039844 0.09960627 -0.01672255 0.02502715 0.04432278 -0.009130954 0.01425212 0.05749756 -0.03841799 0.05749654 0.02872347 -0.06118041 0.09156292 0.01121324 -0.003519892 0.004703879 0.09960627 -0.02502715 0.01672255 0.04432278 -0.01366543 0.009522914 0.05749756 -0.05749654 0.03841799 0.02872347 -0.09156292 0.06118035 0.01121324 -0.004151999 0.001651763 0.09960633 -0.02952152 0.005872189 0.04432278 -0.01611948 0.003343999 0.05749756 -0.06782186 0.01349055 0.02872347 -0.1080058 0.02148365 0.01121324 -0.004151999 -0.001651763 0.09960633 -0.02952152 -0.005872189 0.04432278 -0.01611948 -0.003343999 0.05749756 -0.06782186 -0.01349061 0.02872347 -0.1080058 -0.02148365 0.01121324 -0.003519892 -0.004703879 0.09960633 -0.02502715 -0.01672255 0.04432278 -0.01366543 -0.009522914 0.05749756 -0.05749654 -0.03841799 0.02872347 -0.09156292 -0.06118041 0.01121324 -0.002351939 -0.007039844 0.09960627 -0.01672255 -0.02502715 0.04432278 -0.009130954 -0.01425212 0.05749756 -0.03841799 -0.0574966 0.02872347 -0.06118035 -0.09156292 0.01121324 -8.25894e-4 -0.008304059 0.09960627 -0.005872189 -0.02952152 0.04432278 -0.003206312 -0.01681149 0.05749756 -0.01349055 -0.06782186 0.02872347 -0.02148365 -0.1080058 0.01121324 8.25895e-4 -0.008304059 0.09960627 0.005872189 -0.02952152 0.04432278 0.003206372 -0.01681149 0.05749756 0.01349055 -0.06782186 0.02872347 0.02148365 -0.1080058 0.01121324 0.002351939 -0.007039844 0.09960627 0.01672255 -0.02502715 0.04432278 0.009130954 -0.01425212 0.05749756 0.03841799 -0.05749654 0.02872347 0.06118041 -0.09156292 0.01121324 0.003519892 -0.004703879 0.09960627 0.02502715 -0.01672255 0.04432278 0.01366543 -0.009522914 0.05749756 0.0574966 -0.03841793 0.02872347 0.09156292 -0.06118035 0.01121324 0.004151999 -0.001651763 0.09960627 0.02952152 -0.005872189 0.04432278 0.01611948 -0.003343999 0.05749756 0.06782186 -0.01349055 0.02872347 0.1080058 -0.02148365 0.01121324 0.004151999 0.001651763 0.09960627 0.02952152 0.005872189 0.04432278 0.01611948 0.003343999 0.05749756 0.06782186 0.01349061 0.02872347 0.1080058 0.02148371 0.01121324 0.003519892 0.004703879 0.09960627 0.02502715 0.01672261 0.04432278 0.01366543 0.009522914 0.05749756 0.05749654 0.03841799 0.02872347 0.09156292 0.06118041 0.01121324 0.002351939 0.007039844 0.09960627 0.01672255 0.02502715 0.04432278 0.009130954 0.01425212 0.05749756 0.03841799 0.0574966 0.02872347 0.06118035 0.09156292 0.01121324 8.25894e-4 0.008304059 0.09960627 0.005872189 0.02952152 0.04432278 0.003206312 0.01681149 0.05749756 0.01349055 0.06782186 0.02872347 0.02148365 0.1080058 0.01121324 -0.01266324 0.03057181 0.04070812 -0.02339863 0.02339863 0.04070812 -0.03057181 0.01266324 0.04070812 -0.03309071 0 0.04070812 -0.03057181 -0.01266324 0.04070812 -0.02339863 -0.02339863 0.04070812 -0.01266324 -0.03057181 0.04070812 0 -0.03309071 0.04070812 0.01266324 -0.03057181 0.04070812 0.02339863 -0.02339863 0.04070812 0.03057181 -0.01266324 0.04070812 0.03309071 0 0.04070812 0.03057181 0.01266324 0.04070812 0.02339863 0.02339863 0.04070812 0.01266324 0.03057181 0.04070812 -0.04566389 0.1102423 0.006061196 -0.08437585 0.08437585 0.006061196 -0.1102424 0.04566389 0.006061196 -0.1193255 0 0.006061196 -0.1102423 -0.04566389 0.006061196 -0.08437585 -0.08437585 0.006061196 -0.04566383 -0.1102424 0.006061196 0 -0.1193255 0.006061196 0.04566389 -0.1102423 0.006061196 0.08437585 -0.08437585 0.006061196 0.1102424 -0.04566383 0.006061196 0.1193255 0 0.006061196 0.1102423 0.04566389 0.006061196 0.08437579 0.08437585 0.006061196 0.04566383 0.1102424 0.006061196 -0.02971029 0.07172703 0.02344095 -0.05489748 0.05489748 0.02344095 -0.07172703 0.02971029 0.02344095 -0.07763677 0 0.02344095 -0.07172703 -0.02971029 0.02344095 -0.05489748 -0.05489748 0.02344095 -0.02971029 -0.07172703 0.02344095 0 -0.07763677 0.02344095 0.02971029 -0.07172703 0.02344095 0.05489748 -0.05489748 0.02344095 0.07172703 -0.02971029 0.02344095 0.07763677 0 0.02344095 0.07172703 0.02971029 0.02344095 0.05489748 0.05489754 0.02344095 0.02971029 0.07172703 0.02344095 -0.009141147 0.02215015 0.04831832 -0.01689064 0.01695299 0.04831832 -0.02206867 0.009174883 0.04831832 -0.02388697 0 0.04831832 -0.02206867 -0.009174883 0.04831832 -0.01689064 -0.01695299 0.04831832 -0.009141147 -0.02215015 0.04831832 0 -0.02397513 0.04831832 0.009141147 -0.02215015 0.04831832 0.01689064 -0.01695299 0.04831832 0.02206867 -0.009174883 0.04831832 0.02388697 0 0.04831832 0.02206867 0.009174883 0.04831832 0.01689064 0.01695299 0.04831832 0.009141147 0.02215015 0.04831832 -0.003806233 0.01122629 0.0757991 -0.00703299 0.008592188 0.0757991 -0.009189069 0.004650056 0.0757991 -0.009946167 0 0.0757991 -0.009189069 -0.004650056 0.0757991 -0.00703299 -0.008592188 0.0757991 -0.003806233 -0.01122629 0.0757991 0 -0.01215124 0.0757991 0.003806233 -0.01122629 0.0757991 0.00703299 -0.008592188 0.0757991 0.009189069 -0.004650056 0.0757991 0.009946167 0 0.0757991 0.009189069 0.004650056 0.0757991 0.00703299 0.008592188 0.0757991 0.003806233 0.01122629 0.0757991 -0.02055084 0.04961413 0.0330379 -0.03797304 0.03797304 0.0330379 -0.04961413 0.02055084 0.0330379 -0.05370199 0 0.0330379 -0.04961413 -0.02055084 0.0330379 -0.03797304 -0.03797304 0.0330379 -0.02055084 -0.04961413 0.0330379 0 -0.05370199 0.0330379 0.02055084 -0.04961413 0.0330379 0.03797304 -0.03797304 0.0330379 0.04961413 -0.02055084 0.0330379 0.05370199 0 0.0330379 0.04961413 0.02055084 0.0330379 0.03797298 0.03797304 0.0330379 0.02055084 0.04961413 0.0330379 -0.03718268 0.08976703 0.01485002 -0.06870472 0.06870472 0.01485002 -0.08976703 0.03718268 0.01485002 -0.09716314 0 0.01485002 -0.08976703 -0.03718268 0.01485002 -0.06870472 -0.06870472 0.01485002 -0.03718268 -0.08976703 0.01485002 0 -0.09716314 0.01485002 0.03718268 -0.08976703 0.01485002 0.06870472 -0.06870472 0.01485002 0.08976703 -0.03718268 0.01485002 0.09716314 0 0.01485002 0.08976703 0.03718274 0.01485002 0.06870466 0.06870472 0.01485002 0.03718268 0.08976703 0.01485002 -0.006455242 0.03245276 0.04070812 -0.01838302 0.02751213 0.04070812 -0.02751213 0.01838302 0.04070812 -0.03245276 0.006455242 0.04070812 -0.03245276 -0.006455242 0.04070812 -0.02751213 -0.01838302 0.04070812 -0.01838302 -0.02751213 0.04070812 -0.006455242 -0.03245276 0.04070812 0.006455242 -0.03245276 0.04070812 0.01838302 -0.02751213 0.04070812 0.02751213 -0.01838302 0.04070812 0.03245276 -0.006455242 0.04070812 0.03245276 0.006455242 0.04070812 0.02751213 0.01838302 0.04070812 0.01838302 0.02751213 0.04070812 0.006455242 0.03245276 0.04070812 -0.02327775 0.1170251 0.006061196 -0.06628942 0.09920912 0.006061196 -0.09920912 0.06628936 0.006061196 -0.1170251 0.02327769 0.006061196 -0.1170251 -0.02327775 0.006061196 -0.09920912 -0.06628942 0.006061196 -0.06628936 -0.09920912 0.006061196 -0.02327769 -0.1170251 0.006061196 0.02327775 -0.1170251 0.006061196 0.06628942 -0.09920912 0.006061196 0.09920912 -0.06628936 0.006061196 0.1170251 -0.02327769 0.006061196 0.1170251 0.02327775 0.006061196 0.09920907 0.06628942 0.006061196 0.06628936 0.09920912 0.006061196 0.02327769 0.1170251 0.006061196 -0.01514518 0.0761401 0.02344095 -0.04312992 0.06454849 0.02344095 -0.06454849 0.04312992 0.02344095 -0.07614016 0.01514518 0.02344095 -0.0761401 -0.01514518 0.02344095 -0.06454849 -0.04312992 0.02344095 -0.04312992 -0.06454849 0.02344095 -0.01514518 -0.07614016 0.02344095 0.01514518 -0.0761401 0.02344095 0.04312992 -0.06454849 0.02344095 0.06454849 -0.04312986 0.02344095 0.07614016 -0.01514518 0.02344095 0.0761401 0.01514518 0.02344095 0.06454849 0.04312992 0.02344095 0.04312992 0.06454849 0.02344095 0.01514518 0.07614016 0.02344095 -0.004659771 0.02351295 0.04831832 -0.01327002 0.01993334 0.04831832 -0.01985996 0.01331901 0.04831832 -0.02342647 0.004676997 0.04831832 -0.02342647 -0.004676997 0.04831832 -0.01985996 -0.01331901 0.04831832 -0.01327002 -0.01993334 0.04831832 -0.004659771 -0.02351295 0.04831832 0.004659771 -0.02351295 0.04831832 0.01327002 -0.01993334 0.04831832 0.01986002 -0.01331901 0.04831832 0.02342647 -0.004676997 0.04831832 0.02342647 0.004676997 0.04831832 0.01985996 0.01331901 0.04831832 0.01327002 0.01993334 0.04831832 0.004659771 0.02351295 0.04831832 -0.00194025 0.01191699 0.0757991 -0.00552541 0.01010274 0.0757991 -0.008269429 0.006750404 0.0757991 -0.009754419 0.002370417 0.0757991 -0.009754419 -0.002370417 0.0757991 -0.008269429 -0.006750404 0.0757991 -0.00552541 -0.01010274 0.0757991 -0.00194025 -0.01191699 0.0757991 0.00194025 -0.01191699 0.0757991 0.00552541 -0.01010274 0.0757991 0.008269429 -0.006750404 0.0757991 0.009754478 -0.002370417 0.0757991 0.009754419 0.002370417 0.0757991 0.008269429 0.006750404 0.0757991 0.00552541 0.01010274 0.0757991 0.00194025 0.01191699 0.0757991 -0.01047605 0.05266672 0.0330379 -0.02983325 0.0446487 0.0330379 -0.0446487 0.02983325 0.0330379 -0.05266672 0.01047605 0.0330379 -0.05266672 -0.01047605 0.0330379 -0.0446487 -0.02983331 0.0330379 -0.02983325 -0.0446487 0.0330379 -0.01047605 -0.05266672 0.0330379 0.01047605 -0.05266672 0.0330379 0.02983331 -0.04464864 0.0330379 0.0446487 -0.02983325 0.0330379 0.05266672 -0.01047605 0.0330379 0.05266672 0.01047605 0.0330379 0.04464864 0.02983331 0.0330379 0.02983325 0.0446487 0.0330379 0.01047605 0.05266672 0.0330379 -0.01895433 0.09529006 0.01485002 -0.05397742 0.080783 0.01485002 -0.080783 0.05397742 0.01485002 -0.09529006 0.01895433 0.01485002 -0.09529006 -0.01895433 0.01485002 -0.080783 -0.05397748 0.01485002 -0.05397742 -0.080783 0.01485002 -0.01895433 -0.09529006 0.01485002 0.01895433 -0.09529006 0.01485002 0.05397748 -0.080783 0.01485002 0.080783 -0.05397742 0.01485002 0.09529006 -0.01895433 0.01485002 0.09529 0.01895433 0.01485002 0.08078294 0.05397748 0.01485002 0.05397742 0.080783 0.01485002 0.01895433 0.09529006 0.01485002 0 0 0 0 0.08075129 0.01919323 0 0.08391386 0.01722323 0 0.03358501 0.03871327 0 0.03604024 0.03639614 0 0.1242508 0 0 0.1247505 0.001319766 -0.03211241 0.07752627 0.01722323 -0.03090214 0.07460445 0.01919323 -0.01379197 0.03329688 0.03639614 -0.01285243 0.0310285 0.03871327 -0.04754871 0.1147928 0 -0.04773992 0.1152545 0.001319766 -0.05933606 0.059336 0.01722323 -0.05709975 0.05709975 0.01919323 -0.02548432 0.02548432 0.03639614 -0.02374821 0.02374821 0.03871327 -0.08785855 0.08785861 0 -0.08821189 0.08821195 0.001319766 -0.07752627 0.03211241 0.01722323 -0.07460445 0.03090214 0.01919323 -0.03329688 0.01379197 0.03639614 -0.0310285 0.01285243 0.03871327 -0.1147928 0.04754871 0 -0.1152545 0.04773992 0.001319766 -0.08391386 0 0.01722323 -0.08075129 0 0.01919323 -0.03604024 0 0.03639614 -0.03358501 0 0.03871327 -0.1242508 0 0 -0.1247505 0 0.001319766 -0.07752627 -0.03211241 0.01722323 -0.07460445 -0.03090214 0.01919323 -0.03329688 -0.01379197 0.03639614 -0.0310285 -0.01285243 0.03871327 -0.1147928 -0.04754871 0 -0.1152545 -0.04773992 0.001319766 -0.059336 -0.05933606 0.01722323 -0.05709975 -0.05709975 0.01919323 -0.02548432 -0.02548432 0.03639614 -0.02374821 -0.02374821 0.03871327 -0.08785861 -0.08785861 0 -0.08821195 -0.08821195 0.001319766 -0.03211241 -0.07752627 0.01722323 -0.03090214 -0.07460445 0.01919323 -0.01379197 -0.03329688 0.03639614 -0.01285243 -0.0310285 0.03871327 -0.04754865 -0.1147928 0 -0.04773992 -0.1152545 0.001319766 0 -0.08391386 0.01722323 0 -0.08075129 0.01919323 0 -0.03604024 0.03639614 0 -0.03358501 0.03871327 0 -0.1242508 0 0 -0.1247505 0.001319766 0.03211241 -0.07752627 0.01722323 0.03090214 -0.07460445 0.01919323 0.01379197 -0.03329688 0.03639614 0.01285243 -0.0310285 0.03871327 0.04754871 -0.1147928 0 0.04773992 -0.1152545 0.001319766 0.05933606 -0.059336 0.01722323 0.05709975 -0.05709975 0.01919323 0.02548432 -0.02548432 0.03639614 0.02374821 -0.02374821 0.03871327 0.08785861 -0.08785855 0 0.08821195 -0.08821189 0.001319766 0.07752627 -0.03211241 0.01722323 0.07460445 -0.03090214 0.01919323 0.03329688 -0.01379197 0.03639614 0.0310285 -0.01285243 0.03871327 0.1147928 -0.04754865 0 0.1152545 -0.04773992 0.001319766 0.08391386 0 0.01722323 0.08075129 0 0.01919323 0.03604024 0 0.03639614 0.03358501 0 0.03871327 0.1242508 0 0 0.1247505 0 0.001319766 0.07752627 0.03211241 0.01722323 0.07460445 0.0309022 0.01919323 0.03329688 0.01379197 0.03639614 0.0310285 0.01285243 0.03871327 0.1147928 0.04754871 0 0.1152544 0.04773998 0.001319766 0.059336 0.05933606 0.01722323 0.05709975 0.05709981 0.01919323 0.02548432 0.02548432 0.03639614 0.02374815 0.02374821 0.03871327 0.08785855 0.08785861 0 0.08821189 0.08821195 0.001319766 0.03211241 0.07752627 0.01722323 0.03090214 0.07460445 0.01919323 0.01379197 0.03329688 0.03639614 0.01285243 0.0310285 0.03871327 0.04754871 0.1147928 0 0.04773992 0.1152545 0.001319766 -0.01575273 0.07919454 0.01919323 -0.0163697 0.08229613 0.01722323 -0.006551682 0.03293758 0.03871327 -0.007030606 0.03534549 0.03639614 -0.02433604 0.1223456 0.001319766 -0.02423852 0.1218555 0 -0.04486012 0.06713789 0.01919323 -0.04661703 0.06976729 0.01722323 -0.01865762 0.0279231 0.03871327 -0.02002161 0.02996444 0.03639614 -0.06930321 0.1037196 0.001319766 -0.06902557 0.1033041 0 -0.06713789 0.04486012 0.01919323 -0.06976729 0.04661703 0.01722323 -0.0279231 0.01865762 0.03871327 -0.02996444 0.02002161 0.03639614 -0.1037196 0.06930321 0.001319766 -0.1033041 0.06902557 0 -0.0791946 0.01575273 0.01919323 -0.08229619 0.0163697 0.01722323 -0.03293758 0.006551682 0.03871327 -0.03534549 0.007030606 0.03639614 -0.1223456 0.02433604 0.001319766 -0.1218555 0.02423852 0 -0.07919454 -0.01575279 0.01919323 -0.08229613 -0.0163697 0.01722323 -0.03293758 -0.006551682 0.03871327 -0.03534549 -0.007030606 0.03639614 -0.1223456 -0.02433604 0.001319766 -0.1218555 -0.02423858 0 -0.06713789 -0.04486012 0.01919323 -0.06976729 -0.04661703 0.01722323 -0.0279231 -0.01865762 0.03871327 -0.02996444 -0.02002161 0.03639614 -0.1037196 -0.06930321 0.001319766 -0.1033041 -0.06902557 0 -0.04486012 -0.06713789 0.01919323 -0.04661703 -0.06976729 0.01722323 -0.01865762 -0.0279231 0.03871327 -0.02002161 -0.02996444 0.03639614 -0.06930321 -0.1037196 0.001319766 -0.06902557 -0.1033041 0 -0.01575273 -0.0791946 0.01919323 -0.0163697 -0.08229619 0.01722323 -0.006551682 -0.03293758 0.03871327 -0.007030606 -0.03534549 0.03639614 -0.02433604 -0.1223456 0.001319766 -0.02423852 -0.1218555 0 0.01575279 -0.07919454 0.01919323 0.0163697 -0.08229613 0.01722323 0.006551682 -0.03293758 0.03871327 0.007030606 -0.03534549 0.03639614 0.02433604 -0.1223456 0.001319766 0.02423858 -0.1218555 0 0.04486012 -0.06713789 0.01919323 0.04661703 -0.06976729 0.01722323 0.01865762 -0.0279231 0.03871327 0.02002161 -0.02996444 0.03639614 0.06930321 -0.1037196 0.001319766 0.06902563 -0.1033041 0 0.06713795 -0.04486006 0.01919323 0.06976735 -0.04661697 0.01722323 0.0279231 -0.01865762 0.03871327 0.02996444 -0.02002161 0.03639614 0.1037196 -0.06930315 0.001319766 0.1033042 -0.06902557 0 0.0791946 -0.01575273 0.01919323 0.08229619 -0.0163697 0.01722323 0.03293758 -0.006551682 0.03871327 0.03534549 -0.007030606 0.03639614 0.1223456 -0.02433604 0.001319766 0.1218555 -0.02423852 0 0.07919454 0.01575279 0.01919323 0.08229613 0.0163697 0.01722323 0.03293758 0.006551682 0.03871327 0.03534549 0.007030606 0.03639614 0.1223456 0.02433604 0.001319766 0.1218555 0.02423858 0 0.06713789 0.04486012 0.01919323 0.06976729 0.04661703 0.01722323 0.0279231 0.01865762 0.03871327 0.02996444 0.02002161 0.03639614 0.1037195 0.06930321 0.001319766 0.1033041 0.06902563 0 0.04486012 0.06713795 0.01919323 0.04661703 0.06976735 0.01722323 0.01865762 0.0279231 0.03871327 0.02002161 0.02996444 0.03639614 0.06930321 0.1037196 0.001319766 0.06902557 0.1033042 0 0.01575273 0.0791946 0.01919323 0.0163697 0.08229619 0.01722323 0.006551682 0.03293758 0.03871327 0.007030606 0.03534549 0.03639614 0.02433604 0.1223456 0.001319766 0.02423852 0.1218555 0</float_array>
          <technique_common>
            <accessor source="#Stand-mesh-positions-array" count="577" stride="3">
              <param name="X" type="float"/>
              <param name="Y" type="float"/>
              <param name="Z" type="float"/>
            </accessor>
          </technique_common>
        </source>
        <source id="Stand-mesh-normals">
          <float_array id="Stand-mesh-normals-array" count="2292">0 0.6711907 0.7412847 -0.174743 0.8784934 0.4446506 -0.1309996 0.6581689 0.7413857 0.04497939 0.2261267 0.9730589 -2.60303e-7 0.1867939 0.9823992 0.03644388 0.1832161 0.9823969 -0.07148289 0.1725751 0.9823992 -0.1280906 0.1917009 0.9730589 -0.1037836 0.155323 0.982397 -0.2568343 0.619706 0.7416203 -0.4976259 0.744751 0.444651 -0.3726037 0.5573455 0.7419788 -0.1893633 0.9519939 0.2405186 -0.3427742 0.8275298 0.444635 -0.1320835 0.1320832 0.9823991 -0.191701 0.1280905 0.9730589 -0.1553231 0.1037835 0.982397 -0.473879 0.4736374 0.7423654 -0.7447503 0.497627 0.4446509 -0.5567989 0.3718601 0.7427617 -0.5392605 0.8070618 0.2405191 -0.6333642 0.633364 0.4446346 -0.1725752 0.07148289 0.9823992 -0.2261268 0.04497927 0.9730589 -0.1832163 0.036444 0.9823969 -0.6183183 0.255998 0.7430664 -0.8784932 0.1747432 0.4446511 -0.6561397 0.1304631 0.7432766 -0.807061 0.5392619 0.2405189 -0.8275301 0.342774 0.4446346 -0.1867941 0 0.9823992 -0.2261266 -0.04497933 0.9730589 -0.1832164 -0.03644388 0.9823969 -0.6689243 -2.03347e-7 0.7433307 -0.8784933 -0.1747435 0.4446509 -0.65614 -0.1304633 0.7432764 -0.9519938 0.1893633 0.2405192 -0.8957122 0 0.4446344 -0.1725754 -0.07148283 0.9823992 -0.191701 -0.1280905 0.9730589 -0.1553236 -0.1037835 0.9823969 -0.6183185 -0.2559979 0.7430661 -0.7447504 -0.4976267 0.4446511 -0.556799 -0.3718602 0.7427617 -0.9519938 -0.1893635 0.240519 -0.8275302 -0.3427739 0.4446347 -0.1320835 -0.1320834 0.9823992 -0.1280905 -0.1917009 0.9730589 -0.1037837 -0.1553232 0.9823969 -0.4738791 -0.4736375 0.7423653 -0.4976262 -0.744751 0.4446506 -0.3726037 -0.5573451 0.7419792 -0.8070613 -0.5392614 0.2405191 -0.6333642 -0.6333639 0.4446347 -0.07148313 -0.1725751 0.9823991 -0.04497939 -0.2261266 0.973059 -0.03644388 -0.183216 0.9823969 -0.2568343 -0.619706 0.7416204 -0.1747425 -0.8784938 0.4446504 -0.1309996 -0.6581688 0.7413858 -0.5392609 -0.8070619 0.2405181 -0.3427745 -0.8275299 0.4446347 2.63096e-7 -0.186794 0.9823992 0.04497945 -0.2261266 0.9730589 0.036444 -0.183216 0.982397 0 -0.6711909 0.7412846 0.174743 -0.8784935 0.4446508 0.1309997 -0.6581689 0.7413858 -0.1893627 -0.9519941 0.2405182 3.98025e-7 -0.8957122 0.4446343 0.07148319 -0.1725751 0.9823991 0.1280905 -0.1917009 0.9730589 0.1037837 -0.1553231 0.982397 0.2568344 -0.619706 0.7416203 0.4976261 -0.7447512 0.4446504 0.3726037 -0.5573456 0.7419788 0.1893634 -0.9519938 0.2405186 0.3427744 -0.8275298 0.4446351 0.1320832 -0.1320834 0.9823992 0.191701 -0.1280904 0.9730589 0.1553233 -0.1037836 0.982397 0.473879 -0.4736375 0.7423654 0.7447506 -0.4976268 0.4446507 0.5567994 -0.3718596 0.7427617 0.5392611 -0.8070618 0.2405182 0.6333642 -0.6333643 0.4446342 0.1725751 -0.07148283 0.9823992 0.2261266 -0.04497927 0.9730589 0.1832163 -0.03644388 0.982397 0.6183179 -0.2559981 0.7430666 0.8784936 -0.174743 0.4446504 0.6561393 -0.130463 0.743277 0.8070613 -0.5392617 0.2405182 0.82753 -0.342774 0.444635 0.186794 0 0.9823991 0.2261269 0.04497939 0.9730589 0.1832164 0.036444 0.9823969 0.6689242 3.28017e-7 0.7433307 0.8784931 0.1747436 0.4446511 0.6561397 0.1304633 0.7432766 0.9519942 -0.189363 0.2405174 0.8957124 0 0.4446339 0.1725755 0.07148301 0.9823991 0.1917009 0.1280905 0.9730589 0.1553236 0.1037837 0.9823969 0.6183182 0.255998 0.7430664 0.7447507 0.4976267 0.4446506 0.5567992 0.37186 0.7427616 0.9519936 0.1893637 0.2405195 0.8275298 0.3427743 0.4446349 0.1320835 0.1320833 0.9823992 0.1280905 0.1917008 0.9730589 0.1037837 0.1553232 0.982397 0.4738789 0.4736375 0.7423654 0.4976255 0.7447508 0.4446517 0.3726038 0.5573454 0.7419789 0.8070616 0.5392614 0.2405182 0.6333642 0.6333643 0.4446343 0.07148307 0.1725752 0.9823991 0.2568344 0.6197059 0.7416204 0.1747428 0.8784941 0.4446496 0.1309996 0.6581689 0.7413858 0.53926 0.807062 0.2405199 0.3427743 0.8275297 0.4446352 -0.04497945 0.2261266 0.9730589 -0.036444 0.183216 0.9823969 0 0.3883888 0.9214956 -0.1133111 0.5696532 0.8140368 -0.07576668 0.380905 0.9215046 0 0 -1 0 0 -1 0 0 -1 -0.1257287 0.1881663 0.9740564 -0.124675 0.124675 0.9843334 -0.09796267 0.1466115 0.9843315 -0.14863 0.3588246 0.9214956 -0.3226829 0.4829292 0.8140364 -0.2157657 0.322916 0.9215045 -0.128389 0.6454546 0.7529307 -0.2222694 0.5366055 0.8140337 -0.1881664 0.1257287 0.9740564 -0.1628958 0.06747359 0.9843335 -0.1466114 0.09796261 0.9843316 -0.2746325 0.2746325 0.9214956 -0.4829288 0.3226827 0.8140367 -0.3229162 0.2157658 0.9215044 -0.3656209 0.5471903 0.7529304 -0.4107003 0.4107003 0.8140336 -0.2219573 0.04415011 0.9740564 -0.1763172 0 0.9843334 -0.1729401 0.03439992 0.9843314 -0.3588244 0.14863 0.9214957 -0.5696535 0.1133111 0.8140367 -0.3809056 0.07576668 0.9215044 -0.5471898 0.3656206 0.7529309 -0.5366056 0.2222694 0.8140338 -0.2219573 -0.04415005 0.9740564 -0.1628958 -0.06747353 0.9843334 -0.17294 -0.03439986 0.9843314 -0.3883888 1.28239e-7 0.9214956 -0.5696537 -0.1133112 0.8140365 -0.380905 -0.0757668 0.9215047 -0.6454546 0.1283889 0.7529308 -0.5808178 3.27239e-7 0.8140336 -0.1881664 -0.1257289 0.9740564 -0.124675 -0.124675 0.9843335 -0.1466115 -0.09796267 0.9843314 -0.3588247 -0.14863 0.9214956 -0.4829291 -0.3226826 0.8140365 -0.3229159 -0.2157655 0.9215045 -0.6454552 -0.1283891 0.7529302 -0.5366057 -0.2222696 0.8140336 -0.1257287 -0.1881666 0.9740564 -0.06747364 -0.1628957 0.9843334 -0.09796279 -0.1466116 0.9843315 -0.2746324 -0.2746325 0.9214957 -0.3226827 -0.4829286 0.8140368 -0.2157658 -0.3229163 0.9215043 -0.5471904 -0.3656206 0.7529305 -0.4107005 -0.4107006 0.8140333 -0.04415005 -0.2219573 0.9740564 0 -0.176317 0.9843335 -0.03439986 -0.1729401 0.9843314 -0.14863 -0.3588243 0.9214957 -0.1133109 -0.5696538 0.8140364 -0.07576674 -0.3809056 0.9215044 -0.3656206 -0.5471898 0.7529309 -0.2222694 -0.5366058 0.8140335 0.04415005 -0.2219573 0.9740564 0.06747364 -0.1628957 0.9843335 0.03439986 -0.17294 0.9843315 0 -0.3883888 0.9214956 0.1133112 -0.5696533 0.8140367 0.07576668 -0.3809047 0.9215048 -0.1283888 -0.6454551 0.7529304 0 -0.5808184 0.8140332 0.1257288 -0.1881665 0.9740564 0.1246751 -0.124675 0.9843334 0.09796273 -0.1466115 0.9843315 0.14863 -0.3588245 0.9214956 0.3226829 -0.4829291 0.8140364 0.2157656 -0.3229158 0.9215046 0.1283891 -0.6454553 0.7529301 0.2222694 -0.5366054 0.8140339 0.1881664 -0.1257288 0.9740564 0.1628957 -0.06747353 0.9843335 0.1466115 -0.09796273 0.9843314 0.2746322 -0.2746321 0.9214957 0.4829289 -0.3226824 0.8140368 0.3229159 -0.2157655 0.9215045 0.3656209 -0.5471904 0.7529304 0.4107002 -0.4107002 0.8140338 0.2219572 -0.04415005 0.9740564 0.1763171 1.27062e-7 0.9843335 0.1729401 -0.03439992 0.9843315 0.3588243 -0.1486299 0.9214957 0.5696539 -0.113311 0.8140364 0.3809056 -0.0757668 0.9215044 0.5471904 -0.3656204 0.7529306 0.5366057 -0.2222694 0.8140336 0.2219573 0.04415011 0.9740564 0.1628959 0.06747364 0.9843335 0.1729401 0.03439992 0.9843315 0.3883889 2.50486e-7 0.9214956 0.5696534 0.1133112 0.8140367 0.380905 0.07576686 0.9215046 0.6454554 -0.1283889 0.7529301 0.580818 2.2655e-7 0.8140335 0.1881664 0.1257289 0.9740564 0.124675 0.124675 0.9843335 0.1466115 0.09796267 0.9843315 0.3588245 0.14863 0.9214956 0.4829292 0.3226827 0.8140364 0.3229161 0.2157655 0.9215044 0.6454548 0.128389 0.7529306 0.5366057 0.2222695 0.8140336 0.1257289 0.1881666 0.9740564 0.06747364 0.1628957 0.9843335 0.09796267 0.1466115 0.9843314 0.2746322 0.2746322 0.9214958 0.3226827 0.4829291 0.8140365 0.2157657 0.3229162 0.9215044 0.5471906 0.3656209 0.7529302 0.4107002 0.4107003 0.8140336 0.1486298 0.3588241 0.9214958 0.1133109 0.5696532 0.8140368 0.07576674 0.3809054 0.9215045 0.3656209 0.5471903 0.7529304 0.2222692 0.5366058 0.8140337 0 0.5808183 0.8140333 0 0.4102619 0.9119678 -0.1338565 0.6729426 0.7274825 -0.08003264 0.4023518 0.9119803 0.04414999 0.2219575 0.9740564 0 0.1763171 0.9843335 0.03439986 0.1729401 0.9843315 -0.06747364 0.1628957 0.9843335 -0.1570004 0.3790327 0.9119678 -0.3811914 0.5704934 0.7274823 -0.2279139 0.3410971 0.9119803 -0.157335 0.7909764 0.5912717 -0.2625766 0.6339162 0.727464 -0.290099 0.2900989 0.9119678 -0.5704926 0.381191 0.7274832 -0.3410976 0.2279143 0.9119801 -0.4480523 0.6705577 0.5912711 -0.4851782 0.4851779 0.7274644 -0.3790326 0.1570006 0.9119678 -0.6729423 0.1338564 0.7274827 -0.4023518 0.08003264 0.9119803 -0.6705566 0.4480517 0.5912728 -0.6339156 0.2625768 0.7274645 -0.4102619 0 0.9119678 -0.6729425 -0.1338564 0.7274826 -0.4023519 -0.08003264 0.9119801 -0.7909761 0.1573349 0.591272 -0.6861456 0 0.7274644 -0.3790327 -0.1570006 0.9119678 -0.5704929 -0.3811911 0.7274828 -0.3410971 -0.227914 0.9119802 -0.7909762 -0.1573349 0.5912718 -0.633916 -0.2625766 0.7274641 -0.290099 -0.290099 0.9119678 -0.3811908 -0.5704925 0.7274833 -0.227914 -0.3410976 0.9119801 -0.6705573 -0.4480521 0.5912718 -0.4851783 -0.4851785 0.727464 -0.1570004 -0.3790328 0.9119678 -0.1338564 -0.6729426 0.7274824 -0.08003258 -0.402352 0.9119801 -0.4480514 -0.6705566 0.5912731 -0.2625766 -0.6339159 0.7274643 0 -0.410262 0.9119677 0.1338565 -0.6729422 0.7274828 0.08003264 -0.4023519 0.9119802 -0.1573348 -0.790976 0.5912721 2.73338e-7 -0.6861452 0.7274646 0.1570006 -0.3790327 0.9119676 0.381191 -0.5704928 0.727483 0.227914 -0.3410973 0.9119802 0.1573349 -0.7909762 0.5912719 0.2625766 -0.633916 0.7274641 0.290099 -0.290099 0.9119678 0.5704926 -0.3811908 0.7274832 0.3410976 -0.227914 0.9119801 0.4480515 -0.6705567 0.5912728 0.4851782 -0.485178 0.7274644 0.3790326 -0.1570003 0.9119679 0.6729427 -0.1338564 0.7274824 0.4023517 -0.08003258 0.9119803 0.6705566 -0.4480515 0.591273 0.6339157 -0.2625765 0.7274644 0.4102619 1.39579e-7 0.9119678 0.6729428 0.1338568 0.7274823 0.4023517 0.08003276 0.9119803 0.7909768 -0.1573348 0.5912712 0.6861459 0 0.727464 0.3790326 0.1570005 0.9119678 0.5704929 0.3811914 0.7274826 0.3410972 0.227914 0.9119803 0.7909768 0.1573354 0.5912711 0.6339163 0.2625765 0.7274639 0.290099 0.290099 0.9119678 0.3811913 0.5704931 0.7274826 0.2279141 0.3410976 0.9119801 0.6705572 0.4480523 0.5912717 0.485178 0.4851783 0.7274644 0.1570004 0.3790328 0.9119678 0.1338565 0.672943 0.7274821 0.08003258 0.4023518 0.9119802 0.4480517 0.6705571 0.5912722 0.2625765 0.6339156 0.7274646 -0.04414999 0.2219575 0.9740564 -0.03439986 0.17294 0.9843316 1.26996e-7 0.6786354 0.7344753 -0.182469 0.8765299 0.4454216 -5.68132e-7 0.8963779 0.4432908 -0.1332252 0.6647064 0.7351302 -0.260152 0.6237021 0.7371003 -0.3544583 0.8188527 0.4514859 -0.50813 0.7281283 0.4600362 -0.375574 0.558342 0.7397286 -0.474946 0.4718773 0.7428042 -0.6374841 0.6106335 0.4698306 -0.7392013 0.4733076 0.4791257 -0.5551201 0.3686001 0.7456378 -0.6136872 0.252676 0.7480261 -0.811833 0.3224329 0.4867897 -0.8553492 0.1633694 0.4916179 -0.6494931 0.1284971 0.7494313 -0.6614809 0 0.7499621 -0.8698452 0 0.4933249 -0.6494932 -0.128497 0.7494313 -0.8553493 -0.1633694 0.4916179 -0.6136876 -0.2526758 0.7480258 -0.8118326 -0.3224334 0.4867901 -0.5551198 -0.3686003 0.745638 -0.7392013 -0.4733073 0.4791259 -0.4749454 -0.4718778 0.7428044 -0.6374847 -0.6106331 0.4698303 -0.3755731 -0.5583423 0.7397288 -0.5081297 -0.7281284 0.4600361 -0.2601518 -0.6237021 0.7371003 -0.3544581 -0.8188529 0.451486 -0.1332255 -0.6647064 0.7351302 -0.1824691 -0.8765299 0.4454216 0 -0.6786355 0.7344753 1.67803e-7 -0.8963779 0.4432908 0.1824692 -0.8765299 0.4454215 0.1332255 -0.6647064 0.7351302 0.2601522 -0.6237019 0.7371003 0.3544583 -0.8188527 0.4514859 0.5081302 -0.7281281 0.4600361 0.3755738 -0.558342 0.7397287 0.4749455 -0.4718773 0.7428046 0.6374841 -0.6106334 0.4698306 0.7392013 -0.4733075 0.4791258 0.5551202 -0.3685997 0.7456379 0.6136875 -0.2526756 0.7480258 0.8118329 -0.3224329 0.4867897 0.8553494 -0.1633691 0.4916178 0.6494932 -0.128497 0.7494312 0.6614809 0 0.7499621 0.8698454 1.29225e-7 0.4933246 0.6494928 0.1284971 0.7494316 0.8553496 0.1633691 0.4916175 0.613687 0.2526761 0.7480261 0.8118332 0.3224328 0.4867895 0.55512 0.3686002 0.7456378 0.7392013 0.4733075 0.4791257 0.4749456 0.4718775 0.7428044 0.6374842 0.6106335 0.4698304 0.3755736 0.5583421 0.7397286 0.5081296 0.7281285 0.4600361 0.2601519 0.6237021 0.7371003 0.3544577 0.818853 0.451486 0.1332255 0.6647064 0.7351302 0.1824688 0.8765299 0.4454216 -2.00076e-7 0.9776055 0.2104458 -0.3566293 0.9215275 0.1536318 5.31252e-7 0.9882387 0.1529198 -0.2304823 0.949325 0.2136816 -0.4391709 0.8703526 0.2227448 -0.6196583 0.768521 0.1593716 -0.7814489 0.5998467 0.1718188 -0.6132857 0.7538957 0.2356312 -0.7480767 0.6147152 0.2500131 -0.8739855 0.4482625 0.1876432 -0.9261171 0.3176452 0.2034913 -0.8455021 0.4644107 0.2635319 -0.9101968 0.3101863 0.2744566 -0.9547228 0.2034475 0.2170565 -0.9688236 0.09965997 0.2268236 -0.9469146 0.1553128 0.2814797 -0.9588449 0 0.2839305 -0.973044 3.70091e-7 0.2306193 -0.9469146 -0.1553126 0.2814795 -0.9688236 -0.09966003 0.2268237 -0.9101967 -0.3101866 0.2744565 -0.9547228 -0.2034472 0.2170567 -0.8455015 -0.4644116 0.263532 -0.9261174 -0.3176447 0.2034909 -0.7480768 -0.6147151 0.2500131 -0.8739852 -0.4482632 0.1876429 -0.613286 -0.7538955 0.2356311 -0.7814487 -0.5998469 0.1718189 -0.4391709 -0.8703526 0.2227447 -0.6196581 -0.7685211 0.1593717 -0.2304824 -0.949325 0.2136816 -0.3566295 -0.9215274 0.1536319 2.16749e-7 -0.9776055 0.2104458 -5.40739e-7 -0.9882387 0.1529198 0.3566293 -0.9215275 0.1536318 0.2304822 -0.949325 0.2136816 0.4391708 -0.8703528 0.2227447 0.6196582 -0.7685209 0.1593716 0.7814493 -0.5998463 0.1718187 0.6132857 -0.7538957 0.2356311 0.7480767 -0.614715 0.2500131 0.873986 -0.4482619 0.1876429 0.9261173 -0.317645 0.2034913 0.845502 -0.4644107 0.2635319 0.9101968 -0.3101862 0.2744567 0.9547229 -0.2034468 0.2170568 0.9688236 -0.09965968 0.2268237 0.9469146 -0.1553127 0.2814795 0.9588449 0 0.2839305 0.9730441 0 0.2306194 0.9469145 0.1553134 0.2814797 0.9688236 0.09966009 0.2268236 0.9101967 0.3101865 0.2744567 0.9547229 0.2034468 0.2170566 0.8455021 0.4644104 0.263532 0.9261172 0.3176449 0.2034913 0.7480766 0.6147153 0.2500131 0.8739855 0.4482625 0.1876432 0.6132858 0.7538957 0.2356311 0.7814493 0.5998461 0.1718188 0.4391711 0.8703526 0.2227447 0.619659 0.7685203 0.1593715 0.2304823 0.949325 0.2136816 0.3566296 0.9215274 0.1536318 -4.21511e-7 0.8957122 0.4446344 0 0.2305594 0.9730583 -0.08823126 0.213009 0.9730583 0 0 -1 0 0 -1 -0.16303 0.1630301 0.9730583 0 0 -1 -0.213009 0.08823126 0.9730583 0 0 -1 0 0 -1 -0.2305592 0 0.9730583 0 0 -1 0 0 -1 -0.2130089 -0.08823126 0.9730583 0 0 -1 0 0 -1 -0.16303 -0.1630301 0.9730583 0 0 -1 0 0 -1 -0.08823114 -0.213009 0.9730583 0 0 -1 0 -0.2305594 0.9730583 0 0 -1 0.08823132 -0.213009 0.9730583 0 0 -1 0 0 -1 0.16303 -0.16303 0.9730583 0 0 -1 0.213009 -0.0882312 0.9730583 0 0 -1 0 0 -1 0.2305592 0 0.9730583 0 0 -1 0 0 -1 0.2130089 0.08823126 0.9730584 0 0 -1 0 0 -1 0.16303 0.16303 0.9730583 0 0 -1 0.08823114 0.2130089 0.9730583 0.189363 0.9519944 0.2405165 0 0 -1 0.1283887 0.6454547 0.7529307 -1.95242e-7 0.6861455 0.7274644 0 0.2263111 0.9740551 -0.08660548 0.2090842 0.9740552 -0.1600262 0.1600262 0.9740551 -0.2090842 0.08660548 0.9740551 -0.2263112 0 0.9740551 -0.2090843 -0.08660548 0.9740551 -0.1600261 -0.1600261 0.9740552 -0.08660554 -0.2090842 0.9740552 0 -0.2263112 0.9740551 0.08660554 -0.2090842 0.9740551 0.1600261 -0.1600261 0.9740552 0.2090842 -0.08660542 0.9740552 0.2263111 1.82401e-7 0.9740552 0.2090843 0.08660554 0.9740551 0.1600261 0.160026 0.9740552 0.08660542 0.2090841 0.9740552 0.1573349 0.7909768 0.5912712 -0.310721 0.7501962 0.5836592 -0.03407686 0.1712298 0.9846417 -0.06734865 0.1625493 0.9843993 1.89543e-5 0.8119981 0.58366 -0.1582035 0.795441 0.5850174 -0.3722906 0.8988609 0.2311903 -0.03605765 0.1811475 0.9827948 -0.07141411 0.1723449 0.9824445 2.7135e-5 0.9729086 0.23119 -0.1897135 0.9536152 0.2337239 -0.1269018 0.6382133 0.7593286 0.003519833 -0.008381783 -0.9999587 -0.2515643 0.6074483 0.7534733 4.35151e-5 -0.009096384 -0.9999586 4.55678e-5 -3.9041e-6 -1 -0.5741561 0.5741835 0.5836594 -0.09701049 0.1451556 0.9846416 -0.1244268 0.1244028 0.9843993 -0.4505637 0.6743501 0.5850166 -0.6879307 0.6879699 0.2311897 -0.1026349 0.1535596 0.9827948 -0.1319314 0.1318976 0.9824445 -0.5401599 0.8084555 0.2337247 -0.3614774 0.5410704 0.7593267 0.006396055 -0.006458818 -0.9999587 -0.4648748 0.4649394 0.753474 4.40776e-5 1.11759e-5 -1 -0.7501819 0.3107565 0.5836589 -0.1451747 0.09698194 0.9846414 -0.1625627 0.06731748 0.9843993 -0.6743053 0.4505792 0.5850563 -0.8988396 0.3723421 0.2311901 -0.1535872 0.1025945 0.9827948 -0.1723637 0.07136911 0.9824445 -0.808425 0.5402055 0.2337241 -0.5410224 0.3615548 0.7593241 0.008417189 -0.003440022 -0.9999586 -0.607415 0.2516494 0.7534718 4.06206e-5 2.48849e-5 -1 -0.8119986 1.90996e-5 0.5836594 -0.1712373 0.03404378 0.9846416 -0.175949 -1.68569e-5 0.9843994 -0.7954342 0.1582407 0.5850165 -0.9729085 2.70195e-5 0.2311905 -0.1811567 0.03600895 0.9827949 -0.1865547 -2.47769e-5 0.9824445 -0.9536153 0.1897131 0.2337244 -0.6381962 0.1269916 0.759328 0.009092569 -4.38988e-5 -0.9999588 -0.6574804 4.59589e-5 0.7534717 2.21133e-5 3.97563e-5 -1 -0.7501962 -0.3107206 0.5836595 -0.1712301 -0.03407716 0.9846417 -0.162549 -0.0673483 0.9843994 -0.7954412 -0.1582037 0.585017 -0.898861 -0.3722906 0.2311896 -0.1811472 -0.03605753 0.9827948 -0.1723453 -0.07141417 0.9824445 -0.9536151 -0.1897134 0.2337244 -0.6382138 -0.1269018 0.7593282 0.008379757 0.003518402 -0.9999588 -0.6074463 -0.2515629 0.7534754 4.82798e-6 4.53591e-5 -1 -0.5741832 -0.5741563 0.5836593 -0.1451557 -0.09701013 0.9846416 -0.1244028 -0.1244269 0.9843993 -0.6743502 -0.4505636 0.5850166 -0.6879693 -0.6879313 0.23119 -0.1535598 -0.1026347 0.9827948 -0.1318961 -0.1319325 0.9824445 -0.8084556 -0.5401597 0.2337247 -0.541073 -0.3614784 0.7593243 0.006458938 0.006396532 -0.9999588 -0.4649392 -0.4648749 0.753474 -8.07643e-6 4.63724e-5 -1 -0.310756 -0.7501819 0.5836591 -0.09698188 -0.1451741 0.9846416 -0.0673173 -0.1625627 0.9843993 -0.4505792 -0.6743049 0.5850569 -0.372341 -0.8988402 0.2311893 -0.1025941 -0.1535875 0.9827948 -0.07136869 -0.1723649 0.9824444 -0.5402054 -0.8084252 0.2337241 -0.3615545 -0.541022 0.7593243 0.003437578 0.008414328 -0.9999588 -0.2516478 -0.607412 0.7534747 -2.58684e-5 4.03821e-5 -1 -1.89319e-5 -0.8119986 0.5836593 -0.03404384 -0.1712368 0.9846416 1.69668e-5 -0.175949 0.9843993 -0.158241 -0.7954339 0.5850169 -2.72691e-5 -0.9729087 0.2311896 -0.03600907 -0.1811571 0.9827948 2.47061e-5 -0.1865556 0.9824444 -0.1897134 -0.9536151 0.2337244 -0.1269918 -0.6381955 0.7593284 -4.35002e-5 0.009096443 -0.9999587 -4.61861e-5 -0.6574837 0.7534688 -3.97824e-5 2.11895e-5 -1 0.3107206 -0.7501961 0.5836597 0.03407734 -0.171231 0.9846414 0.06734806 -0.162549 0.9843994 0.158204 -0.7954419 0.5850161 0.3722904 -0.8988609 0.23119 0.03605759 -0.1811478 0.9827948 0.07141387 -0.1723452 0.9824445 0.1897135 -0.9536153 0.2337236 0.1269018 -0.6382133 0.7593285 -0.003438234 0.00841546 -0.9999588 0.2515642 -0.6074482 0.7534734 4.11272e-5 2.14279e-5 -1 0.5741565 -0.5741834 0.5836591 0.09701049 -0.1451558 0.9846414 0.124427 -0.124403 0.9843993 0.4505637 -0.6743503 0.5850163 0.6879304 -0.6879702 0.23119 0.1026349 -0.1535596 0.9827948 0.1319316 -0.1318976 0.9824444 0.5401598 -0.8084555 0.233725 0.3614787 -0.5410728 0.7593244 -0.006395757 0.006459116 -0.9999588 0.4648752 -0.4649387 0.7534741 -4.72516e-5 -8.40425e-6 -1 0.7501819 -0.310756 0.583659 0.145175 -0.096982 0.9846414 0.1625626 -0.06731712 0.9843993 0.6743057 -0.4505791 0.5850559 0.8988401 -0.3723412 0.2311893 0.1535869 -0.102594 0.9827948 0.1723648 -0.07136887 0.9824443 0.8084556 -0.5401597 0.2337245 0.5410178 -0.3615517 0.7593287 -0.00841993 0.003440737 -0.9999586 0.6074169 -0.2516502 0.75347 1.46627e-5 4.37945e-5 -1 0.8119987 -1.85966e-5 0.5836592 0.1712372 -0.03404396 0.9846416 0.1759492 1.72984e-5 0.9843993 0.7954342 -0.158241 0.5850165 0.9729086 -2.71723e-5 0.2311902 0.1811574 -0.03600901 0.9827947 0.1865549 2.47732e-5 0.9824445 0.953626 -0.1896593 0.2337238 0.6381961 -0.1269913 0.759328 -0.009092688 -4.37945e-5 -0.9999586 0.6574803 -4.55826e-5 0.7534717 -2.18153e-5 -4.04716e-5 -1 0.7501961 0.3107209 0.5836595 0.171231 0.0340771 0.9846414 0.162549 0.06734853 0.9843993 0.795442 0.1582037 0.585016 0.8988606 0.3722915 0.2311903 0.1811472 0.03605753 0.9827948 0.1723443 0.07141476 0.9824447 0.9536258 0.1896596 0.2337241 0.6382144 0.1269031 0.7593275 -0.008419096 -0.003440022 -0.9999586 0.6074514 0.2515655 0.7534704 -5.99027e-6 -4.48078e-5 -1 0.5741837 0.5741562 0.5836591 0.1451559 0.09701043 0.9846414 0.1244031 0.124427 0.9843992 0.6743505 0.4505635 0.5850163 0.6879696 0.6879311 0.23119 0.1535599 0.102635 0.9827948 0.1318963 0.1319323 0.9824445 0.8084556 0.5401598 0.2337241 0.5410706 0.3614771 0.7593267 -0.006460905 -0.006398558 -0.9999586 0.4649409 0.4648773 0.7534714 1.15037e-5 -4.46886e-5 -1 0.310756 0.7501816 0.5836595 0.09698206 0.1451748 0.9846415 0.06731718 0.162562 0.9843994 0.4505791 0.6743056 0.5850561 0.3723413 0.89884 0.2311893 0.1025941 0.1535871 0.9827948 0.07136881 0.1723651 0.9824444 0.5402054 0.8084251 0.2337242 0.3615516 0.5410179 0.7593287 -0.00352174 -0.00838679 -0.9999587 0.2516499 0.607418 0.7534692 2.94596e-5 -3.42131e-5 -1 0.03404355 0.1712362 0.9846417 -1.69426e-5 0.1759483 0.9843995 0.1582406 0.7954337 0.5850173 0.03600913 0.1811568 0.9827948 -2.45534e-5 0.186555 0.9824446 0.1896601 0.9536257 0.2337243 0.1269922 0.6381956 0.7593282 4.58732e-5 0.6574837 0.7534688 3.97637e-5 -2.13385e-5 -1 -0.3714484 0.8967551 0.2405338 -0.6863474 0.6863466 0.2405323 -0.8967554 0.371448 0.2405332 -0.9706412 1.83837e-7 0.2405321 -0.8967554 -0.3714478 0.2405334 -0.6863472 -0.6863465 0.2405327 -0.371449 -0.8967548 0.2405338 2.6608e-7 -0.9706412 0.2405322 0.3714492 -0.8967548 0.2405337 0.6863473 -0.6863468 0.2405319 0.8967556 -0.3714476 0.2405331 0.9706412 -2.12864e-7 0.2405321 0.8967552 0.3714482 0.2405335 0.6863476 0.6863468 0.2405309 0.3714486 0.8967548 0.240534 0 0 -1 -0.2518344 0.607982 0.7529524 -0.4653298 0.4653302 0.7529515 -0.6079831 0.2518348 0.7529515 -0.658076 0 0.7529515 -0.6079825 -0.2518349 0.7529519 -0.4653307 -0.4653305 0.7529509 -0.2518349 -0.6079835 0.7529511 0 -0.6580772 0.7529505 0.2518345 -0.6079821 0.7529524 0.4653303 -0.4653301 0.7529514 0.6079831 -0.2518348 0.7529515 0.6580761 2.29475e-7 0.7529515 0.6079828 0.2518348 0.7529516 0.4653304 0.4653302 0.7529512 0.2518348 0.6079834 0.7529513 0 0.6580771 0.7529506 -0.3086166 0.7450667 0.5912964 -0.570249 0.5702495 0.5912966 -0.7450663 0.3086169 0.5912968 -0.806454 0 0.5912969 -0.7450665 -0.308617 0.5912964 -0.5702498 -0.57025 0.5912953 -0.3086167 -0.7450666 0.5912966 4.07653e-7 -0.8064534 0.5912978 0.3086166 -0.7450668 0.5912962 0.5702491 -0.5702493 0.5912967 0.7450667 -0.3086165 0.5912965 0.8064548 0 0.5912959 0.7450672 0.3086165 0.5912958 0.570249 0.5702493 0.5912967 0.3086162 0.745066 0.5912976 -2.51566e-7 0.9706411 0.2405323 -2.12474e-7 0.8064538 0.5912972</float_array>
          <technique_common>
            <accessor source="#Stand-mesh-normals-array" count="764" stride="3">
              <param name="X" type="float"/>
              <param name="Y" type="float"/>
              <param name="Z" type="float"/>
            </accessor>
          </technique_common>
        </source>
        <source id="Stand-mesh-map-0">
          <float_array id="Stand-mesh-map-0-array" count="6720">0.801146 0.428267 0.8423442 0.4092057 0.8423442 0.428267 0.7599481 0.368758 0.8011462 0.3864671 0.7599481 0.386467 0.8835422 0.3864671 0.9247401 0.368758 0.9247402 0.386467 0.8423442 0.4092057 0.8835422 0.428267 0.8423442 0.428267 0.8835422 0.428267 0.9247402 0.4092057 0.9247403 0.428267 0.8423442 0.3986863 0.8835423 0.4092057 0.8423442 0.4092057 0.9659383 0.3864671 1.007136 0.368758 1.007136 0.386467 0.9247402 0.4092057 0.9659383 0.428267 0.9247403 0.428267 0.9659383 0.428267 1.007136 0.4092057 1.007136 0.428267 0.9247402 0.3986863 0.9659383 0.4092057 0.9247402 0.4092057 1.048334 0.3864671 1.089532 0.368758 1.089532 0.386467 1.007136 0.4092057 1.048334 0.428267 1.007136 0.428267 1.048334 0.428267 1.089532 0.4092057 1.089532 0.428267 1.007136 0.3986863 1.048334 0.4092057 1.007136 0.4092057 -0.1876068 0.3864671 -0.1464087 0.368758 -0.1464087 0.386467 1.089532 0.4092057 1.13073 0.4282671 1.089532 0.428267 -0.1876068 0.4282671 -0.1464087 0.4092057 -0.1464087 0.428267 1.089532 0.3986864 1.13073 0.4092057 1.089532 0.4092057 -0.1052107 0.3864671 -0.06401264 0.368758 -0.06401264 0.386467 -0.1464087 0.4092057 -0.1052107 0.428267 -0.1464087 0.428267 -0.1052107 0.428267 -0.06401264 0.4092057 -0.06401264 0.428267 -0.1464087 0.3986863 -0.1052107 0.4092057 -0.1464087 0.4092057 -0.02281457 0.386467 0.01838344 0.368758 0.01838344 0.386467 -0.06401264 0.4092057 -0.02281457 0.428267 -0.06401264 0.428267 -0.02281457 0.428267 0.01838344 0.4092057 0.01838344 0.428267 -0.06401264 0.3986863 -0.02281457 0.4092057 -0.06401264 0.4092057 0.05958145 0.3864671 0.1007795 0.368758 0.1007795 0.386467 0.01838344 0.4092057 0.05958145 0.428267 0.01838344 0.428267 0.05958145 0.428267 0.1007795 0.4092057 0.1007795 0.428267 0.01838344 0.3986863 0.05958145 0.4092057 0.01838344 0.4092057 0.1419776 0.3864671 0.1831755 0.368758 0.1831756 0.386467 0.1007795 0.4092057 0.1419776 0.428267 0.1007795 0.428267 0.1419776 0.428267 0.1831756 0.4092057 0.1831756 0.428267 0.1007795 0.3986863 0.1419776 0.4092057 0.1007795 0.4092057 0.2243736 0.386467 0.2655717 0.368758 0.2655717 0.386467 0.1831756 0.4092057 0.2243736 0.428267 0.1831756 0.428267 0.2243736 0.428267 0.2655717 0.4092057 0.2655716 0.428267 0.1831756 0.3986863 0.2243736 0.4092057 0.1831756 0.4092057 0.3067697 0.386467 0.3479678 0.368758 0.3479678 0.386467 0.2655717 0.4092057 0.3067697 0.428267 0.2655716 0.428267 0.3067697 0.428267 0.3479678 0.4092057 0.3479678 0.428267 0.2655717 0.3986863 0.3067697 0.4092057 0.2655717 0.4092057 0.3891658 0.3864671 0.4303638 0.368758 0.4303638 0.386467 0.3479678 0.4092057 0.3891658 0.428267 0.3479678 0.428267 0.3891658 0.428267 0.4303638 0.4092057 0.4303638 0.428267 0.3479678 0.3986863 0.3891659 0.4092057 0.3479678 0.4092057 0.4715619 0.3864671 0.5127599 0.368758 0.5127599 0.386467 0.4303638 0.4092057 0.4715618 0.428267 0.4303638 0.428267 0.4715618 0.428267 0.5127599 0.4092057 0.5127598 0.428267 0.4303638 0.3986863 0.4715619 0.4092057 0.4303638 0.4092057 0.5539579 0.386467 0.595156 0.368758 0.595156 0.386467 0.5127599 0.4092057 0.5539579 0.428267 0.5127598 0.428267 0.5539579 0.428267 0.595156 0.4092057 0.595156 0.428267 0.5127599 0.3986863 0.5539579 0.4092057 0.5127599 0.4092057 0.6363541 0.3864671 0.6775521 0.368758 0.6775521 0.386467 0.595156 0.4092057 0.636354 0.428267 0.595156 0.428267 0.636354 0.428267 0.6775521 0.4092057 0.6775521 0.428267 0.595156 0.3986863 0.6363541 0.4092057 0.595156 0.4092057 0.7187501 0.3864671 0.7599481 0.368758 0.7599481 0.386467 0.6775521 0.4092057 0.7187501 0.428267 0.6775521 0.428267 0.7187501 0.428267 0.7599481 0.4092057 0.759948 0.428267 0.6775521 0.3986863 0.7187501 0.4092057 0.6775521 0.4092057 0.8011462 0.3864671 0.8423442 0.368758 0.8423442 0.386467 0.7599481 0.4092057 0.801146 0.428267 0.759948 0.428267 0.8011461 0.2536689 0.8423442 0.2265005 0.8423442 0.253669 0.7638828 0.1945375 0.8449673 0.1945375 0.8038833 0.1945375 0.9247401 0.2728469 0.9659383 0.285362 0.9247402 0.285362 0.8423442 0.2265005 0.8835422 0.2536691 0.8423442 0.253669 0.8835422 0.2536691 0.9247403 0.2265006 0.9247403 0.2536692 0.8423442 0.2014972 0.8835422 0.2265006 0.8423442 0.2265005 1.007136 0.2728469 1.048334 0.285362 1.007136 0.285362 0.9247403 0.2265006 0.9659385 0.2536692 0.9247403 0.2536692 0.9659385 0.2536692 1.007136 0.2265006 1.007136 0.2536692 0.9247403 0.2014971 0.9659383 0.2265006 0.9247403 0.2265006 1.089532 0.2728469 1.13073 0.285362 1.089532 0.285362 1.007136 0.2265006 1.048334 0.2536692 1.007136 0.2536692 1.048334 0.2536692 1.089532 0.2265006 1.089532 0.2536692 1.007136 0.2014971 1.048334 0.2265006 1.007136 0.2265006 -0.1464087 0.2728469 -0.1052107 0.285362 -0.1464087 0.285362 1.089532 0.2265006 1.13073 0.2536692 1.089532 0.2536692 -0.1876068 0.2536692 -0.1464087 0.2265006 -0.1464087 0.2536692 1.089532 0.2014971 1.13073 0.2265006 1.089532 0.2265006 -0.06401264 0.2728469 -0.02281457 0.285362 -0.06401264 0.285362 -0.1464087 0.2265006 -0.1052107 0.2536692 -0.1464087 0.2536692 -0.1052107 0.2536692 -0.06401264 0.2265006 -0.06401264 0.2536692 -0.1464087 0.2014972 -0.1052107 0.2265006 -0.1464087 0.2265006 0.01838344 0.2728469 0.05958145 0.285362 0.01838344 0.285362 -0.06401264 0.2265006 -0.02281457 0.2536692 -0.06401264 0.2536692 -0.02281457 0.2536692 0.01838344 0.2265006 0.01838344 0.2536692 -0.06401264 0.2014972 -0.02281457 0.2265006 -0.06401264 0.2265006 0.1007795 0.2728469 0.1419776 0.285362 0.1007795 0.285362 0.01838344 0.2265006 0.05958145 0.2536692 0.01838344 0.2536692 0.05958145 0.2536692 0.1007795 0.2265006 0.1007795 0.2536692 0.01838344 0.2014971 0.05958145 0.2265006 0.01838344 0.2265006 0.1831755 0.2728469 0.2243736 0.285362 0.1831756 0.285362 0.1007795 0.2265006 0.1419776 0.2536692 0.1007795 0.2536692 0.1419776 0.2536692 0.1831755 0.2265006 0.1831756 0.2536692 0.1007795 0.2014971 0.1419775 0.2265006 0.1007795 0.2265006 0.2655717 0.2728469 0.3067697 0.285362 0.2655717 0.285362 0.1831755 0.2265006 0.2243736 0.2536692 0.1831756 0.2536692 0.2243736 0.2536692 0.2655717 0.2265006 0.2655717 0.2536692 0.1831756 0.2014972 0.2243736 0.2265006 0.1831755 0.2265006 0.3479678 0.2728469 0.3891658 0.285362 0.3479678 0.285362 0.2655717 0.2265006 0.3067697 0.2536692 0.2655717 0.2536692 0.3067697 0.2536692 0.3479678 0.2265006 0.3479678 0.2536692 0.2655717 0.2014971 0.3067697 0.2265006 0.2655717 0.2265006 0.4303638 0.2728469 0.4715619 0.2853619 0.4303638 0.285362 0.3479678 0.2265006 0.3891658 0.2536692 0.3479678 0.2536692 0.3891658 0.2536692 0.4303638 0.2265006 0.4303638 0.2536692 0.3479678 0.2014972 0.3891658 0.2265006 0.3479678 0.2265006 0.5127599 0.2728468 0.5539579 0.2853617 0.5127599 0.2853618 0.4303638 0.2265006 0.4715618 0.2536692 0.4303638 0.2536692 0.4715618 0.2536692 0.5127599 0.2265006 0.5127599 0.2536692 0.4303638 0.2014971 0.4715619 0.2265006 0.4303638 0.2265006 0.595156 0.2728466 0.6363541 0.2853616 0.595156 0.2853617 0.5127599 0.2265006 0.553958 0.2536691 0.5127599 0.2536692 0.553958 0.2536691 0.595156 0.2265005 0.595156 0.253669 0.5127599 0.2014971 0.5539579 0.2265005 0.5127599 0.2265006 0.6775521 0.2728466 0.7187501 0.2853616 0.6775521 0.2853616 0.595156 0.2265005 0.6363541 0.2536689 0.595156 0.253669 0.6363541 0.2536689 0.6775521 0.2265004 0.6775521 0.2536689 0.595156 0.2014971 0.636354 0.2265005 0.595156 0.2265005 0.6775521 0.2265004 0.7187501 0.2536689 0.6775521 0.2536689 0.7187501 0.2536689 0.7599481 0.2265004 0.7599481 0.2536689 0.6775521 0.2014971 0.7187501 0.2265004 0.6775521 0.2265004 0.801146 0.2265005 0.8423442 0.2014971 0.8423442 0.2265005 0.7599481 0.2265004 0.8011461 0.2536689 0.7599481 0.2536689 0.801146 0.3460065 0.8423442 0.3181498 0.8423442 0.3460065 0.7599481 0.2728466 0.8011462 0.2853617 0.7599481 0.2853617 0.8835422 0.2853619 0.9247401 0.2728469 0.9247403 0.285362 0.8423442 0.3181498 0.8835422 0.3460065 0.8423442 0.3460065 0.8835422 0.3460065 0.9247402 0.3181499 0.9247403 0.3460065 0.8423442 0.29575 0.8835423 0.3181499 0.8423442 0.3181498 0.9659383 0.285362 1.007136 0.2728469 1.007136 0.285362 0.9247402 0.3181499 0.9659383 0.3460065 0.9247403 0.3460065 0.9659383 0.3460065 1.007136 0.3181499 1.007136 0.3460066 0.9247402 0.2957502 0.9659383 0.3181499 0.9247402 0.3181499 1.048334 0.285362 1.089532 0.2728469 1.089532 0.285362 1.007136 0.3181499 1.048334 0.3460065 1.007136 0.3460066 1.048334 0.3460065 1.089532 0.31815 1.089532 0.3460066 1.007136 0.2957501 1.048334 0.3181499 1.007136 0.3181499 -0.1876068 0.285362 -0.1464087 0.2728469 -0.1464087 0.285362 1.089532 0.31815 1.13073 0.3460066 1.089532 0.3460066 -0.1876068 0.3460066 -0.1464087 0.3181499 -0.1464087 0.3460066 1.089532 0.2957502 1.13073 0.31815 1.089532 0.31815 -0.1052107 0.285362 -0.06401264 0.2728469 -0.06401264 0.285362 -0.1464087 0.3181499 -0.1052107 0.3460065 -0.1464087 0.3460066 -0.1052107 0.3460065 -0.06401264 0.3181499 -0.06401264 0.3460066 -0.1464087 0.2957502 -0.1052107 0.3181499 -0.1464087 0.3181499 -0.02281457 0.285362 0.01838344 0.2728469 0.01838344 0.285362 -0.06401264 0.3181499 -0.02281457 0.3460065 -0.06401264 0.3460066 -0.02281457 0.3460065 0.01838344 0.3181499 0.01838344 0.3460066 -0.06401264 0.2957502 -0.02281457 0.3181499 -0.06401264 0.3181499 0.05958145 0.285362 0.1007795 0.2728469 0.1007795 0.285362 0.01838344 0.3181499 0.05958145 0.3460065 0.01838344 0.3460066 0.05958145 0.3460065 0.1007795 0.3181499 0.1007795 0.3460066 0.01838344 0.2957502 0.05958145 0.3181499 0.01838344 0.3181499 0.1419776 0.285362 0.1831755 0.2728469 0.1831756 0.285362 0.1007795 0.3181499 0.1419776 0.3460065 0.1007795 0.3460066 0.1419776 0.3460065 0.1831756 0.3181499 0.1831756 0.3460066 0.1007795 0.2957502 0.1419776 0.3181499 0.1007795 0.3181499 0.2243736 0.285362 0.2655717 0.2728469 0.2655717 0.285362 0.1831756 0.3181499 0.2243736 0.3460065 0.1831756 0.3460066 0.2243736 0.3460065 0.2655717 0.3181499 0.2655716 0.3460066 0.1831756 0.2957502 0.2243736 0.3181499 0.1831756 0.3181499 0.3067697 0.285362 0.3479678 0.2728469 0.3479678 0.285362 0.2655717 0.3181499 0.3067697 0.3460065 0.2655716 0.3460066 0.3067697 0.3460065 0.3479678 0.3181499 0.3479678 0.3460066 0.2655717 0.2957501 0.3067697 0.3181499 0.2655717 0.3181499 0.3891658 0.285362 0.4303638 0.2728469 0.4303638 0.285362 0.3479678 0.3181499 0.3891658 0.3460065 0.3479678 0.3460066 0.3891658 0.3460065 0.4303638 0.3181499 0.4303638 0.3460066 0.3479678 0.2957501 0.3891659 0.3181499 0.3479678 0.3181499 0.4715619 0.2853619 0.5127599 0.2728468 0.5127599 0.2853618 0.4303638 0.3181499 0.4715618 0.3460065 0.4303638 0.3460066 0.4715618 0.3460065 0.5127599 0.3181498 0.5127598 0.3460065 0.4303638 0.2957502 0.4715619 0.3181499 0.4303638 0.3181499 0.5539579 0.2853617 0.595156 0.2728466 0.595156 0.2853616 0.5127599 0.3181498 0.5539579 0.3460065 0.5127598 0.3460065 0.5539579 0.3460065 0.595156 0.3181498 0.595156 0.3460065 0.5127599 0.29575 0.5539579 0.3181498 0.5127599 0.3181498 0.6363542 0.2853616 0.6775521 0.2728466 0.6775521 0.2853616 0.595156 0.3181498 0.636354 0.3460065 0.595156 0.3460065 0.636354 0.3460065 0.6775521 0.3181498 0.6775521 0.3460065 0.595156 0.2957498 0.6363541 0.3181498 0.595156 0.3181498 0.7187501 0.2853616 0.7599481 0.2728466 0.7599481 0.2853617 0.6775521 0.3181498 0.7187501 0.3460065 0.6775521 0.3460065 0.7187501 0.3460065 0.7599481 0.3181498 0.759948 0.3460065 0.6775521 0.2957498 0.7187501 0.3181498 0.6775521 0.3181498 0.8011462 0.2853617 0.8423442 0.2728468 0.8423442 0.2853618 0.7599481 0.3181498 0.801146 0.3460065 0.759948 0.3460065 0.8011462 0.4493371 0.8390889 0.4977422 0.801146 0.4977421 0.801146 0.428267 0.8419372 0.4493371 0.8011462 0.4493371 0.8423442 0.428267 0.8827586 0.4493371 0.8419372 0.4493371 0.8419372 0.4493371 0.8772729 0.4977421 0.8390889 0.4977422 0.8827586 0.4493371 0.9159727 0.4977422 0.8772729 0.4977421 0.8835422 0.428267 0.9236444 0.4493371 0.8827586 0.4493371 0.9247403 0.428267 0.9646455 0.4493371 0.9236444 0.4493371 0.9236444 0.4493371 0.9555952 0.4977421 0.9159727 0.4977422 0.9646455 0.4493371 0.9965952 0.4977422 0.9555952 0.4977421 0.9659383 0.428267 1.005819 0.4493371 0.9646455 0.4493371 1.007136 0.428267 1.047228 0.4493371 1.005819 0.4493371 1.005819 0.4493371 1.039485 0.4977421 0.9965952 0.4977422 1.047228 0.4493371 1.085648 0.4941204 1.039485 0.4977421 1.048334 0.4282671 1.08919 0.4484317 1.047228 0.4493371 1.089532 0.428267 1.132447 0.4439045 1.08919 0.4484317 1.08919 0.4484317 1.144463 0.4542813 1.085648 0.4941204 -0.1876068 0.4590314 -0.1464769 0.4454037 -0.1468177 0.464464 -0.1876068 0.4444983 -0.1464087 0.4282671 -0.1464769 0.4454037 -0.1464769 0.4454037 -0.1052107 0.4282671 -0.1052572 0.4489265 -0.1468177 0.464464 -0.1052572 0.4489265 -0.1084825 0.5024922 -0.1084825 0.5024922 -0.06295591 0.449436 -0.05441439 0.498138 -0.1052572 0.4489265 -0.06401264 0.4282671 -0.06295591 0.449436 -0.06295591 0.449436 -0.02281457 0.4282671 -0.02152168 0.4493371 -0.05441439 0.498138 -0.02152168 0.4493371 -0.01247149 0.4977421 -0.01247149 0.4977421 0.01947939 0.4493371 0.02715098 0.4977422 -0.02152168 0.4493371 0.01838344 0.428267 0.01947939 0.4493371 0.01947939 0.4493371 0.05958145 0.428267 0.06036514 0.4493371 0.02715098 0.4977422 0.06036514 0.4493371 0.06585085 0.4977421 0.06585085 0.4977421 0.1011864 0.4493371 0.1040349 0.4977422 0.06036514 0.4493371 0.1007795 0.428267 0.1011864 0.4493371 0.1011864 0.4493371 0.1419776 0.428267 0.1419776 0.4493371 0.1040349 0.4977422 0.1419776 0.4493371 0.1419776 0.4977421 0.1419776 0.4493371 0.1799202 0.4977422 0.1419776 0.4977421 0.1419776 0.428267 0.1827687 0.4493371 0.1419776 0.4493371 0.1831756 0.428267 0.2235899 0.4493371 0.1827687 0.4493371 0.1827687 0.4493371 0.2181043 0.4977421 0.1799202 0.4977422 0.2235899 0.4493371 0.2568041 0.4977422 0.2181043 0.4977421 0.2243736 0.428267 0.2644758 0.4493371 0.2235899 0.4493371 0.2655716 0.428267 0.3054768 0.4493371 0.2644758 0.4493371 0.2644758 0.4493371 0.2964267 0.4977421 0.2568041 0.4977422 0.3054768 0.4493371 0.3374267 0.4977422 0.2964267 0.4977421 0.3067697 0.428267 0.3466501 0.4493371 0.3054768 0.4493371 0.3479678 0.428267 0.3880597 0.4493371 0.3466501 0.4493371 0.3466501 0.4493371 0.3803167 0.4977421 0.3374267 0.4977422 0.3880597 0.4493371 0.4253349 0.4977422 0.3803167 0.4977421 0.3891658 0.428267 0.4297353 0.4493371 0.3880597 0.4493371 0.4303638 0.428267 0.4715619 0.4493371 0.4297353 0.4493371 0.4297353 0.4493371 0.4715619 0.4977421 0.4253349 0.4977422 0.4715619 0.4977421 0.5133885 0.4493371 0.5177888 0.4977422 0.4715619 0.4493371 0.5127598 0.428267 0.5133885 0.4493371 0.5133885 0.4493371 0.5539579 0.428267 0.5550641 0.4493371 0.5177888 0.4977422 0.5550641 0.4493371 0.5628071 0.4977421 0.5628071 0.4977421 0.5964737 0.4493371 0.6056972 0.4977422 0.5550641 0.4493371 0.595156 0.428267 0.5964737 0.4493371 0.5964737 0.4493371 0.636354 0.428267 0.6376469 0.4493371 0.6056972 0.4977422 0.6376469 0.4493371 0.6466971 0.4977421 0.6466971 0.4977421 0.6786481 0.4493371 0.6863197 0.4977422 0.6376469 0.4493371 0.6775521 0.428267 0.6786481 0.4493371 0.6786481 0.4493371 0.7187501 0.428267 0.7195337 0.4493371 0.6863197 0.4977422 0.7195337 0.4493371 0.7250194 0.4977421 0.7250194 0.4977421 0.760355 0.4493371 0.7632033 0.4977422 0.7195337 0.4493371 0.759948 0.428267 0.760355 0.4493371 0.760355 0.4493371 0.801146 0.428267 0.8011462 0.4493371 0.7632033 0.4977422 0.8011462 0.4493371 0.801146 0.4977421 0.8011461 0.5942526 0.8228121 0.7197961 0.801146 0.7197961 0.801146 0.4977421 0.8321712 0.5942526 0.8011461 0.5942526 0.8390889 0.4977422 0.8639504 0.5942526 0.8321712 0.5942526 0.8321712 0.5942526 0.8459261 0.7197961 0.8228121 0.7197961 0.8639504 0.5942526 0.8721347 0.7197961 0.8459261 0.7197961 0.8772729 0.4977421 0.8973414 0.5942526 0.8639504 0.5942526 0.9159727 0.4977422 0.9336162 0.5942526 0.8973414 0.5942526 0.8973414 0.5942526 0.9038798 0.7197961 0.8721347 0.7197961 0.9336162 0.5942526 0.9438892 0.7197961 0.9038798 0.7197961 0.9555952 0.4977421 0.974195 0.5942526 0.9336162 0.5942526 0.9965952 0.4977422 1.020681 0.5942526 0.974195 0.5942526 0.974195 0.5942526 0.9952394 0.7197961 0.9438892 0.7197961 1.020681 0.5942527 1.059359 0.7197961 0.9952394 0.7197961 1.039485 0.4977421 1.074103 0.5933472 1.020681 0.5942527 1.085648 0.4941204 1.131766 0.5898244 1.074103 0.5933472 1.074103 0.5933472 1.13073 0.7197961 1.059359 0.7197961 1.13073 0.7197961 1.187906 0.5893148 1.203311 0.7197961 1.131766 0.5898244 1.173645 0.4584376 1.187906 0.5893148 1.187906 0.5893148 1.213127 0.4590314 1.244509 0.5894138 1.203311 0.7197961 1.244509 0.5894138 1.275891 0.7197961 -0.04244583 0.7197961 -0.03072792 0.5943516 4.43236e-4 0.7197961 -0.07423722 0.5948464 -0.05441439 0.498138 -0.03072792 0.5943516 -0.03072792 0.5943516 -0.01247149 0.4977421 0.009507477 0.5942527 4.43236e-4 0.7197961 0.009507477 0.5942527 0.03924381 0.7197961 0.03924381 0.7197961 0.04578214 0.5942526 0.07098895 0.7197961 0.009507477 0.5942526 0.02715098 0.4977422 0.04578214 0.5942526 0.04578214 0.5942526 0.06585085 0.4977421 0.0791732 0.5942526 0.07098895 0.7197961 0.0791732 0.5942526 0.09719759 0.7197961 0.09719759 0.7197961 0.1109524 0.5942526 0.1203116 0.7197961 0.0791732 0.5942526 0.1040349 0.4977422 0.1109524 0.5942526 0.1109524 0.5942526 0.1419776 0.4977421 0.1419776 0.5942526 0.1203116 0.7197961 0.1419776 0.5942526 0.1419776 0.7197961 0.1419776 0.5942526 0.1636436 0.7197961 0.1419776 0.7197961 0.1419776 0.4977421 0.1730027 0.5942526 0.1419776 0.5942526 0.1799202 0.4977422 0.2047819 0.5942526 0.1730027 0.5942526 0.1730027 0.5942526 0.1867576 0.7197961 0.1636436 0.7197961 0.2047819 0.5942526 0.2129663 0.7197961 0.1867576 0.7197961 0.2181043 0.4977421 0.238173 0.5942526 0.2047819 0.5942526 0.2568041 0.4977422 0.2744477 0.5942526 0.238173 0.5942526 0.238173 0.5942526 0.2447115 0.7197961 0.2129663 0.7197961 0.2744477 0.5942526 0.2847209 0.7197961 0.2447115 0.7197961 0.2964267 0.4977421 0.3150267 0.5942526 0.2744477 0.5942526 0.3374267 0.4977422 0.3615124 0.5942526 0.3150267 0.5942526 0.3150267 0.5942526 0.3360712 0.7197961 0.2847209 0.7197961 0.3615124 0.5942526 0.4001904 0.7197961 0.3360712 0.7197961 0.3803167 0.4977421 0.4146485 0.5942526 0.3615124 0.5942526 0.4253349 0.4977422 0.471562 0.5942526 0.4146485 0.5942526 0.4146485 0.5942526 0.4715621 0.7197961 0.4001904 0.7197961 0.4715621 0.7197961 0.5284754 0.5942526 0.5429337 0.7197961 0.471562 0.5942526 0.5177888 0.4977422 0.5284754 0.5942526 0.5284754 0.5942526 0.5628071 0.4977421 0.5816115 0.5942526 0.5429337 0.7197961 0.5816115 0.5942526 0.6070529 0.7197961 0.6070529 0.7197961 0.6280972 0.5942526 0.6584032 0.7197961 0.5816115 0.5942526 0.6056972 0.4977422 0.6280972 0.5942526 0.6280972 0.5942526 0.6466971 0.4977421 0.6686761 0.5942526 0.6584032 0.7197961 0.6686761 0.5942526 0.6984124 0.7197961 0.6984124 0.7197961 0.7049508 0.5942526 0.7301576 0.7197961 0.6686761 0.5942526 0.6863197 0.4977422 0.7049508 0.5942526 0.7049508 0.5942526 0.7250194 0.4977421 0.7383418 0.5942526 0.7301576 0.7197961 0.7383418 0.5942526 0.7563662 0.7197961 0.7563662 0.7197961 0.770121 0.5942526 0.7794801 0.7197961 0.7383418 0.5942526 0.7632033 0.4977422 0.770121 0.5942526 0.770121 0.5942526 0.801146 0.4977421 0.8011461 0.5942526 0.7794801 0.7197961 0.8011461 0.5942526 0.801146 0.7197961 0.8011461 0.4092057 0.8423442 0.3986864 0.8423442 0.4092057 0.8011462 0.368758 0.8423442 0.3460065 0.8423442 0.368758 0.8423442 0.3460065 0.8835422 0.368758 0.8423442 0.368758 0.8835423 0.4092057 0.9247403 0.3986864 0.9247402 0.4092057 0.8449673 0.1945375 0.9260518 0.1945375 0.8851845 0.1945375 0.8835422 0.368758 0.9247403 0.3460065 0.9247401 0.368758 0.9247403 0.3460065 0.9659383 0.368758 0.9247401 0.368758 0.9659383 0.4092057 1.007136 0.3986863 1.007136 0.4092057 0.9260518 0.1945375 1.007136 0.1945375 0.9664858 0.1945376 0.9659383 0.368758 1.007136 0.3460066 1.007136 0.368758 1.007136 0.3460066 1.048334 0.368758 1.007136 0.368758 1.048334 0.4092057 1.089532 0.3986863 1.089532 0.4092057 1.007136 0.1945375 1.088221 0.1945375 1.047787 0.1945375 1.048334 0.368758 1.089532 0.3460066 1.089532 0.368758 1.089532 0.3460066 1.13073 0.368758 1.089532 0.368758 -0.1876068 0.4092057 -0.1464087 0.3986863 -0.1464087 0.4092057 1.088221 0.1945375 1.169305 0.1945375 1.129088 0.1945376 -0.1876068 0.368758 -0.1464087 0.3460066 -0.1464087 0.368758 -0.1464087 0.3460066 -0.1052107 0.368758 -0.1464087 0.368758 -0.1052107 0.4092057 -0.06401264 0.3986864 -0.06401264 0.4092057 1.169305 0.1945375 1.25039 0.1945375 1.210389 0.1945375 -0.1052107 0.368758 -0.06401264 0.3460066 -0.06401264 0.368758 -0.06401264 0.3460066 -0.02281457 0.368758 -0.06401264 0.368758 -0.02281457 0.4092057 0.01838344 0.3986864 0.01838344 0.4092057 1.25039 0.1945375 1.331475 0.1945375 1.291691 0.1945376 -0.02281457 0.368758 0.01838344 0.3460066 0.01838344 0.368758 0.01838344 0.3460066 0.05958145 0.368758 0.01838344 0.368758 0.05958145 0.4092057 0.1007795 0.3986864 0.1007795 0.4092057 1.331474 0.1945375 1.412559 0.1945375 1.372992 0.1945376 0.05958145 0.368758 0.1007795 0.3460066 0.1007795 0.368758 0.1007795 0.3460066 0.1419776 0.368758 0.1007795 0.368758 0.1419776 0.4092057 0.1831756 0.3986864 0.1831756 0.4092057 1.412559 0.1945375 1.493644 0.1945375 1.454293 0.1945376 0.1419776 0.368758 0.1831756 0.3460066 0.1831755 0.368758 0.1831756 0.3460066 0.2243736 0.368758 0.1831755 0.368758 0.2243736 0.4092057 0.2655717 0.3986863 0.2655717 0.4092057 1.493644 0.1945375 1.574728 0.1945375 1.535594 0.1945375 0.2243736 0.368758 0.2655716 0.3460066 0.2655717 0.368758 0.2655716 0.3460066 0.3067697 0.368758 0.2655717 0.368758 0.3067697 0.4092057 0.3479678 0.3986863 0.3479678 0.4092057 1.574728 0.1945375 1.007136 0.1945375 1.571942 0.1945376 0.3067697 0.368758 0.3479678 0.3460066 0.3479678 0.368758 0.3479678 0.3460066 0.3891659 0.368758 0.3479678 0.368758 0.3891659 0.4092057 0.4303638 0.3986863 0.4303638 0.4092057 1.007136 0.1945375 0.4395446 0.1945375 0.4423305 0.1945376 0.3891659 0.368758 0.4303638 0.3460066 0.4303638 0.368758 0.4303638 0.3460066 0.4715619 0.368758 0.4303638 0.368758 0.4715619 0.4092057 0.5127599 0.3986864 0.5127599 0.4092057 0.4395446 0.1945375 0.5206291 0.1945375 0.4786785 0.1945376 0.4715619 0.368758 0.5127598 0.3460065 0.5127599 0.368758 0.5127598 0.3460065 0.5539579 0.368758 0.5127599 0.368758 0.5539579 0.4092057 0.595156 0.3986863 0.595156 0.4092057 0.5206291 0.1945375 0.6017137 0.1945375 0.5599798 0.1945376 0.5539579 0.368758 0.595156 0.3460065 0.595156 0.368758 0.595156 0.3460065 0.6363541 0.368758 0.595156 0.368758 0.6363541 0.4092057 0.6775521 0.3986864 0.6775521 0.4092057 0.6017137 0.1945375 0.6827983 0.1945375 0.6412811 0.1945375 0.6363541 0.368758 0.6775521 0.3460065 0.6775521 0.368758 0.6775521 0.3460065 0.7187501 0.368758 0.6775521 0.368758 0.7187501 0.4092057 0.7599481 0.3986864 0.7599481 0.4092057 0.6827982 0.1945375 0.7638828 0.1945375 0.7225821 0.1945375 0.7187501 0.368758 0.759948 0.3460065 0.7599481 0.368758 0.759948 0.3460065 0.8011462 0.368758 0.7599481 0.368758 0.7599481 0.2014971 0.801146 0.2265005 0.7599481 0.2265004 0.8011461 0.3181498 0.8423442 0.29575 0.8423442 0.3181498 0.8011462 0.2728467 0.8423442 0.253669 0.8423442 0.2728468 0.8423442 0.253669 0.8835422 0.2728469 0.8423442 0.2728468 0.8835423 0.3181499 0.9247403 0.2957502 0.9247402 0.3181499 0.8423442 0.368758 0.8835422 0.3864671 0.8423442 0.386467 0.8835422 0.2728469 0.9247403 0.2536692 0.9247401 0.2728469 0.9247403 0.2536692 0.9659383 0.2728469 0.9247401 0.2728469 0.9659383 0.3181499 1.007136 0.2957502 1.007136 0.3181499 0.9247401 0.368758 0.9659383 0.3864671 0.9247403 0.386467 0.9659383 0.2728469 1.007136 0.2536692 1.007136 0.2728469 1.007136 0.2536692 1.048334 0.2728469 1.007136 0.2728469 1.048334 0.3181499 1.089532 0.2957502 1.089532 0.31815 1.007136 0.368758 1.048334 0.386467 1.007136 0.386467 1.048334 0.2728469 1.089532 0.2536692 1.089532 0.2728469 1.089532 0.2536692 1.13073 0.272847 1.089532 0.2728469 -0.1876068 0.31815 -0.1464087 0.2957502 -0.1464087 0.3181499 1.089532 0.368758 1.13073 0.3864671 1.089532 0.386467 -0.1876068 0.272847 -0.1464087 0.2536692 -0.1464087 0.2728469 -0.1464087 0.2536692 -0.1052107 0.2728469 -0.1464087 0.2728469 -0.1052107 0.3181499 -0.06401264 0.2957502 -0.06401264 0.3181499 -0.1464087 0.368758 -0.1052107 0.3864671 -0.1464087 0.386467 -0.1052107 0.2728469 -0.06401264 0.2536692 -0.06401264 0.2728469 -0.06401264 0.2536692 -0.02281457 0.2728469 -0.06401264 0.2728469 -0.02281457 0.3181499 0.01838344 0.2957502 0.01838344 0.3181499 -0.06401264 0.368758 -0.02281457 0.3864671 -0.06401264 0.3864671 -0.02281457 0.2728469 0.01838344 0.2536692 0.01838344 0.2728469 0.01838344 0.2536692 0.05958145 0.2728469 0.01838344 0.2728469 0.05958145 0.3181499 0.1007795 0.2957501 0.1007795 0.3181499 0.01838344 0.368758 0.05958145 0.3864671 0.01838344 0.386467 0.05958145 0.2728469 0.1007795 0.2536692 0.1007795 0.2728469 0.1007795 0.2536692 0.1419776 0.2728469 0.1007795 0.2728469 0.1419776 0.3181499 0.1831755 0.2957502 0.1831756 0.3181499 0.1007795 0.368758 0.1419776 0.386467 0.1007795 0.386467 0.1419776 0.2728469 0.1831756 0.2536692 0.1831755 0.2728469 0.1831756 0.2536692 0.2243736 0.2728469 0.1831755 0.2728469 0.2243736 0.3181499 0.2655717 0.2957502 0.2655717 0.3181499 0.1831755 0.368758 0.2243736 0.3864671 0.1831756 0.386467 0.2243736 0.2728469 0.2655716 0.2536692 0.2655717 0.2728469 0.2655716 0.2536692 0.3067697 0.2728469 0.2655717 0.2728469 0.3067697 0.3181499 0.3479678 0.2957501 0.3479678 0.3181499 0.2655717 0.368758 0.3067697 0.3864671 0.2655717 0.386467 0.3067697 0.2728469 0.3479678 0.2536692 0.3479678 0.2728469 0.3479678 0.2536692 0.3891659 0.2728469 0.3479678 0.2728469 0.3891659 0.3181499 0.4303639 0.2957502 0.4303638 0.3181499 0.3479678 0.368758 0.3891658 0.3864671 0.3479678 0.386467 0.3891659 0.2728469 0.4303638 0.2536692 0.4303638 0.2728469 0.4303638 0.2536692 0.4715619 0.2728469 0.4303638 0.2728469 0.4715619 0.3181499 0.5127599 0.29575 0.5127599 0.3181498 0.4303638 0.368758 0.4715619 0.3864671 0.4303638 0.386467 0.4715619 0.2728469 0.5127598 0.2536691 0.5127599 0.2728468 0.5127598 0.2536691 0.5539579 0.2728468 0.5127599 0.2728468 0.5539579 0.3181498 0.595156 0.2957498 0.595156 0.3181498 0.5127599 0.368758 0.5539579 0.3864671 0.5127599 0.386467 0.5539579 0.2728468 0.595156 0.253669 0.595156 0.2728466 0.595156 0.253669 0.6363541 0.2728466 0.595156 0.2728466 0.6363541 0.3181498 0.6775521 0.2957498 0.6775521 0.3181498 0.595156 0.368758 0.6363541 0.3864671 0.595156 0.386467 0.6363541 0.2728466 0.6775521 0.2536689 0.6775521 0.2728466 0.6775521 0.2536689 0.7187501 0.2728466 0.6775521 0.2728466 0.7187501 0.3181498 0.7599481 0.2957499 0.7599481 0.3181498 0.6775521 0.368758 0.7187501 0.386467 0.6775521 0.386467 0.7187501 0.2728466 0.759948 0.2536689 0.7599481 0.2728466 0.759948 0.2536689 0.8011462 0.2728467 0.7599481 0.2728466 0.7599481 0.3986863 0.8011461 0.4092057 0.7599481 0.4092057 0.8835422 0.2265006 0.9247403 0.2014972 0.9247403 0.2265006 0.8423442 0.2728468 0.8835423 0.2853619 0.8423442 0.2853618 0.7187501 0.2265004 0.7599481 0.2014971 0.7599481 0.2265004 0.636354 0.2265005 0.6775521 0.2014971 0.6775521 0.2265004 0.5539579 0.2265005 0.595156 0.2014972 0.595156 0.2265005 0.4715619 0.2265006 0.5127599 0.2014972 0.5127599 0.2265006 0.3891658 0.2265006 0.4303638 0.2014972 0.4303638 0.2265006 0.3067697 0.2265006 0.3479678 0.2014971 0.3479678 0.2265006 0.2243736 0.2265006 0.2655717 0.2014971 0.2655717 0.2265006 0.1419775 0.2265006 0.1831755 0.2014971 0.1831755 0.2265006 0.05958145 0.2265006 0.1007795 0.2014972 0.1007795 0.2265006 -0.02281457 0.2265006 0.01838344 0.2014971 0.01838344 0.2265006 -0.1052107 0.2265006 -0.06401264 0.2014972 -0.06401264 0.2265006 -0.1876068 0.2265006 -0.1464087 0.2014971 -0.1464087 0.2265006 1.048334 0.2265006 1.089532 0.2014972 1.089532 0.2265006 0.9659383 0.2265006 1.007136 0.2014971 1.007136 0.2265006 0.8835423 0.29575 0.8423442 0.2853618 0.8835423 0.2853619 0.8011462 0.2957499 0.8423442 0.2853618 0.8423442 0.29575 0.8835422 0.3986864 0.8423442 0.386467 0.8835422 0.3864671 0.8011462 0.3986864 0.8423442 0.386467 0.8423442 0.3986864 0.8423442 0.2014972 0.8851845 0.1945375 0.8835422 0.2014971 0.8423442 0.2014971 0.8038833 0.1945375 0.8449673 0.1945375 0.9659382 0.2957501 0.9247402 0.285362 0.9659383 0.285362 0.8835422 0.29575 0.9247403 0.285362 0.9247403 0.2957502 0.9659383 0.3986864 0.9247403 0.386467 0.9659383 0.3864671 0.8835423 0.3986864 0.9247402 0.386467 0.9247403 0.3986864 0.9247403 0.2014971 0.9664858 0.1945376 0.9659383 0.2014972 0.9247403 0.2014972 0.8851845 0.1945375 0.9260518 0.1945375 1.048334 0.2957502 1.007136 0.285362 1.048334 0.285362 0.9659383 0.2957501 1.007136 0.285362 1.007136 0.2957502 1.048334 0.3986864 1.007136 0.386467 1.048334 0.386467 0.9659383 0.3986864 1.007136 0.386467 1.007136 0.3986863 1.007136 0.2014971 1.047787 0.1945375 1.048334 0.2014971 1.007136 0.2014971 0.9664858 0.1945376 1.007136 0.1945375 1.13073 0.2957501 1.089532 0.285362 1.13073 0.285362 1.048334 0.2957501 1.089532 0.285362 1.089532 0.2957502 1.13073 0.3986864 1.089532 0.386467 1.13073 0.3864671 1.048334 0.3986864 1.089532 0.386467 1.089532 0.3986863 1.089532 0.2014971 1.129088 0.1945376 1.13073 0.2014972 1.089532 0.2014972 1.047787 0.1945375 1.088221 0.1945375 -0.1052107 0.2957501 -0.1464087 0.285362 -0.1052107 0.285362 -0.1876068 0.2957501 -0.1464087 0.285362 -0.1464087 0.2957502 -0.1052107 0.3986864 -0.1464087 0.386467 -0.1052107 0.3864671 -0.1876068 0.3986864 -0.1464087 0.386467 -0.1464087 0.3986863 1.172174 0.1945375 1.210389 0.1945375 1.212879 0.1945375 1.171683 0.1945375 1.129088 0.1945376 1.169305 0.1945375 -0.02281457 0.2957502 -0.06401264 0.285362 -0.02281457 0.285362 -0.1052107 0.2957501 -0.06401264 0.285362 -0.06401264 0.2957502 -0.02281457 0.3986864 -0.06401264 0.3864671 -0.02281457 0.3864671 -0.1052107 0.3986864 -0.06401264 0.386467 -0.06401264 0.3986864 1.25457 0.1945375 1.291691 0.1945376 1.295275 0.1945375 1.254079 0.1945375 1.210389 0.1945375 1.25039 0.1945375 0.05958145 0.2957501 0.01838344 0.285362 0.05958145 0.285362 -0.02281457 0.2957502 0.01838344 0.285362 0.01838344 0.2957502 0.05958145 0.3986864 0.01838344 0.386467 0.05958145 0.3864671 -0.02281457 0.3986864 0.01838344 0.386467 0.01838344 0.3986864 1.336966 0.1945375 1.372992 0.1945376 1.377671 0.1945375 1.336475 0.1945375 1.291691 0.1945376 1.331475 0.1945375 0.1419776 0.2957502 0.1007795 0.285362 0.1419776 0.285362 0.05958145 0.2957501 0.1007795 0.285362 0.1007795 0.2957501 0.1419776 0.3986864 0.1007795 0.386467 0.1419776 0.386467 0.05958145 0.3986864 0.1007795 0.386467 0.1007795 0.3986864 1.419362 0.1945375 1.454293 0.1945376 1.460067 0.1945375 1.418871 0.1945376 1.372992 0.1945376 1.412559 0.1945375 0.2243736 0.2957501 0.1831756 0.285362 0.2243736 0.285362 0.1419776 0.2957501 0.1831756 0.285362 0.1831755 0.2957502 0.2243736 0.3986864 0.1831756 0.386467 0.2243736 0.3864671 0.1419776 0.3986864 0.1831756 0.386467 0.1831756 0.3986864 1.501758 0.1945375 1.535594 0.1945375 1.542464 0.1945375 1.501267 0.1945375 1.454293 0.1945376 1.493644 0.1945375 0.3067697 0.2957502 0.2655717 0.285362 0.3067697 0.285362 0.2243736 0.2957502 0.2655717 0.285362 0.2655717 0.2957502 0.3067697 0.3986864 0.2655717 0.386467 0.3067697 0.3864671 0.2243736 0.3986864 0.2655717 0.386467 0.2655717 0.3986863 1.584155 0.1945375 1.571942 0.1945376 1.62486 0.1945375 1.583663 0.1945375 1.535594 0.1945375 1.574728 0.1945375 0.3891658 0.2957501 0.3479678 0.285362 0.3891658 0.285362 0.3067697 0.2957502 0.3479678 0.285362 0.3479678 0.2957501 0.3891658 0.3986864 0.3479678 0.386467 0.3891658 0.3864671 0.3067697 0.3986864 0.3479678 0.386467 0.3479678 0.3986863 1.003453 0.1945375 0.4423305 0.1945376 0.3928736 0.1945375 1.010819 0.1945375 1.571942 0.1945376 1.007136 0.1945375 0.4715619 0.2957501 0.4303638 0.285362 0.4715619 0.2853619 0.3891658 0.2957501 0.4303638 0.285362 0.4303639 0.2957502 0.4715619 0.3986864 0.4303638 0.386467 0.4715619 0.3864671 0.3891659 0.3986864 0.4303638 0.386467 0.4303638 0.3986863 0.4303638 0.2014971 0.4786785 0.1945376 0.4715619 0.2014972 0.4303638 0.2014972 0.4423305 0.1945376 0.4395446 0.1945375 0.5539579 0.2957499 0.5127599 0.2853618 0.5539579 0.2853617 0.4715619 0.2957501 0.5127599 0.2853618 0.5127599 0.29575 0.5539579 0.3986864 0.5127599 0.386467 0.5539579 0.3864671 0.4715619 0.3986864 0.5127599 0.386467 0.5127599 0.3986864 0.5127599 0.2014971 0.5599798 0.1945376 0.5539579 0.2014971 0.5127599 0.2014972 0.4786785 0.1945376 0.5206291 0.1945375 0.6363541 0.2957498 0.595156 0.2853617 0.6363541 0.2853616 0.5539579 0.2957499 0.595156 0.2853616 0.595156 0.2957498 0.6363541 0.3986864 0.595156 0.386467 0.6363541 0.3864671 0.5539579 0.3986864 0.595156 0.386467 0.595156 0.3986863 0.595156 0.2014971 0.6412811 0.1945375 0.6363541 0.2014972 0.595156 0.2014972 0.5599798 0.1945376 0.6017137 0.1945375 0.7187501 0.2957498 0.6775521 0.2853616 0.7187501 0.2853616 0.6363541 0.2957498 0.6775521 0.2853616 0.6775521 0.2957498 0.7187501 0.3986864 0.6775521 0.386467 0.7187501 0.386467 0.6363541 0.3986864 0.6775521 0.386467 0.6775521 0.3986864 0.6775521 0.2014971 0.7225821 0.1945375 0.71875 0.2014972 0.6775521 0.2014971 0.6412811 0.1945375 0.6827983 0.1945375 0.8011461 0.2957499 0.7599481 0.2853617 0.8011462 0.2853617 0.7187501 0.2957498 0.7599481 0.2853617 0.7599481 0.2957499 0.8011462 0.3986864 0.7599481 0.386467 0.8011462 0.3864671 0.7187501 0.3986864 0.7599481 0.386467 0.7599481 0.3986864 0.7599481 0.2014971 0.8038833 0.1945375 0.8011462 0.2014972 0.7599481 0.2014971 0.7225821 0.1945375 0.7638828 0.1945375 0.7599481 0.2957498 0.8011461 0.3181498 0.7599481 0.3181498 0.801146 0.428267 0.8011461 0.4092057 0.8423442 0.4092057 0.7599481 0.368758 0.8011462 0.368758 0.8011462 0.3864671 0.8835422 0.3864671 0.8835422 0.368758 0.9247401 0.368758 0.8423442 0.4092057 0.8835423 0.4092057 0.8835422 0.428267 0.8835422 0.428267 0.8835423 0.4092057 0.9247402 0.4092057 0.8423442 0.3986863 0.8835422 0.3986864 0.8835423 0.4092057 0.9659383 0.3864671 0.9659383 0.368758 1.007136 0.368758 0.9247402 0.4092057 0.9659383 0.4092057 0.9659383 0.428267 0.9659383 0.428267 0.9659383 0.4092057 1.007136 0.4092057 0.9247402 0.3986863 0.9659383 0.3986864 0.9659383 0.4092057 1.048334 0.3864671 1.048334 0.368758 1.089532 0.368758 1.007136 0.4092057 1.048334 0.4092057 1.048334 0.428267 1.048334 0.428267 1.048334 0.4092057 1.089532 0.4092057 1.007136 0.3986863 1.048334 0.3986864 1.048334 0.4092057 -0.1876068 0.3864671 -0.1876068 0.368758 -0.1464087 0.368758 1.089532 0.4092057 1.13073 0.4092057 1.13073 0.4282671 -0.1876068 0.4282671 -0.1876068 0.4092057 -0.1464087 0.4092057 1.089532 0.3986864 1.13073 0.3986864 1.13073 0.4092057 -0.1052107 0.3864671 -0.1052107 0.368758 -0.06401264 0.368758 -0.1464087 0.4092057 -0.1052107 0.4092057 -0.1052107 0.428267 -0.1052107 0.428267 -0.1052107 0.4092057 -0.06401264 0.4092057 -0.1464087 0.3986863 -0.1052107 0.3986864 -0.1052107 0.4092057 -0.02281457 0.386467 -0.02281457 0.368758 0.01838344 0.368758 -0.06401264 0.4092057 -0.02281457 0.4092057 -0.02281457 0.428267 -0.02281457 0.428267 -0.02281457 0.4092057 0.01838344 0.4092057 -0.06401264 0.3986863 -0.02281457 0.3986864 -0.02281457 0.4092057 0.05958145 0.3864671 0.05958145 0.368758 0.1007795 0.368758 0.01838344 0.4092057 0.05958145 0.4092057 0.05958145 0.428267 0.05958145 0.428267 0.05958145 0.4092057 0.1007795 0.4092057 0.01838344 0.3986863 0.05958145 0.3986864 0.05958145 0.4092057 0.1419776 0.3864671 0.1419776 0.368758 0.1831755 0.368758 0.1007795 0.4092057 0.1419776 0.4092057 0.1419776 0.428267 0.1419776 0.428267 0.1419776 0.4092057 0.1831756 0.4092057 0.1007795 0.3986863 0.1419776 0.3986864 0.1419776 0.4092057 0.2243736 0.386467 0.2243736 0.368758 0.2655717 0.368758 0.1831756 0.4092057 0.2243736 0.4092057 0.2243736 0.428267 0.2243736 0.428267 0.2243736 0.4092057 0.2655717 0.4092057 0.1831756 0.3986863 0.2243736 0.3986864 0.2243736 0.4092057 0.3067697 0.386467 0.3067697 0.368758 0.3479678 0.368758 0.2655717 0.4092057 0.3067697 0.4092057 0.3067697 0.428267 0.3067697 0.428267 0.3067697 0.4092057 0.3479678 0.4092057 0.2655717 0.3986863 0.3067697 0.3986864 0.3067697 0.4092057 0.3891658 0.3864671 0.3891659 0.368758 0.4303638 0.368758 0.3479678 0.4092057 0.3891659 0.4092057 0.3891658 0.428267 0.3891658 0.428267 0.3891659 0.4092057 0.4303638 0.4092057 0.3479678 0.3986863 0.3891658 0.3986864 0.3891659 0.4092057 0.4715619 0.3864671 0.4715619 0.368758 0.5127599 0.368758 0.4303638 0.4092057 0.4715619 0.4092057 0.4715618 0.428267 0.4715618 0.428267 0.4715619 0.4092057 0.5127599 0.4092057 0.4303638 0.3986863 0.4715619 0.3986864 0.4715619 0.4092057 0.5539579 0.386467 0.5539579 0.368758 0.595156 0.368758 0.5127599 0.4092057 0.5539579 0.4092057 0.5539579 0.428267 0.5539579 0.428267 0.5539579 0.4092057 0.595156 0.4092057 0.5127599 0.3986863 0.5539579 0.3986864 0.5539579 0.4092057 0.6363541 0.3864671 0.6363541 0.368758 0.6775521 0.368758 0.595156 0.4092057 0.6363541 0.4092057 0.636354 0.428267 0.636354 0.428267 0.6363541 0.4092057 0.6775521 0.4092057 0.595156 0.3986863 0.6363541 0.3986864 0.6363541 0.4092057 0.7187501 0.3864671 0.7187501 0.368758 0.7599481 0.368758 0.6775521 0.4092057 0.7187501 0.4092057 0.7187501 0.428267 0.7187501 0.428267 0.7187501 0.4092057 0.7599481 0.4092057 0.6775521 0.3986863 0.7187501 0.3986864 0.7187501 0.4092057 0.8011462 0.3864671 0.8011462 0.368758 0.8423442 0.368758 0.7599481 0.4092057 0.8011461 0.4092057 0.801146 0.428267 0.8011461 0.2536689 0.801146 0.2265005 0.8423442 0.2265005 0.7638828 0.1945375 1.007136 0.1945375 0.8449673 0.1945375 0.9247401 0.2728469 0.9659383 0.2728469 0.9659383 0.285362 0.8423442 0.2265005 0.8835422 0.2265006 0.8835422 0.2536691 0.8835422 0.2536691 0.8835422 0.2265006 0.9247403 0.2265006 0.8423442 0.2014972 0.8835422 0.2014971 0.8835422 0.2265006 1.007136 0.2728469 1.048334 0.2728469 1.048334 0.285362 0.9247403 0.2265006 0.9659383 0.2265006 0.9659385 0.2536692 0.9659385 0.2536692 0.9659383 0.2265006 1.007136 0.2265006 0.9247403 0.2014971 0.9659383 0.2014972 0.9659383 0.2265006 1.089532 0.2728469 1.13073 0.272847 1.13073 0.285362 1.007136 0.2265006 1.048334 0.2265006 1.048334 0.2536692 1.048334 0.2536692 1.048334 0.2265006 1.089532 0.2265006 1.007136 0.2014971 1.048334 0.2014971 1.048334 0.2265006 -0.1464087 0.2728469 -0.1052107 0.2728469 -0.1052107 0.285362 1.089532 0.2265006 1.13073 0.2265006 1.13073 0.2536692 -0.1876068 0.2536692 -0.1876068 0.2265006 -0.1464087 0.2265006 1.089532 0.2014971 1.13073 0.2014972 1.13073 0.2265006 -0.06401264 0.2728469 -0.02281457 0.2728469 -0.02281457 0.285362 -0.1464087 0.2265006 -0.1052107 0.2265006 -0.1052107 0.2536692 -0.1052107 0.2536692 -0.1052107 0.2265006 -0.06401264 0.2265006 -0.1464087 0.2014972 -0.1052107 0.2014972 -0.1052107 0.2265006 0.01838344 0.2728469 0.05958145 0.2728469 0.05958145 0.285362 -0.06401264 0.2265006 -0.02281457 0.2265006 -0.02281457 0.2536692 -0.02281457 0.2536692 -0.02281457 0.2265006 0.01838344 0.2265006 -0.06401264 0.2014972 -0.02281457 0.2014972 -0.02281457 0.2265006 0.1007795 0.2728469 0.1419776 0.2728469 0.1419776 0.285362 0.01838344 0.2265006 0.05958145 0.2265006 0.05958145 0.2536692 0.05958145 0.2536692 0.05958145 0.2265006 0.1007795 0.2265006 0.01838344 0.2014971 0.05958145 0.2014971 0.05958145 0.2265006 0.1831755 0.2728469 0.2243736 0.2728469 0.2243736 0.285362 0.1007795 0.2265006 0.1419775 0.2265006 0.1419776 0.2536692 0.1419776 0.2536692 0.1419775 0.2265006 0.1831755 0.2265006 0.1007795 0.2014971 0.1419776 0.2014972 0.1419775 0.2265006 0.2655717 0.2728469 0.3067697 0.2728469 0.3067697 0.285362 0.1831755 0.2265006 0.2243736 0.2265006 0.2243736 0.2536692 0.2243736 0.2536692 0.2243736 0.2265006 0.2655717 0.2265006 0.1831756 0.2014972 0.2243736 0.2014972 0.2243736 0.2265006 0.3479678 0.2728469 0.3891659 0.2728469 0.3891658 0.285362 0.2655717 0.2265006 0.3067697 0.2265006 0.3067697 0.2536692 0.3067697 0.2536692 0.3067697 0.2265006 0.3479678 0.2265006 0.2655717 0.2014971 0.3067697 0.2014971 0.3067697 0.2265006 0.4303638 0.2728469 0.4715619 0.2728469 0.4715619 0.2853619 0.3479678 0.2265006 0.3891658 0.2265006 0.3891658 0.2536692 0.3891658 0.2536692 0.3891658 0.2265006 0.4303638 0.2265006 0.3479678 0.2014972 0.3891658 0.2014971 0.3891658 0.2265006 0.5127599 0.2728468 0.5539579 0.2728468 0.5539579 0.2853617 0.4303638 0.2265006 0.4715619 0.2265006 0.4715618 0.2536692 0.4715618 0.2536692 0.4715619 0.2265006 0.5127599 0.2265006 0.4303638 0.2014971 0.4715619 0.2014972 0.4715619 0.2265006 0.595156 0.2728466 0.6363541 0.2728466 0.6363541 0.2853616 0.5127599 0.2265006 0.5539579 0.2265005 0.553958 0.2536691 0.553958 0.2536691 0.5539579 0.2265005 0.595156 0.2265005 0.5127599 0.2014971 0.5539579 0.2014971 0.5539579 0.2265005 0.6775521 0.2728466 0.7187501 0.2728466 0.7187501 0.2853616 0.595156 0.2265005 0.636354 0.2265005 0.6363541 0.2536689 0.6363541 0.2536689 0.636354 0.2265005 0.6775521 0.2265004 0.595156 0.2014971 0.6363541 0.2014972 0.636354 0.2265005 0.6775521 0.2265004 0.7187501 0.2265004 0.7187501 0.2536689 0.7187501 0.2536689 0.7187501 0.2265004 0.7599481 0.2265004 0.6775521 0.2014971 0.71875 0.2014972 0.7187501 0.2265004 0.801146 0.2265005 0.8011462 0.2014971 0.8423442 0.2014971 0.7599481 0.2265004 0.801146 0.2265005 0.8011461 0.2536689 0.801146 0.3460065 0.8011461 0.3181498 0.8423442 0.3181498 0.7599481 0.2728466 0.8011462 0.2728467 0.8011462 0.2853617 0.8835422 0.2853619 0.8835422 0.2728469 0.9247401 0.2728469 0.8423442 0.3181498 0.8835423 0.3181499 0.8835422 0.3460065 0.8835422 0.3460065 0.8835423 0.3181499 0.9247402 0.3181499 0.8423442 0.29575 0.8835423 0.29575 0.8835423 0.3181499 0.9659383 0.285362 0.9659383 0.2728469 1.007136 0.2728469 0.9247402 0.3181499 0.9659383 0.3181499 0.9659383 0.3460065 0.9659383 0.3460065 0.9659383 0.3181499 1.007136 0.3181499 0.9247402 0.2957502 0.9659382 0.2957501 0.9659383 0.3181499 1.048334 0.285362 1.048334 0.2728469 1.089532 0.2728469 1.007136 0.3181499 1.048334 0.3181499 1.048334 0.3460065 1.048334 0.3460065 1.048334 0.3181499 1.089532 0.31815 1.007136 0.2957501 1.048334 0.2957502 1.048334 0.3181499 -0.1876068 0.285362 -0.1876068 0.272847 -0.1464087 0.2728469 1.089532 0.31815 1.13073 0.31815 1.13073 0.3460066 -0.1876068 0.3460066 -0.1876068 0.31815 -0.1464087 0.3181499 1.089532 0.2957502 1.13073 0.2957501 1.13073 0.31815 -0.1052107 0.285362 -0.1052107 0.2728469 -0.06401264 0.2728469 -0.1464087 0.3181499 -0.1052107 0.3181499 -0.1052107 0.3460065 -0.1052107 0.3460065 -0.1052107 0.3181499 -0.06401264 0.3181499 -0.1464087 0.2957502 -0.1052107 0.2957501 -0.1052107 0.3181499 -0.02281457 0.285362 -0.02281457 0.2728469 0.01838344 0.2728469 -0.06401264 0.3181499 -0.02281457 0.3181499 -0.02281457 0.3460065 -0.02281457 0.3460065 -0.02281457 0.3181499 0.01838344 0.3181499 -0.06401264 0.2957502 -0.02281457 0.2957502 -0.02281457 0.3181499 0.05958145 0.285362 0.05958145 0.2728469 0.1007795 0.2728469 0.01838344 0.3181499 0.05958145 0.3181499 0.05958145 0.3460065 0.05958145 0.3460065 0.05958145 0.3181499 0.1007795 0.3181499 0.01838344 0.2957502 0.05958145 0.2957501 0.05958145 0.3181499 0.1419776 0.285362 0.1419776 0.2728469 0.1831755 0.2728469 0.1007795 0.3181499 0.1419776 0.3181499 0.1419776 0.3460065 0.1419776 0.3460065 0.1419776 0.3181499 0.1831756 0.3181499 0.1007795 0.2957502 0.1419776 0.2957502 0.1419776 0.3181499 0.2243736 0.285362 0.2243736 0.2728469 0.2655717 0.2728469 0.1831756 0.3181499 0.2243736 0.3181499 0.2243736 0.3460065 0.2243736 0.3460065 0.2243736 0.3181499 0.2655717 0.3181499 0.1831756 0.2957502 0.2243736 0.2957501 0.2243736 0.3181499 0.3067697 0.285362 0.3067697 0.2728469 0.3479678 0.2728469 0.2655717 0.3181499 0.3067697 0.3181499 0.3067697 0.3460065 0.3067697 0.3460065 0.3067697 0.3181499 0.3479678 0.3181499 0.2655717 0.2957501 0.3067697 0.2957502 0.3067697 0.3181499 0.3891658 0.285362 0.3891659 0.2728469 0.4303638 0.2728469 0.3479678 0.3181499 0.3891659 0.3181499 0.3891658 0.3460065 0.3891658 0.3460065 0.3891659 0.3181499 0.4303638 0.3181499 0.3479678 0.2957501 0.3891658 0.2957501 0.3891659 0.3181499 0.4715619 0.2853619 0.4715619 0.2728469 0.5127599 0.2728468 0.4303638 0.3181499 0.4715619 0.3181499 0.4715618 0.3460065 0.4715618 0.3460065 0.4715619 0.3181499 0.5127599 0.3181498 0.4303638 0.2957502 0.4715619 0.2957501 0.4715619 0.3181499 0.5539579 0.2853617 0.5539579 0.2728468 0.595156 0.2728466 0.5127599 0.3181498 0.5539579 0.3181498 0.5539579 0.3460065 0.5539579 0.3460065 0.5539579 0.3181498 0.595156 0.3181498 0.5127599 0.29575 0.5539579 0.2957499 0.5539579 0.3181498 0.6363542 0.2853616 0.6363541 0.2728466 0.6775521 0.2728466 0.595156 0.3181498 0.6363541 0.3181498 0.636354 0.3460065 0.636354 0.3460065 0.6363541 0.3181498 0.6775521 0.3181498 0.595156 0.2957498 0.6363541 0.2957498 0.6363541 0.3181498 0.7187501 0.2853616 0.7187501 0.2728466 0.7599481 0.2728466 0.6775521 0.3181498 0.7187501 0.3181498 0.7187501 0.3460065 0.7187501 0.3460065 0.7187501 0.3181498 0.7599481 0.3181498 0.6775521 0.2957498 0.7187501 0.2957498 0.7187501 0.3181498 0.8011462 0.2853617 0.8011462 0.2728467 0.8423442 0.2728468 0.7599481 0.3181498 0.8011461 0.3181498 0.801146 0.3460065 0.8011462 0.4493371 0.8419372 0.4493371 0.8390889 0.4977422 0.801146 0.428267 0.8423442 0.428267 0.8419372 0.4493371 0.8423442 0.428267 0.8835422 0.428267 0.8827586 0.4493371 0.8419372 0.4493371 0.8827586 0.4493371 0.8772729 0.4977421 0.8827586 0.4493371 0.9236444 0.4493371 0.9159727 0.4977422 0.8835422 0.428267 0.9247403 0.428267 0.9236444 0.4493371 0.9247403 0.428267 0.9659383 0.428267 0.9646455 0.4493371 0.9236444 0.4493371 0.9646455 0.4493371 0.9555952 0.4977421 0.9646455 0.4493371 1.005819 0.4493371 0.9965952 0.4977422 0.9659383 0.428267 1.007136 0.428267 1.005819 0.4493371 1.007136 0.428267 1.048334 0.428267 1.047228 0.4493371 1.005819 0.4493371 1.047228 0.4493371 1.039485 0.4977421 1.047228 0.4493371 1.08919 0.4484317 1.085648 0.4941204 1.048334 0.4282671 1.089532 0.428267 1.08919 0.4484317 1.089532 0.428267 1.13073 0.428267 1.132447 0.4439045 1.08919 0.4484317 1.132447 0.4439045 1.144463 0.4542813 -0.1876068 0.4590314 -0.1876068 0.4444983 -0.1464769 0.4454037 -0.1876068 0.4444983 -0.1876068 0.428267 -0.1464087 0.4282671 -0.1464769 0.4454037 -0.1464087 0.4282671 -0.1052107 0.4282671 -0.1468177 0.464464 -0.1464769 0.4454037 -0.1052572 0.4489265 -0.1084825 0.5024922 -0.1052572 0.4489265 -0.06295591 0.449436 -0.1052572 0.4489265 -0.1052107 0.4282671 -0.06401264 0.4282671 -0.06295591 0.449436 -0.06401264 0.4282671 -0.02281457 0.4282671 -0.05441439 0.498138 -0.06295591 0.449436 -0.02152168 0.4493371 -0.01247149 0.4977421 -0.02152168 0.4493371 0.01947939 0.4493371 -0.02152168 0.4493371 -0.02281457 0.428267 0.01838344 0.428267 0.01947939 0.4493371 0.01838344 0.428267 0.05958145 0.428267 0.02715098 0.4977422 0.01947939 0.4493371 0.06036514 0.4493371 0.06585085 0.4977421 0.06036514 0.4493371 0.1011864 0.4493371 0.06036514 0.4493371 0.05958145 0.428267 0.1007795 0.428267 0.1011864 0.4493371 0.1007795 0.428267 0.1419776 0.428267 0.1040349 0.4977422 0.1011864 0.4493371 0.1419776 0.4493371 0.1419776 0.4493371 0.1827687 0.4493371 0.1799202 0.4977422 0.1419776 0.428267 0.1831756 0.428267 0.1827687 0.4493371 0.1831756 0.428267 0.2243736 0.428267 0.2235899 0.4493371 0.1827687 0.4493371 0.2235899 0.4493371 0.2181043 0.4977421 0.2235899 0.4493371 0.2644758 0.4493371 0.2568041 0.4977422 0.2243736 0.428267 0.2655716 0.428267 0.2644758 0.4493371 0.2655716 0.428267 0.3067697 0.428267 0.3054768 0.4493371 0.2644758 0.4493371 0.3054768 0.4493371 0.2964267 0.4977421 0.3054768 0.4493371 0.3466501 0.4493371 0.3374267 0.4977422 0.3067697 0.428267 0.3479678 0.428267 0.3466501 0.4493371 0.3479678 0.428267 0.3891658 0.428267 0.3880597 0.4493371 0.3466501 0.4493371 0.3880597 0.4493371 0.3803167 0.4977421 0.3880597 0.4493371 0.4297353 0.4493371 0.4253349 0.4977422 0.3891658 0.428267 0.4303638 0.428267 0.4297353 0.4493371 0.4303638 0.428267 0.4715618 0.428267 0.4715619 0.4493371 0.4297353 0.4493371 0.4715619 0.4493371 0.4715619 0.4977421 0.4715619 0.4977421 0.4715619 0.4493371 0.5133885 0.4493371 0.4715619 0.4493371 0.4715618 0.428267 0.5127598 0.428267 0.5133885 0.4493371 0.5127598 0.428267 0.5539579 0.428267 0.5177888 0.4977422 0.5133885 0.4493371 0.5550641 0.4493371 0.5628071 0.4977421 0.5550641 0.4493371 0.5964737 0.4493371 0.5550641 0.4493371 0.5539579 0.428267 0.595156 0.428267 0.5964737 0.4493371 0.595156 0.428267 0.636354 0.428267 0.6056972 0.4977422 0.5964737 0.4493371 0.6376469 0.4493371 0.6466971 0.4977421 0.6376469 0.4493371 0.6786481 0.4493371 0.6376469 0.4493371 0.636354 0.428267 0.6775521 0.428267 0.6786481 0.4493371 0.6775521 0.428267 0.7187501 0.428267 0.6863197 0.4977422 0.6786481 0.4493371 0.7195337 0.4493371 0.7250194 0.4977421 0.7195337 0.4493371 0.760355 0.4493371 0.7195337 0.4493371 0.7187501 0.428267 0.759948 0.428267 0.760355 0.4493371 0.759948 0.428267 0.801146 0.428267 0.7632033 0.4977422 0.760355 0.4493371 0.8011462 0.4493371 0.8011461 0.5942526 0.8321712 0.5942526 0.8228121 0.7197961 0.801146 0.4977421 0.8390889 0.4977422 0.8321712 0.5942526 0.8390889 0.4977422 0.8772729 0.4977421 0.8639504 0.5942526 0.8321712 0.5942526 0.8639504 0.5942526 0.8459261 0.7197961 0.8639504 0.5942526 0.8973414 0.5942526 0.8721347 0.7197961 0.8772729 0.4977421 0.9159727 0.4977422 0.8973414 0.5942526 0.9159727 0.4977422 0.9555952 0.4977421 0.9336162 0.5942526 0.8973414 0.5942526 0.9336162 0.5942526 0.9038798 0.7197961 0.9336162 0.5942526 0.974195 0.5942526 0.9438892 0.7197961 0.9555952 0.4977421 0.9965952 0.4977422 0.974195 0.5942526 0.9965952 0.4977422 1.039485 0.4977421 1.020681 0.5942526 0.974195 0.5942526 1.020681 0.5942526 0.9952394 0.7197961 1.020681 0.5942527 1.074103 0.5933472 1.059359 0.7197961 1.039485 0.4977421 1.085648 0.4941204 1.074103 0.5933472 1.085648 0.4941204 1.144463 0.4542813 1.131766 0.5898244 1.074103 0.5933472 1.131766 0.5898244 1.13073 0.7197961 1.13073 0.7197961 1.131766 0.5898244 1.187906 0.5893148 1.131766 0.5898244 1.144463 0.4542813 1.173645 0.4584376 1.187906 0.5893148 1.173645 0.4584376 1.213127 0.4590314 1.203311 0.7197961 1.187906 0.5893148 1.244509 0.5894138 -0.04244583 0.7197961 -0.07423722 0.5948464 -0.03072792 0.5943516 -0.07423722 0.5948464 -0.1084825 0.5024922 -0.05441439 0.498138 -0.03072792 0.5943516 -0.05441439 0.498138 -0.01247149 0.4977421 4.43236e-4 0.7197961 -0.03072792 0.5943516 0.009507477 0.5942527 0.03924381 0.7197961 0.009507477 0.5942526 0.04578214 0.5942526 0.009507477 0.5942526 -0.01247149 0.4977421 0.02715098 0.4977422 0.04578214 0.5942526 0.02715098 0.4977422 0.06585085 0.4977421 0.07098895 0.7197961 0.04578214 0.5942526 0.0791732 0.5942526 0.09719759 0.7197961 0.0791732 0.5942526 0.1109524 0.5942526 0.0791732 0.5942526 0.06585085 0.4977421 0.1040349 0.4977422 0.1109524 0.5942526 0.1040349 0.4977422 0.1419776 0.4977421 0.1203116 0.7197961 0.1109524 0.5942526 0.1419776 0.5942526 0.1419776 0.5942526 0.1730027 0.5942526 0.1636436 0.7197961 0.1419776 0.4977421 0.1799202 0.4977422 0.1730027 0.5942526 0.1799202 0.4977422 0.2181043 0.4977421 0.2047819 0.5942526 0.1730027 0.5942526 0.2047819 0.5942526 0.1867576 0.7197961 0.2047819 0.5942526 0.238173 0.5942526 0.2129663 0.7197961 0.2181043 0.4977421 0.2568041 0.4977422 0.238173 0.5942526 0.2568041 0.4977422 0.2964267 0.4977421 0.2744477 0.5942526 0.238173 0.5942526 0.2744477 0.5942526 0.2447115 0.7197961 0.2744477 0.5942526 0.3150267 0.5942526 0.2847209 0.7197961 0.2964267 0.4977421 0.3374267 0.4977422 0.3150267 0.5942526 0.3374267 0.4977422 0.3803167 0.4977421 0.3615124 0.5942526 0.3150267 0.5942526 0.3615124 0.5942526 0.3360712 0.7197961 0.3615124 0.5942526 0.4146485 0.5942526 0.4001904 0.7197961 0.3803167 0.4977421 0.4253349 0.4977422 0.4146485 0.5942526 0.4253349 0.4977422 0.4715619 0.4977421 0.471562 0.5942526 0.4146485 0.5942526 0.471562 0.5942526 0.4715621 0.7197961 0.4715621 0.7197961 0.471562 0.5942526 0.5284754 0.5942526 0.471562 0.5942526 0.4715619 0.4977421 0.5177888 0.4977422 0.5284754 0.5942526 0.5177888 0.4977422 0.5628071 0.4977421 0.5429337 0.7197961 0.5284754 0.5942526 0.5816115 0.5942526 0.6070529 0.7197961 0.5816115 0.5942526 0.6280972 0.5942526 0.5816115 0.5942526 0.5628071 0.4977421 0.6056972 0.4977422 0.6280972 0.5942526 0.6056972 0.4977422 0.6466971 0.4977421 0.6584032 0.7197961 0.6280972 0.5942526 0.6686761 0.5942526 0.6984124 0.7197961 0.6686761 0.5942526 0.7049508 0.5942526 0.6686761 0.5942526 0.6466971 0.4977421 0.6863197 0.4977422 0.7049508 0.5942526 0.6863197 0.4977422 0.7250194 0.4977421 0.7301576 0.7197961 0.7049508 0.5942526 0.7383418 0.5942526 0.7563662 0.7197961 0.7383418 0.5942526 0.770121 0.5942526 0.7383418 0.5942526 0.7250194 0.4977421 0.7632033 0.4977422 0.770121 0.5942526 0.7632033 0.4977422 0.801146 0.4977421 0.7794801 0.7197961 0.770121 0.5942526 0.8011461 0.5942526 0.8011461 0.4092057 0.8011462 0.3986864 0.8423442 0.3986864 0.8011462 0.368758 0.801146 0.3460065 0.8423442 0.3460065 0.8423442 0.3460065 0.8835422 0.3460065 0.8835422 0.368758 0.8835423 0.4092057 0.8835423 0.3986864 0.9247403 0.3986864 0.8449673 0.1945375 1.007136 0.1945375 0.9260518 0.1945375 0.8835422 0.368758 0.8835422 0.3460065 0.9247403 0.3460065 0.9247403 0.3460065 0.9659383 0.3460065 0.9659383 0.368758 0.9659383 0.4092057 0.9659383 0.3986864 1.007136 0.3986863 0.9260518 0.1945375 1.007136 0.1945375 1.007136 0.1945375 0.9659383 0.368758 0.9659383 0.3460065 1.007136 0.3460066 1.007136 0.3460066 1.048334 0.3460065 1.048334 0.368758 1.048334 0.4092057 1.048334 0.3986864 1.089532 0.3986863 1.007136 0.1945375 1.007136 0.1945375 1.088221 0.1945375 1.048334 0.368758 1.048334 0.3460065 1.089532 0.3460066 1.089532 0.3460066 1.13073 0.3460066 1.13073 0.368758 -0.1876068 0.4092057 -0.1876068 0.3986864 -0.1464087 0.3986863 1.088221 0.1945375 1.007136 0.1945375 1.169305 0.1945375 -0.1876068 0.368758 -0.1876068 0.3460066 -0.1464087 0.3460066 -0.1464087 0.3460066 -0.1052107 0.3460065 -0.1052107 0.368758 -0.1052107 0.4092057 -0.1052107 0.3986864 -0.06401264 0.3986864 1.169305 0.1945375 1.007136 0.1945375 1.25039 0.1945375 -0.1052107 0.368758 -0.1052107 0.3460065 -0.06401264 0.3460066 -0.06401264 0.3460066 -0.02281457 0.3460065 -0.02281457 0.368758 -0.02281457 0.4092057 -0.02281457 0.3986864 0.01838344 0.3986864 1.25039 0.1945375 1.007136 0.1945375 1.331475 0.1945375 -0.02281457 0.368758 -0.02281457 0.3460065 0.01838344 0.3460066 0.01838344 0.3460066 0.05958145 0.3460065 0.05958145 0.368758 0.05958145 0.4092057 0.05958145 0.3986864 0.1007795 0.3986864 1.331474 0.1945375 1.007136 0.1945375 1.412559 0.1945375 0.05958145 0.368758 0.05958145 0.3460065 0.1007795 0.3460066 0.1007795 0.3460066 0.1419776 0.3460065 0.1419776 0.368758 0.1419776 0.4092057 0.1419776 0.3986864 0.1831756 0.3986864 1.412559 0.1945375 1.007136 0.1945375 1.493644 0.1945375 0.1419776 0.368758 0.1419776 0.3460065 0.1831756 0.3460066 0.1831756 0.3460066 0.2243736 0.3460065 0.2243736 0.368758 0.2243736 0.4092057 0.2243736 0.3986864 0.2655717 0.3986863 1.493644 0.1945375 1.007136 0.1945375 1.574728 0.1945375 0.2243736 0.368758 0.2243736 0.3460065 0.2655716 0.3460066 0.2655716 0.3460066 0.3067697 0.3460065 0.3067697 0.368758 0.3067697 0.4092057 0.3067697 0.3986864 0.3479678 0.3986863 1.574728 0.1945375 1.007136 0.1945375 1.007136 0.1945375 0.3067697 0.368758 0.3067697 0.3460065 0.3479678 0.3460066 0.3479678 0.3460066 0.3891658 0.3460065 0.3891659 0.368758 0.3891659 0.4092057 0.3891659 0.3986864 0.4303638 0.3986863 1.007136 0.1945375 1.007136 0.1945375 0.4395446 0.1945375 0.3891659 0.368758 0.3891658 0.3460065 0.4303638 0.3460066 0.4303638 0.3460066 0.4715618 0.3460065 0.4715619 0.368758 0.4715619 0.4092057 0.4715619 0.3986864 0.5127599 0.3986864 0.4395446 0.1945375 1.007136 0.1945375 0.5206291 0.1945375 0.4715619 0.368758 0.4715618 0.3460065 0.5127598 0.3460065 0.5127598 0.3460065 0.5539579 0.3460065 0.5539579 0.368758 0.5539579 0.4092057 0.5539579 0.3986864 0.595156 0.3986863 0.5206291 0.1945375 1.007136 0.1945375 0.6017137 0.1945375 0.5539579 0.368758 0.5539579 0.3460065 0.595156 0.3460065 0.595156 0.3460065 0.636354 0.3460065 0.6363541 0.368758 0.6363541 0.4092057 0.6363541 0.3986864 0.6775521 0.3986864 0.6017137 0.1945375 1.007136 0.1945375 0.6827983 0.1945375 0.6363541 0.368758 0.636354 0.3460065 0.6775521 0.3460065 0.6775521 0.3460065 0.7187501 0.3460065 0.7187501 0.368758 0.7187501 0.4092057 0.7187501 0.3986864 0.7599481 0.3986864 0.6827982 0.1945375 1.007136 0.1945375 0.7638828 0.1945375 0.7187501 0.368758 0.7187501 0.3460065 0.759948 0.3460065 0.759948 0.3460065 0.801146 0.3460065 0.8011462 0.368758 0.7599481 0.2014971 0.8011462 0.2014972 0.801146 0.2265005 0.8011461 0.3181498 0.8011462 0.2957499 0.8423442 0.29575 0.8011462 0.2728467 0.801146 0.2536689 0.8423442 0.253669 0.8423442 0.253669 0.8835422 0.2536691 0.8835422 0.2728469 0.8835423 0.3181499 0.8835422 0.29575 0.9247403 0.2957502 0.8423442 0.368758 0.8835422 0.368758 0.8835422 0.3864671 0.8835422 0.2728469 0.8835422 0.2536691 0.9247403 0.2536692 0.9247403 0.2536692 0.9659383 0.2536692 0.9659383 0.2728469 0.9659383 0.3181499 0.9659383 0.2957501 1.007136 0.2957502 0.9247401 0.368758 0.9659383 0.368758 0.9659383 0.3864671 0.9659383 0.2728469 0.9659383 0.2536692 1.007136 0.2536692 1.007136 0.2536692 1.048334 0.2536692 1.048334 0.2728469 1.048334 0.3181499 1.048334 0.2957501 1.089532 0.2957502 1.007136 0.368758 1.048334 0.368758 1.048334 0.386467 1.048334 0.2728469 1.048334 0.2536692 1.089532 0.2536692 1.089532 0.2536692 1.13073 0.2536692 1.13073 0.272847 -0.1876068 0.31815 -0.1876068 0.2957501 -0.1464087 0.2957502 1.089532 0.368758 1.13073 0.368758 1.13073 0.3864671 -0.1876068 0.272847 -0.1876068 0.2536692 -0.1464087 0.2536692 -0.1464087 0.2536692 -0.1052107 0.2536692 -0.1052107 0.2728469 -0.1052107 0.3181499 -0.1052107 0.2957501 -0.06401264 0.2957502 -0.1464087 0.368758 -0.1052107 0.368758 -0.1052107 0.3864671 -0.1052107 0.2728469 -0.1052107 0.2536692 -0.06401264 0.2536692 -0.06401264 0.2536692 -0.02281457 0.2536692 -0.02281457 0.2728469 -0.02281457 0.3181499 -0.02281457 0.2957502 0.01838344 0.2957502 -0.06401264 0.368758 -0.02281457 0.368758 -0.02281457 0.3864671 -0.02281457 0.2728469 -0.02281457 0.2536692 0.01838344 0.2536692 0.01838344 0.2536692 0.05958145 0.2536692 0.05958145 0.2728469 0.05958145 0.3181499 0.05958145 0.2957501 0.1007795 0.2957501 0.01838344 0.368758 0.05958145 0.368758 0.05958145 0.3864671 0.05958145 0.2728469 0.05958145 0.2536692 0.1007795 0.2536692 0.1007795 0.2536692 0.1419776 0.2536692 0.1419776 0.2728469 0.1419776 0.3181499 0.1419776 0.2957501 0.1831755 0.2957502 0.1007795 0.368758 0.1419776 0.368758 0.1419776 0.386467 0.1419776 0.2728469 0.1419776 0.2536692 0.1831756 0.2536692 0.1831756 0.2536692 0.2243736 0.2536692 0.2243736 0.2728469 0.2243736 0.3181499 0.2243736 0.2957502 0.2655717 0.2957502 0.1831755 0.368758 0.2243736 0.368758 0.2243736 0.3864671 0.2243736 0.2728469 0.2243736 0.2536692 0.2655716 0.2536692 0.2655716 0.2536692 0.3067697 0.2536692 0.3067697 0.2728469 0.3067697 0.3181499 0.3067697 0.2957502 0.3479678 0.2957501 0.2655717 0.368758 0.3067697 0.368758 0.3067697 0.3864671 0.3067697 0.2728469 0.3067697 0.2536692 0.3479678 0.2536692 0.3479678 0.2536692 0.3891658 0.2536692 0.3891659 0.2728469 0.3891659 0.3181499 0.3891658 0.2957501 0.4303639 0.2957502 0.3479678 0.368758 0.3891659 0.368758 0.3891658 0.3864671 0.3891659 0.2728469 0.3891658 0.2536692 0.4303638 0.2536692 0.4303638 0.2536692 0.4715618 0.2536692 0.4715619 0.2728469 0.4715619 0.3181499 0.4715619 0.2957501 0.5127599 0.29575 0.4303638 0.368758 0.4715619 0.368758 0.4715619 0.3864671 0.4715619 0.2728469 0.4715618 0.2536692 0.5127598 0.2536691 0.5127598 0.2536691 0.5539579 0.2536691 0.5539579 0.2728468 0.5539579 0.3181498 0.5539579 0.2957499 0.595156 0.2957498 0.5127599 0.368758 0.5539579 0.368758 0.5539579 0.3864671 0.5539579 0.2728468 0.5539579 0.2536691 0.595156 0.253669 0.595156 0.253669 0.636354 0.2536689 0.6363541 0.2728466 0.6363541 0.3181498 0.6363541 0.2957498 0.6775521 0.2957498 0.595156 0.368758 0.6363541 0.368758 0.6363541 0.3864671 0.6363541 0.2728466 0.636354 0.2536689 0.6775521 0.2536689 0.6775521 0.2536689 0.7187501 0.2536689 0.7187501 0.2728466 0.7187501 0.3181498 0.7187501 0.2957498 0.7599481 0.2957499 0.6775521 0.368758 0.7187501 0.368758 0.7187501 0.386467 0.7187501 0.2728466 0.7187501 0.2536689 0.759948 0.2536689 0.759948 0.2536689 0.801146 0.2536689 0.8011462 0.2728467 0.7599481 0.3986863 0.8011462 0.3986864 0.8011461 0.4092057 0.8835422 0.2265006 0.8835422 0.2014972 0.9247403 0.2014972 0.8423442 0.2728468 0.8835422 0.2728469 0.8835423 0.2853619 0.7187501 0.2265004 0.7187501 0.2014971 0.7599481 0.2014971 0.636354 0.2265005 0.6363541 0.2014972 0.6775521 0.2014971 0.5539579 0.2265005 0.5539579 0.2014971 0.595156 0.2014972 0.4715619 0.2265006 0.4715619 0.2014972 0.5127599 0.2014972 0.3891658 0.2265006 0.3891658 0.2014971 0.4303638 0.2014972 0.3067697 0.2265006 0.3067697 0.2014972 0.3479678 0.2014971 0.2243736 0.2265006 0.2243736 0.2014971 0.2655717 0.2014971 0.1419775 0.2265006 0.1419776 0.2014972 0.1831755 0.2014971 0.05958145 0.2265006 0.05958145 0.2014972 0.1007795 0.2014972 -0.02281457 0.2265006 -0.02281457 0.2014972 0.01838344 0.2014971 -0.1052107 0.2265006 -0.1052107 0.2014971 -0.06401264 0.2014972 -0.1876068 0.2265006 -0.1876068 0.2014972 -0.1464087 0.2014971 1.048334 0.2265006 1.048334 0.2014972 1.089532 0.2014972 0.9659383 0.2265006 0.9659383 0.2014972 1.007136 0.2014971 0.8835423 0.29575 0.8423442 0.29575 0.8423442 0.2853618 0.8011462 0.2957499 0.8011462 0.2853617 0.8423442 0.2853618 0.8835422 0.3986864 0.8423442 0.3986863 0.8423442 0.386467 0.8011462 0.3986864 0.8011462 0.3864671 0.8423442 0.386467 0.8423442 0.2014972 0.8449673 0.1945375 0.8851845 0.1945375 0.8423442 0.2014971 0.8011462 0.2014971 0.8038833 0.1945375 0.9659382 0.2957501 0.9247402 0.2957502 0.9247402 0.285362 0.8835422 0.29575 0.8835422 0.2853619 0.9247403 0.285362 0.9659383 0.3986864 0.9247402 0.3986863 0.9247403 0.386467 0.8835423 0.3986864 0.8835422 0.3864671 0.9247402 0.386467 0.9247403 0.2014971 0.9260518 0.1945375 0.9664858 0.1945376 0.9247403 0.2014972 0.8835422 0.2014972 0.8851845 0.1945375 1.048334 0.2957502 1.007136 0.2957501 1.007136 0.285362 0.9659383 0.2957501 0.9659383 0.285362 1.007136 0.285362 1.048334 0.3986864 1.007136 0.3986863 1.007136 0.386467 0.9659383 0.3986864 0.9659383 0.3864671 1.007136 0.386467 1.007136 0.2014971 1.007136 0.1945375 1.047787 0.1945375 1.007136 0.2014971 0.9659383 0.2014972 0.9664858 0.1945376 1.13073 0.2957501 1.089532 0.2957502 1.089532 0.285362 1.048334 0.2957501 1.048334 0.285362 1.089532 0.285362 1.13073 0.3986864 1.089532 0.3986864 1.089532 0.386467 1.048334 0.3986864 1.048334 0.3864671 1.089532 0.386467 1.089532 0.2014971 1.088221 0.1945375 1.129088 0.1945376 1.089532 0.2014972 1.048334 0.2014972 1.047787 0.1945375 -0.1052107 0.2957501 -0.1464087 0.2957502 -0.1464087 0.285362 -0.1876068 0.2957501 -0.1876068 0.285362 -0.1464087 0.285362 -0.1052107 0.3986864 -0.1464087 0.3986863 -0.1464087 0.386467 -0.1876068 0.3986864 -0.1876068 0.3864671 -0.1464087 0.386467 1.172174 0.1945375 1.169305 0.1945375 1.210389 0.1945375 1.171683 0.1945375 1.130978 0.1945375 1.129088 0.1945376 -0.02281457 0.2957502 -0.06401264 0.2957502 -0.06401264 0.285362 -0.1052107 0.2957501 -0.1052107 0.285362 -0.06401264 0.285362 -0.02281457 0.3986864 -0.06401264 0.3986863 -0.06401264 0.3864671 -0.1052107 0.3986864 -0.1052107 0.3864671 -0.06401264 0.386467 1.25457 0.1945375 1.25039 0.1945375 1.291691 0.1945376 1.254079 0.1945375 1.213374 0.1945375 1.210389 0.1945375 0.05958145 0.2957501 0.01838344 0.2957502 0.01838344 0.285362 -0.02281457 0.2957502 -0.02281457 0.285362 0.01838344 0.285362 0.05958145 0.3986864 0.01838344 0.3986863 0.01838344 0.386467 -0.02281457 0.3986864 -0.02281457 0.386467 0.01838344 0.386467 1.336966 0.1945375 1.331474 0.1945375 1.372992 0.1945376 1.336475 0.1945375 1.29577 0.1945375 1.291691 0.1945376 0.1419776 0.2957502 0.1007795 0.2957502 0.1007795 0.285362 0.05958145 0.2957501 0.05958145 0.285362 0.1007795 0.285362 0.1419776 0.3986864 0.1007795 0.3986863 0.1007795 0.386467 0.05958145 0.3986864 0.05958145 0.3864671 0.1007795 0.386467 1.419362 0.1945375 1.412559 0.1945375 1.454293 0.1945376 1.418871 0.1945376 1.378166 0.1945375 1.372992 0.1945376 0.2243736 0.2957501 0.1831756 0.2957502 0.1831756 0.285362 0.1419776 0.2957501 0.1419776 0.285362 0.1831756 0.285362 0.2243736 0.3986864 0.1831756 0.3986863 0.1831756 0.386467 0.1419776 0.3986864 0.1419776 0.3864671 0.1831756 0.386467 1.501758 0.1945375 1.493644 0.1945375 1.535594 0.1945375 1.501267 0.1945375 1.460562 0.1945375 1.454293 0.1945376 0.3067697 0.2957502 0.2655717 0.2957501 0.2655717 0.285362 0.2243736 0.2957502 0.2243736 0.285362 0.2655717 0.285362 0.3067697 0.3986864 0.2655717 0.3986863 0.2655717 0.386467 0.2243736 0.3986864 0.2243736 0.386467 0.2655717 0.386467 1.584155 0.1945375 1.574728 0.1945375 1.571942 0.1945376 1.583663 0.1945375 1.542958 0.1945375 1.535594 0.1945375 0.3891658 0.2957501 0.3479678 0.2957501 0.3479678 0.285362 0.3067697 0.2957502 0.3067697 0.285362 0.3479678 0.285362 0.3891658 0.3986864 0.3479678 0.3986863 0.3479678 0.386467 0.3067697 0.3986864 0.3067697 0.386467 0.3479678 0.386467 1.003453 0.1945375 1.007136 0.1945375 0.4423305 0.1945376 1.010819 0.1945375 1.621399 0.1945375 1.571942 0.1945376 0.4715619 0.2957501 0.4303638 0.2957502 0.4303638 0.285362 0.3891658 0.2957501 0.3891658 0.285362 0.4303638 0.285362 0.4715619 0.3986864 0.4303638 0.3986863 0.4303638 0.386467 0.3891659 0.3986864 0.3891658 0.3864671 0.4303638 0.386467 0.4303638 0.2014971 0.4395446 0.1945375 0.4786785 0.1945376 0.4303638 0.2014972 0.3891658 0.2014971 0.4423305 0.1945376 0.5539579 0.2957499 0.5127599 0.29575 0.5127599 0.2853618 0.4715619 0.2957501 0.4715619 0.2853619 0.5127599 0.2853618 0.5539579 0.3986864 0.5127599 0.3986863 0.5127599 0.386467 0.4715619 0.3986864 0.4715619 0.3864671 0.5127599 0.386467 0.5127599 0.2014971 0.5206291 0.1945375 0.5599798 0.1945376 0.5127599 0.2014972 0.4715619 0.2014972 0.4786785 0.1945376 0.6363541 0.2957498 0.595156 0.2957498 0.595156 0.2853617 0.5539579 0.2957499 0.5539579 0.2853617 0.595156 0.2853616 0.6363541 0.3986864 0.595156 0.3986863 0.595156 0.386467 0.5539579 0.3986864 0.5539579 0.386467 0.595156 0.386467 0.595156 0.2014971 0.6017137 0.1945375 0.6412811 0.1945375 0.595156 0.2014972 0.5539579 0.2014971 0.5599798 0.1945376 0.7187501 0.2957498 0.6775521 0.2957498 0.6775521 0.2853616 0.6363541 0.2957498 0.6363542 0.2853616 0.6775521 0.2853616 0.7187501 0.3986864 0.6775521 0.3986863 0.6775521 0.386467 0.6363541 0.3986864 0.6363541 0.3864671 0.6775521 0.386467 0.6775521 0.2014971 0.6827982 0.1945375 0.7225821 0.1945375 0.6775521 0.2014971 0.6363541 0.2014972 0.6412811 0.1945375 0.8011461 0.2957499 0.7599481 0.2957498 0.7599481 0.2853617 0.7187501 0.2957498 0.7187501 0.2853616 0.7599481 0.2853617 0.8011462 0.3986864 0.7599481 0.3986863 0.7599481 0.386467 0.7187501 0.3986864 0.7187501 0.3864671 0.7599481 0.386467 0.7599481 0.2014971 0.7638828 0.1945375 0.8038833 0.1945375 0.7599481 0.2014971 0.7187501 0.2014971 0.7225821 0.1945375 0.7599481 0.2957498 0.8011461 0.2957499 0.8011461 0.3181498</float_array>
          <technique_common>
            <accessor source="#Stand-mesh-map-0-array" count="3360" stride="2">
              <param name="S" type="float"/>
              <param name="T" type="float"/>
            </accessor>
          </technique_common>
        </source>
        <vertices id="Stand-mesh-vertices">
          <input semantic="POSITION" source="#Stand-mesh-positions"/>
        </vertices>
        <triangles material="Gold-material" count="1120">
          <input semantic="VERTEX" source="#Stand-mesh-vertices" offset="0"/>
          <input semantic="NORMAL" source="#Stand-mesh-normals" offset="1"/>
          <input semantic="TEXCOORD" source="#Stand-mesh-map-0" offset="2" set="0"/>
          <p>1 0 0 272 1 1 88 2 2 367 3 3 388 4 4 574 5 5 393 6 6 353 7 7 490 8 8 272 1 9 6 9 10 88 2 11 6 9 12 273 10 13 93 11 14 483 12 15 167 13 16 272 1 17 399 14 18 354 15 19 496 16 20 273 10 21 11 17 22 93 11 23 11 17 24 274 18 25 98 19 26 489 20 27 168 21 28 273 10 29 405 22 30 355 23 31 502 24 32 274 18 33 16 25 34 98 19 35 16 25 36 275 26 37 103 27 38 495 28 39 169 29 40 274 18 41 411 30 42 356 31 43 508 32 44 275 26 45 21 33 46 103 27 47 21 33 48 276 34 49 108 35 50 501 36 51 170 37 52 275 26 53 417 38 54 357 39 55 514 40 56 276 34 57 26 41 58 108 35 59 26 41 60 277 42 61 113 43 62 507 44 63 171 45 64 276 34 65 423 46 66 358 47 67 520 48 68 277 42 69 31 49 70 113 43 71 31 49 72 278 50 73 118 51 74 513 52 75 172 53 76 277 42 77 429 54 78 359 55 79 526 56 80 278 50 81 36 57 82 118 51 83 36 57 84 279 58 85 123 59 86 519 60 87 173 61 88 278 50 89 435 62 90 360 63 91 532 64 92 279 58 93 41 65 94 123 59 95 41 65 96 280 66 97 128 67 98 525 68 99 174 69 100 279 58 101 441 70 102 361 71 103 538 72 104 280 66 105 46 73 106 128 67 107 46 73 108 281 74 109 133 75 110 531 76 111 175 77 112 280 66 113 447 78 114 362 79 115 544 80 116 281 74 117 51 81 118 133 75 119 51 81 120 282 82 121 138 83 122 537 84 123 176 85 124 281 74 125 453 86 126 363 87 127 550 88 128 282 82 129 56 89 130 138 83 131 56 89 132 283 90 133 143 91 134 543 92 135 177 93 136 282 82 137 459 94 138 364 95 139 556 96 140 283 90 141 61 97 142 143 91 143 61 97 144 284 98 145 148 99 146 549 100 147 178 101 148 283 90 149 465 102 150 365 103 151 562 104 152 284 98 153 66 105 154 148 99 155 66 105 156 285 106 157 153 107 158 555 108 159 179 109 160 284 98 161 471 110 162 366 111 163 568 112 164 285 106 165 71 113 166 153 107 167 71 113 168 286 114 169 158 115 170 561 116 171 180 117 172 285 106 173 477 118 174 367 3 175 574 5 176 286 114 177 76 119 178 158 115 179 76 119 180 287 120 181 163 121 182 567 122 183 181 123 184 286 114 185 388 4 186 352 124 187 484 125 188 287 120 189 1 0 190 163 121 191 4 126 192 288 127 193 91 128 194 576 129 195 486 130 196 389 131 197 369 132 198 397 133 199 488 134 200 288 127 201 9 135 202 91 128 203 9 135 204 289 136 205 96 137 206 485 138 207 182 139 208 288 127 209 370 140 210 403 141 211 494 142 212 289 136 213 14 143 214 96 137 215 14 143 216 290 144 217 101 145 218 491 146 219 183 147 220 289 136 221 371 148 222 409 149 223 500 150 224 290 144 225 19 151 226 101 145 227 19 151 228 291 152 229 106 153 230 497 154 231 184 155 232 290 144 233 372 156 234 415 157 235 506 158 236 291 152 237 24 159 238 106 153 239 24 159 240 292 160 241 111 161 242 503 162 243 185 163 244 291 152 245 373 164 246 421 165 247 512 166 248 292 160 249 29 167 250 111 161 251 29 167 252 293 168 253 116 169 254 509 170 255 186 171 256 292 160 257 374 172 258 427 173 259 518 174 260 293 168 261 34 175 262 116 169 263 34 175 264 294 176 265 121 177 266 515 178 267 187 179 268 293 168 269 375 180 270 433 181 271 524 182 272 294 176 273 39 183 274 121 177 275 39 183 276 295 184 277 126 185 278 521 186 279 188 187 280 294 176 281 376 188 282 439 189 283 530 190 284 295 184 285 44 191 286 126 185 287 44 191 288 296 192 289 131 193 290 527 194 291 189 195 292 295 184 293 377 196 294 445 197 295 536 198 296 296 192 297 49 199 298 131 193 299 49 199 300 297 200 301 136 201 302 533 202 303 190 203 304 296 192 305 378 204 306 451 205 307 542 206 308 297 200 309 54 207 310 136 201 311 54 207 312 298 208 313 141 209 314 539 210 315 191 211 316 297 200 317 379 212 318 457 213 319 548 214 320 298 208 321 59 215 322 141 209 323 59 215 324 299 216 325 146 217 326 545 218 327 192 219 328 298 208 329 380 220 330 463 221 331 554 222 332 299 216 333 64 223 334 146 217 335 64 223 336 300 224 337 151 225 338 551 226 339 193 227 340 299 216 341 381 228 342 469 229 343 560 230 344 300 224 345 69 231 346 151 225 347 69 231 348 301 232 349 156 233 350 557 234 351 194 235 352 300 224 353 382 236 354 475 237 355 566 238 356 301 232 357 74 239 358 156 233 359 74 239 360 302 240 361 161 241 362 563 242 363 195 243 364 301 232 365 302 240 366 79 244 367 161 241 368 79 244 369 303 245 370 166 246 371 569 247 372 196 248 373 302 240 374 81 249 375 485 138 376 288 127 377 303 245 378 4 126 379 166 246 380 3 250 381 304 251 382 90 252 383 383 253 384 386 254 385 572 255 386 391 256 387 369 132 388 488 134 389 304 251 390 8 257 391 90 252 392 8 257 393 305 258 394 95 259 395 481 260 396 197 261 397 304 251 398 397 133 399 370 140 400 494 142 401 305 258 402 13 262 403 95 259 404 13 262 405 306 263 406 100 264 407 487 265 408 198 266 409 305 258 410 403 141 411 371 148 412 500 150 413 306 263 414 18 267 415 100 264 416 18 267 417 307 268 418 105 269 419 493 270 420 199 271 421 306 263 422 409 149 423 372 156 424 506 158 425 307 268 426 23 272 427 105 269 428 23 272 429 308 273 430 110 274 431 499 275 432 200 276 433 307 268 434 415 157 435 373 164 436 512 166 437 308 273 438 28 277 439 110 274 440 28 277 441 309 278 442 115 279 443 505 280 444 201 281 445 308 273 446 421 165 447 374 172 448 518 174 449 309 278 450 33 282 451 115 279 452 33 282 453 310 283 454 120 284 455 511 285 456 202 286 457 309 278 458 427 173 459 375 180 460 524 182 461 310 283 462 38 287 463 120 284 464 38 287 465 311 288 466 125 289 467 517 290 468 203 291 469 310 283 470 433 181 471 376 188 472 530 190 473 311 288 474 43 292 475 125 289 476 43 292 477 312 293 478 130 294 479 523 295 480 204 296 481 311 288 482 439 189 483 377 196 484 536 198 485 312 293 486 48 297 487 130 294 488 48 297 489 313 298 490 135 299 491 529 300 492 205 301 493 312 293 494 445 197 495 378 204 496 542 206 497 313 298 498 53 302 499 135 299 500 53 302 501 314 303 502 140 304 503 535 305 504 206 306 505 313 298 506 451 205 507 379 212 508 548 214 509 314 303 510 58 307 511 140 304 512 58 307 513 315 308 514 145 309 515 541 310 516 207 311 517 314 303 518 457 213 519 380 220 520 554 222 521 315 308 522 63 312 523 145 309 524 63 312 525 316 313 526 150 314 527 547 315 528 208 316 529 315 308 530 463 221 531 381 228 532 560 230 533 316 313 534 68 317 535 150 314 536 68 317 537 317 318 538 155 319 539 553 320 540 209 321 541 316 313 542 469 229 543 382 236 544 566 238 545 317 318 546 73 322 547 155 319 548 73 322 549 318 323 550 160 324 551 559 325 552 210 326 553 317 318 554 475 237 555 383 253 556 572 255 557 318 323 558 78 327 559 160 324 560 78 327 561 319 328 562 165 329 563 565 330 564 211 331 565 318 323 566 386 254 567 368 332 568 482 333 569 319 328 570 3 250 571 165 329 572 83 334 573 89 335 574 2 336 575 1 0 576 320 337 577 83 334 578 88 2 579 212 338 580 320 337 581 320 337 582 7 339 583 89 335 584 212 338 585 94 340 586 7 339 587 6 9 588 321 341 589 212 338 590 93 11 591 213 342 592 321 341 593 321 341 594 12 343 595 94 340 596 213 342 597 99 344 598 12 343 599 11 17 600 322 345 601 213 342 602 98 19 603 214 346 604 322 345 605 322 345 606 17 347 607 99 344 608 214 346 609 104 348 610 17 347 611 16 25 612 323 349 613 214 346 614 103 27 615 215 350 616 323 349 617 323 349 618 22 351 619 104 348 620 22 351 621 324 352 622 109 353 623 215 350 624 108 35 625 324 352 626 324 352 627 26 41 628 216 354 629 109 353 630 216 354 631 27 355 632 27 355 633 325 356 634 114 357 635 216 354 636 113 43 637 325 356 638 325 356 639 31 49 640 217 358 641 114 357 642 217 358 643 32 359 644 32 359 645 326 360 646 119 361 647 217 358 648 118 51 649 326 360 650 326 360 651 36 57 652 218 362 653 119 361 654 218 362 655 37 363 656 37 363 657 327 364 658 124 365 659 218 362 660 123 59 661 327 364 662 327 364 663 41 65 664 219 366 665 124 365 666 219 366 667 42 367 668 219 366 669 129 368 670 42 367 671 41 65 672 328 369 673 219 366 674 128 67 675 220 370 676 328 369 677 328 369 678 47 371 679 129 368 680 220 370 681 134 372 682 47 371 683 46 73 684 329 373 685 220 370 686 133 75 687 221 374 688 329 373 689 329 373 690 52 375 691 134 372 692 221 374 693 139 376 694 52 375 695 51 81 696 330 377 697 221 374 698 138 83 699 222 378 700 330 377 701 330 377 702 57 379 703 139 376 704 222 378 705 144 380 706 57 379 707 56 89 708 331 381 709 222 378 710 143 91 711 223 382 712 331 381 713 331 381 714 62 383 715 144 380 716 62 383 717 332 384 718 149 385 719 223 382 720 148 99 721 332 384 722 332 384 723 66 105 724 224 386 725 149 385 726 224 386 727 67 387 728 67 387 729 333 388 730 154 389 731 224 386 732 153 107 733 333 388 734 333 388 735 71 113 736 225 390 737 154 389 738 225 390 739 72 391 740 72 391 741 334 392 742 159 393 743 225 390 744 158 115 745 334 392 746 334 392 747 76 119 748 226 394 749 159 393 750 226 394 751 77 395 752 77 395 753 335 396 754 164 397 755 226 394 756 163 121 757 335 396 758 335 396 759 1 0 760 83 334 761 164 397 762 83 334 763 2 336 764 84 398 765 87 399 766 0 400 767 2 336 768 336 401 769 84 398 770 89 335 771 227 402 772 336 401 773 336 401 774 5 403 775 87 399 776 227 402 777 92 404 778 5 403 779 7 339 780 337 405 781 227 402 782 94 340 783 228 406 784 337 405 785 337 405 786 10 407 787 92 404 788 228 406 789 97 408 790 10 407 791 12 343 792 338 409 793 228 406 794 99 344 795 229 410 796 338 409 797 338 409 798 15 411 799 97 408 800 229 410 801 102 412 802 15 411 803 17 347 804 339 413 805 229 410 806 104 348 807 230 414 808 339 413 809 339 413 810 20 415 811 102 412 812 20 415 813 340 416 814 107 417 815 230 414 816 109 353 817 340 416 818 340 416 819 27 355 820 231 418 821 107 417 822 231 418 823 25 419 824 25 419 825 341 420 826 112 421 827 231 418 828 114 357 829 341 420 830 341 420 831 32 359 832 232 422 833 112 421 834 232 422 835 30 423 836 30 423 837 342 424 838 117 425 839 232 422 840 119 361 841 342 424 842 342 424 843 37 363 844 233 426 845 117 425 846 233 426 847 35 427 848 35 427 849 343 428 850 122 429 851 233 426 852 124 365 853 343 428 854 343 428 855 42 367 856 234 430 857 122 429 858 234 430 859 40 431 860 234 430 861 127 432 862 40 431 863 42 367 864 344 433 865 234 430 866 129 368 867 235 434 868 344 433 869 344 433 870 45 435 871 127 432 872 235 434 873 132 436 874 45 435 875 47 371 876 345 437 877 235 434 878 134 372 879 236 438 880 345 437 881 345 437 882 50 439 883 132 436 884 236 438 885 137 440 886 50 439 887 52 375 888 346 441 889 236 438 890 139 376 891 237 442 892 346 441 893 346 441 894 55 443 895 137 440 896 237 442 897 142 444 898 55 443 899 57 379 900 347 445 901 237 442 902 144 380 903 238 446 904 347 445 905 347 445 906 60 447 907 142 444 908 60 447 909 348 448 910 147 449 911 238 446 912 149 385 913 348 448 914 348 448 915 67 387 916 239 450 917 147 449 918 239 450 919 65 451 920 65 451 921 349 452 922 152 453 923 239 450 924 154 389 925 349 452 926 349 452 927 72 391 928 240 454 929 152 453 930 240 454 931 70 455 932 70 455 933 350 456 934 157 457 935 240 454 936 159 393 937 350 456 938 350 456 939 77 395 940 241 458 941 157 457 942 241 458 943 75 459 944 75 459 945 351 460 946 162 461 947 241 458 948 164 397 949 351 460 950 351 460 951 2 336 952 84 398 953 162 461 954 84 398 955 0 400 956 80 462 957 483 12 958 272 1 959 85 463 960 90 252 961 352 124 962 90 252 963 242 464 964 352 124 965 167 13 966 489 20 967 273 10 968 486 130 969 492 465 970 395 466 971 242 464 972 95 259 973 353 7 974 95 259 975 243 467 976 353 7 977 168 21 978 495 28 979 274 18 980 492 465 981 498 468 982 401 131 983 243 467 984 100 264 985 354 15 986 100 264 987 244 469 988 354 15 989 169 29 990 501 36 991 275 26 992 498 468 993 504 470 994 407 471 995 244 469 996 105 269 997 355 23 998 105 269 999 245 472 1000 355 23 1001 170 37 1002 507 44 1003 276 34 1004 504 470 1005 510 473 1006 413 474 1007 245 472 1008 110 274 1009 356 31 1010 110 274 1011 246 475 1012 356 31 1013 171 45 1014 513 52 1015 277 42 1016 510 473 1017 516 476 1018 419 477 1019 246 475 1020 115 279 1021 357 39 1022 115 279 1023 247 478 1024 357 39 1025 172 53 1026 519 60 1027 278 50 1028 516 476 1029 522 479 1030 425 480 1031 247 478 1032 120 284 1033 358 47 1034 120 284 1035 248 481 1036 358 47 1037 173 61 1038 525 68 1039 279 58 1040 522 479 1041 528 482 1042 431 466 1043 248 481 1044 125 289 1045 359 55 1046 125 289 1047 249 483 1048 359 55 1049 174 69 1050 531 76 1051 280 66 1052 528 482 1053 534 484 1054 437 131 1055 249 483 1056 130 294 1057 360 63 1058 130 294 1059 250 485 1060 360 63 1061 175 77 1062 537 84 1063 281 74 1064 534 484 1065 540 486 1066 443 487 1067 250 485 1068 135 299 1069 361 71 1070 135 299 1071 251 488 1072 361 71 1073 176 85 1074 543 92 1075 282 82 1076 540 486 1077 546 489 1078 449 131 1079 251 488 1080 140 304 1081 362 79 1082 140 304 1083 252 490 1084 362 79 1085 177 93 1086 549 100 1087 283 90 1088 546 489 1089 552 491 1090 455 492 1091 252 490 1092 145 309 1093 363 87 1094 145 309 1095 253 493 1096 363 87 1097 178 101 1098 555 108 1099 284 98 1100 552 491 1101 558 494 1102 461 495 1103 253 493 1104 150 314 1105 364 95 1106 150 314 1107 254 496 1108 364 95 1109 179 109 1110 561 116 1111 285 106 1112 558 494 1113 564 497 1114 467 498 1115 254 496 1116 155 319 1117 365 103 1118 155 319 1119 255 499 1120 365 103 1121 180 117 1122 567 122 1123 286 114 1124 564 497 1125 570 500 1126 473 131 1127 255 499 1128 160 324 1129 366 111 1130 160 324 1131 256 501 1132 366 111 1133 181 123 1134 573 502 1135 287 120 1136 570 500 1137 576 129 1138 479 503 1139 256 501 1140 165 329 1141 367 3 1142 165 329 1143 85 463 1144 367 3 1145 575 504 1146 81 249 1147 303 245 1148 82 505 1149 481 260 1150 304 251 1151 86 506 1152 91 128 1153 368 332 1154 91 128 1155 257 507 1156 368 332 1157 197 261 1158 487 265 1159 305 258 1160 352 124 1161 393 6 1162 484 125 1163 257 507 1164 96 137 1165 369 132 1166 96 137 1167 258 508 1168 369 132 1169 198 266 1170 493 270 1171 306 263 1172 353 7 1173 399 14 1174 490 8 1175 258 508 1176 101 145 1177 370 140 1178 101 145 1179 259 509 1180 370 140 1181 199 271 1182 499 275 1183 307 268 1184 354 15 1185 405 22 1186 496 16 1187 259 509 1188 106 153 1189 371 148 1190 106 153 1191 260 510 1192 371 148 1193 200 276 1194 505 280 1195 308 273 1196 355 23 1197 411 30 1198 502 24 1199 260 510 1200 111 161 1201 372 156 1202 111 161 1203 261 511 1204 372 156 1205 201 281 1206 511 285 1207 309 278 1208 356 31 1209 417 38 1210 508 32 1211 261 511 1212 116 169 1213 373 164 1214 116 169 1215 262 512 1216 373 164 1217 202 286 1218 517 290 1219 310 283 1220 357 39 1221 423 46 1222 514 40 1223 262 512 1224 121 177 1225 374 172 1226 121 177 1227 263 513 1228 374 172 1229 203 291 1230 523 295 1231 311 288 1232 358 47 1233 429 54 1234 520 48 1235 263 513 1236 126 185 1237 375 180 1238 126 185 1239 264 514 1240 375 180 1241 204 296 1242 529 300 1243 312 293 1244 359 55 1245 435 62 1246 526 56 1247 264 514 1248 131 193 1249 376 188 1250 131 193 1251 265 515 1252 376 188 1253 205 301 1254 535 305 1255 313 298 1256 360 63 1257 441 70 1258 532 64 1259 265 515 1260 136 201 1261 377 196 1262 136 201 1263 266 516 1264 377 196 1265 206 306 1266 541 310 1267 314 303 1268 361 71 1269 447 78 1270 538 72 1271 266 516 1272 141 209 1273 378 204 1274 141 209 1275 267 517 1276 378 204 1277 207 311 1278 547 315 1279 315 308 1280 362 79 1281 453 86 1282 544 80 1283 267 517 1284 146 217 1285 379 212 1286 146 217 1287 268 518 1288 379 212 1289 208 316 1290 553 320 1291 316 313 1292 363 87 1293 459 94 1294 550 88 1295 268 518 1296 151 225 1297 380 220 1298 151 225 1299 269 519 1300 380 220 1301 209 321 1302 559 325 1303 317 318 1304 364 95 1305 465 102 1306 556 96 1307 269 519 1308 156 233 1309 381 228 1310 156 233 1311 270 520 1312 381 228 1313 210 326 1314 565 330 1315 318 323 1316 365 103 1317 471 110 1318 562 104 1319 270 520 1320 161 241 1321 382 236 1322 161 241 1323 271 521 1324 382 236 1325 211 331 1326 571 522 1327 319 328 1328 366 111 1329 477 118 1330 568 112 1331 271 521 1332 166 246 1333 383 253 1334 166 246 1335 86 506 1336 383 253 1337 573 502 1338 80 462 1339 287 120 1340 182 139 1341 491 146 1342 289 136 1343 368 332 1344 391 256 1345 482 333 1346 196 248 1347 575 504 1348 303 245 1349 195 243 1350 569 247 1351 302 240 1352 194 235 1353 563 242 1354 301 232 1355 193 227 1356 557 234 1357 300 224 1358 192 219 1359 551 226 1360 299 216 1361 191 211 1362 545 218 1363 298 208 1364 190 203 1365 539 210 1366 297 200 1367 189 195 1368 533 202 1369 296 192 1370 188 187 1371 527 194 1372 295 184 1373 187 179 1374 521 186 1375 294 176 1376 186 171 1377 515 178 1378 293 168 1379 185 163 1380 509 170 1381 292 160 1382 184 155 1383 503 162 1384 291 152 1385 183 147 1386 497 154 1387 290 144 1388 392 523 1389 482 524 1390 391 525 1391 385 526 1392 482 524 1393 481 527 1394 394 528 1395 484 529 1396 393 530 1397 387 531 1398 484 529 1399 483 532 1400 485 533 1401 395 534 1402 396 535 1403 485 533 1404 389 536 1405 486 537 1406 398 538 1407 488 539 1408 397 540 1409 392 523 1410 488 539 1411 487 541 1412 400 542 1413 490 543 1414 399 544 1415 394 528 1416 490 543 1417 489 545 1418 491 546 1419 401 547 1420 402 548 1421 491 546 1422 395 534 1423 492 549 1424 404 550 1425 494 551 1426 403 552 1427 398 538 1428 494 551 1429 493 553 1430 406 554 1431 496 555 1432 405 556 1433 400 542 1434 496 555 1435 495 557 1436 497 558 1437 407 559 1438 408 560 1439 497 558 1440 401 547 1441 498 561 1442 410 562 1443 500 563 1444 409 564 1445 404 550 1446 500 563 1447 499 565 1448 412 566 1449 502 567 1450 411 568 1451 406 554 1452 502 567 1453 501 569 1454 503 570 1455 413 571 1456 414 572 1457 503 570 1458 407 559 1459 504 573 1460 416 574 1461 506 575 1462 415 576 1463 410 562 1464 506 575 1465 505 577 1466 418 578 1467 508 579 1468 417 580 1469 412 566 1470 508 579 1471 507 581 1472 509 582 1473 419 583 1474 420 584 1475 509 582 1476 413 571 1477 510 585 1478 422 586 1479 512 587 1480 421 588 1481 416 574 1482 512 587 1483 511 589 1484 424 590 1485 514 591 1486 423 592 1487 418 578 1488 514 591 1489 513 593 1490 515 594 1491 425 595 1492 426 596 1493 515 594 1494 419 583 1495 516 597 1496 428 598 1497 518 599 1498 427 600 1499 422 586 1500 518 599 1501 517 601 1502 430 602 1503 520 603 1504 429 604 1505 424 590 1506 520 603 1507 519 605 1508 521 606 1509 431 607 1510 432 608 1511 521 606 1512 425 595 1513 522 609 1514 434 610 1515 524 611 1516 433 612 1517 428 598 1518 524 611 1519 523 613 1520 436 614 1521 526 615 1522 435 616 1523 430 602 1524 526 615 1525 525 617 1526 527 618 1527 437 619 1528 438 620 1529 527 618 1530 431 607 1531 528 621 1532 440 622 1533 530 623 1534 439 624 1535 434 610 1536 530 623 1537 529 625 1538 442 626 1539 532 627 1540 441 628 1541 436 614 1542 532 627 1543 531 629 1544 533 630 1545 443 631 1546 444 632 1547 533 630 1548 437 619 1549 534 633 1550 446 634 1551 536 635 1552 445 636 1553 440 622 1554 536 635 1555 535 637 1556 448 638 1557 538 639 1558 447 640 1559 442 626 1560 538 639 1561 537 641 1562 539 642 1563 449 643 1564 450 644 1565 539 642 1566 443 631 1567 540 645 1568 452 646 1569 542 647 1570 451 648 1571 446 634 1572 542 647 1573 541 649 1574 454 650 1575 544 651 1576 453 652 1577 448 638 1578 544 651 1579 543 653 1580 545 654 1581 455 655 1582 456 656 1583 545 654 1584 449 643 1585 546 657 1586 458 658 1587 548 659 1588 457 660 1589 452 646 1590 548 659 1591 547 661 1592 460 662 1593 550 663 1594 459 664 1595 454 650 1596 550 663 1597 549 665 1598 551 666 1599 461 667 1600 462 668 1601 551 666 1602 455 655 1603 552 669 1604 464 670 1605 554 671 1606 463 672 1607 458 658 1608 554 671 1609 553 673 1610 466 674 1611 556 675 1612 465 676 1613 460 662 1614 556 675 1615 555 677 1616 557 678 1617 467 679 1618 468 680 1619 557 678 1620 461 667 1621 558 681 1622 470 682 1623 560 683 1624 469 684 1625 464 670 1626 560 683 1627 559 685 1628 472 686 1629 562 687 1630 471 688 1631 466 674 1632 562 687 1633 561 689 1634 563 690 1635 473 691 1636 474 692 1637 563 690 1638 467 679 1639 564 693 1640 476 694 1641 566 695 1642 475 696 1643 470 682 1644 566 695 1645 565 697 1646 478 698 1647 568 699 1648 477 700 1649 472 686 1650 568 699 1651 567 701 1652 569 702 1653 479 703 1654 480 704 1655 569 702 1656 473 691 1657 570 705 1658 385 526 1659 572 706 1660 386 707 1661 476 694 1662 572 706 1663 571 708 1664 387 531 1665 574 709 1666 388 710 1667 478 698 1668 574 709 1669 573 711 1670 575 712 1671 389 536 1672 390 713 1673 575 712 1674 479 703 1675 576 714 1676 571 522 1677 82 505 1678 319 328 1679 1 0 1680 80 462 1681 272 1 1682 367 3 1683 85 463 1684 388 4 1685 393 6 1686 242 464 1687 353 7 1688 272 1 1689 167 13 1690 6 9 1691 6 9 1692 167 13 1693 273 10 1694 483 12 1695 394 715 1696 167 13 1697 399 14 1698 243 467 1699 354 15 1700 273 10 1701 168 21 1702 11 17 1703 11 17 1704 168 21 1705 274 18 1706 489 20 1707 400 716 1708 168 21 1709 405 22 1710 244 469 1711 355 23 1712 274 18 1713 169 29 1714 16 25 1715 16 25 1716 169 29 1717 275 26 1718 495 28 1719 406 717 1720 169 29 1721 411 30 1722 245 472 1723 356 31 1724 275 26 1725 170 37 1726 21 33 1727 21 33 1728 170 37 1729 276 34 1730 501 36 1731 412 718 1732 170 37 1733 417 38 1734 246 475 1735 357 39 1736 276 34 1737 171 45 1738 26 41 1739 26 41 1740 171 45 1741 277 42 1742 507 44 1743 418 719 1744 171 45 1745 423 46 1746 247 478 1747 358 47 1748 277 42 1749 172 53 1750 31 49 1751 31 49 1752 172 53 1753 278 50 1754 513 52 1755 424 720 1756 172 53 1757 429 54 1758 248 481 1759 359 55 1760 278 50 1761 173 61 1762 36 57 1763 36 57 1764 173 61 1765 279 58 1766 519 60 1767 430 721 1768 173 61 1769 435 62 1770 249 483 1771 360 63 1772 279 58 1773 174 69 1774 41 65 1775 41 65 1776 174 69 1777 280 66 1778 525 68 1779 436 722 1780 174 69 1781 441 70 1782 250 485 1783 361 71 1784 280 66 1785 175 77 1786 46 73 1787 46 73 1788 175 77 1789 281 74 1790 531 76 1791 442 723 1792 175 77 1793 447 78 1794 251 488 1795 362 79 1796 281 74 1797 176 85 1798 51 81 1799 51 81 1800 176 85 1801 282 82 1802 537 84 1803 448 724 1804 176 85 1805 453 86 1806 252 490 1807 363 87 1808 282 82 1809 177 93 1810 56 89 1811 56 89 1812 177 93 1813 283 90 1814 543 92 1815 454 725 1816 177 93 1817 459 94 1818 253 493 1819 364 95 1820 283 90 1821 178 101 1822 61 97 1823 61 97 1824 178 101 1825 284 98 1826 549 100 1827 460 726 1828 178 101 1829 465 102 1830 254 496 1831 365 103 1832 284 98 1833 179 109 1834 66 105 1835 66 105 1836 179 109 1837 285 106 1838 555 108 1839 466 727 1840 179 109 1841 471 110 1842 255 499 1843 366 111 1844 285 106 1845 180 117 1846 71 113 1847 71 113 1848 180 117 1849 286 114 1850 561 116 1851 472 728 1852 180 117 1853 477 118 1854 256 501 1855 367 3 1856 286 114 1857 181 123 1858 76 119 1859 76 119 1860 181 123 1861 287 120 1862 567 122 1863 478 729 1864 181 123 1865 388 4 1866 85 463 1867 352 124 1868 287 120 1869 80 462 1870 1 0 1871 4 126 1872 81 249 1873 288 127 1874 576 129 1875 384 730 1876 486 130 1877 369 132 1878 258 508 1879 397 133 1880 288 127 1881 182 139 1882 9 135 1883 9 135 1884 182 139 1885 289 136 1886 485 138 1887 396 731 1888 182 139 1889 370 140 1890 259 509 1891 403 141 1892 289 136 1893 183 147 1894 14 143 1895 14 143 1896 183 147 1897 290 144 1898 491 146 1899 402 732 1900 183 147 1901 371 148 1902 260 510 1903 409 149 1904 290 144 1905 184 155 1906 19 151 1907 19 151 1908 184 155 1909 291 152 1910 497 154 1911 408 733 1912 184 155 1913 372 156 1914 261 511 1915 415 157 1916 291 152 1917 185 163 1918 24 159 1919 24 159 1920 185 163 1921 292 160 1922 503 162 1923 414 734 1924 185 163 1925 373 164 1926 262 512 1927 421 165 1928 292 160 1929 186 171 1930 29 167 1931 29 167 1932 186 171 1933 293 168 1934 509 170 1935 420 735 1936 186 171 1937 374 172 1938 263 513 1939 427 173 1940 293 168 1941 187 179 1942 34 175 1943 34 175 1944 187 179 1945 294 176 1946 515 178 1947 426 736 1948 187 179 1949 375 180 1950 264 514 1951 433 181 1952 294 176 1953 188 187 1954 39 183 1955 39 183 1956 188 187 1957 295 184 1958 521 186 1959 432 737 1960 188 187 1961 376 188 1962 265 515 1963 439 189 1964 295 184 1965 189 195 1966 44 191 1967 44 191 1968 189 195 1969 296 192 1970 527 194 1971 438 738 1972 189 195 1973 377 196 1974 266 516 1975 445 197 1976 296 192 1977 190 203 1978 49 199 1979 49 199 1980 190 203 1981 297 200 1982 533 202 1983 444 739 1984 190 203 1985 378 204 1986 267 517 1987 451 205 1988 297 200 1989 191 211 1990 54 207 1991 54 207 1992 191 211 1993 298 208 1994 539 210 1995 450 740 1996 191 211 1997 379 212 1998 268 518 1999 457 213 2000 298 208 2001 192 219 2002 59 215 2003 59 215 2004 192 219 2005 299 216 2006 545 218 2007 456 741 2008 192 219 2009 380 220 2010 269 519 2011 463 221 2012 299 216 2013 193 227 2014 64 223 2015 64 223 2016 193 227 2017 300 224 2018 551 226 2019 462 742 2020 193 227 2021 381 228 2022 270 520 2023 469 229 2024 300 224 2025 194 235 2026 69 231 2027 69 231 2028 194 235 2029 301 232 2030 557 234 2031 468 743 2032 194 235 2033 382 236 2034 271 521 2035 475 237 2036 301 232 2037 195 243 2038 74 239 2039 74 239 2040 195 243 2041 302 240 2042 563 242 2043 474 744 2044 195 243 2045 302 240 2046 196 248 2047 79 244 2048 79 244 2049 196 248 2050 303 245 2051 569 247 2052 480 745 2053 196 248 2054 81 249 2055 390 746 2056 485 138 2057 303 245 2058 81 249 2059 4 126 2060 3 250 2061 82 505 2062 304 251 2063 383 253 2064 86 506 2065 386 254 2066 391 256 2067 257 507 2068 369 132 2069 304 251 2070 197 261 2071 8 257 2072 8 257 2073 197 261 2074 305 258 2075 481 260 2076 392 747 2077 197 261 2078 397 133 2079 258 508 2080 370 140 2081 305 258 2082 198 266 2083 13 262 2084 13 262 2085 198 266 2086 306 263 2087 487 265 2088 398 748 2089 198 266 2090 403 141 2091 259 509 2092 371 148 2093 306 263 2094 199 271 2095 18 267 2096 18 267 2097 199 271 2098 307 268 2099 493 270 2100 404 749 2101 199 271 2102 409 149 2103 260 510 2104 372 156 2105 307 268 2106 200 276 2107 23 272 2108 23 272 2109 200 276 2110 308 273 2111 499 275 2112 410 750 2113 200 276 2114 415 157 2115 261 511 2116 373 164 2117 308 273 2118 201 281 2119 28 277 2120 28 277 2121 201 281 2122 309 278 2123 505 280 2124 416 751 2125 201 281 2126 421 165 2127 262 512 2128 374 172 2129 309 278 2130 202 286 2131 33 282 2132 33 282 2133 202 286 2134 310 283 2135 511 285 2136 422 752 2137 202 286 2138 427 173 2139 263 513 2140 375 180 2141 310 283 2142 203 291 2143 38 287 2144 38 287 2145 203 291 2146 311 288 2147 517 290 2148 428 753 2149 203 291 2150 433 181 2151 264 514 2152 376 188 2153 311 288 2154 204 296 2155 43 292 2156 43 292 2157 204 296 2158 312 293 2159 523 295 2160 434 754 2161 204 296 2162 439 189 2163 265 515 2164 377 196 2165 312 293 2166 205 301 2167 48 297 2168 48 297 2169 205 301 2170 313 298 2171 529 300 2172 440 755 2173 205 301 2174 445 197 2175 266 516 2176 378 204 2177 313 298 2178 206 306 2179 53 302 2180 53 302 2181 206 306 2182 314 303 2183 535 305 2184 446 756 2185 206 306 2186 451 205 2187 267 517 2188 379 212 2189 314 303 2190 207 311 2191 58 307 2192 58 307 2193 207 311 2194 315 308 2195 541 310 2196 452 757 2197 207 311 2198 457 213 2199 268 518 2200 380 220 2201 315 308 2202 208 316 2203 63 312 2204 63 312 2205 208 316 2206 316 313 2207 547 315 2208 458 758 2209 208 316 2210 463 221 2211 269 519 2212 381 228 2213 316 313 2214 209 321 2215 68 317 2216 68 317 2217 209 321 2218 317 318 2219 553 320 2220 464 759 2221 209 321 2222 469 229 2223 270 520 2224 382 236 2225 317 318 2226 210 326 2227 73 322 2228 73 322 2229 210 326 2230 318 323 2231 559 325 2232 470 760 2233 210 326 2234 475 237 2235 271 521 2236 383 253 2237 318 323 2238 211 331 2239 78 327 2240 78 327 2241 211 331 2242 319 328 2243 565 330 2244 476 761 2245 211 331 2246 386 254 2247 86 506 2248 368 332 2249 319 328 2250 82 505 2251 3 250 2252 83 334 2253 320 337 2254 89 335 2255 1 0 2256 88 2 2257 320 337 2258 88 2 2259 6 9 2260 212 338 2261 320 337 2262 212 338 2263 7 339 2264 212 338 2265 321 341 2266 94 340 2267 6 9 2268 93 11 2269 321 341 2270 93 11 2271 11 17 2272 213 342 2273 321 341 2274 213 342 2275 12 343 2276 213 342 2277 322 345 2278 99 344 2279 11 17 2280 98 19 2281 322 345 2282 98 19 2283 16 25 2284 214 346 2285 322 345 2286 214 346 2287 17 347 2288 214 346 2289 323 349 2290 104 348 2291 16 25 2292 103 27 2293 323 349 2294 103 27 2295 21 33 2296 215 350 2297 323 349 2298 215 350 2299 22 351 2300 22 351 2301 215 350 2302 324 352 2303 215 350 2304 21 33 2305 108 35 2306 324 352 2307 108 35 2308 26 41 2309 109 353 2310 324 352 2311 216 354 2312 27 355 2313 216 354 2314 325 356 2315 216 354 2316 26 41 2317 113 43 2318 325 356 2319 113 43 2320 31 49 2321 114 357 2322 325 356 2323 217 358 2324 32 359 2325 217 358 2326 326 360 2327 217 358 2328 31 49 2329 118 51 2330 326 360 2331 118 51 2332 36 57 2333 119 361 2334 326 360 2335 218 362 2336 37 363 2337 218 362 2338 327 364 2339 218 362 2340 36 57 2341 123 59 2342 327 364 2343 123 59 2344 41 65 2345 124 365 2346 327 364 2347 219 366 2348 219 366 2349 328 369 2350 129 368 2351 41 65 2352 128 67 2353 328 369 2354 128 67 2355 46 73 2356 220 370 2357 328 369 2358 220 370 2359 47 371 2360 220 370 2361 329 373 2362 134 372 2363 46 73 2364 133 75 2365 329 373 2366 133 75 2367 51 81 2368 221 374 2369 329 373 2370 221 374 2371 52 375 2372 221 374 2373 330 377 2374 139 376 2375 51 81 2376 138 83 2377 330 377 2378 138 83 2379 56 89 2380 222 378 2381 330 377 2382 222 378 2383 57 379 2384 222 378 2385 331 381 2386 144 380 2387 56 89 2388 143 91 2389 331 381 2390 143 91 2391 61 97 2392 223 382 2393 331 381 2394 223 382 2395 62 383 2396 62 383 2397 223 382 2398 332 384 2399 223 382 2400 61 97 2401 148 99 2402 332 384 2403 148 99 2404 66 105 2405 149 385 2406 332 384 2407 224 386 2408 67 387 2409 224 386 2410 333 388 2411 224 386 2412 66 105 2413 153 107 2414 333 388 2415 153 107 2416 71 113 2417 154 389 2418 333 388 2419 225 390 2420 72 391 2421 225 390 2422 334 392 2423 225 390 2424 71 113 2425 158 115 2426 334 392 2427 158 115 2428 76 119 2429 159 393 2430 334 392 2431 226 394 2432 77 395 2433 226 394 2434 335 396 2435 226 394 2436 76 119 2437 163 121 2438 335 396 2439 163 121 2440 1 0 2441 164 397 2442 335 396 2443 83 334 2444 84 398 2445 336 401 2446 87 399 2447 2 336 2448 89 335 2449 336 401 2450 89 335 2451 7 339 2452 227 402 2453 336 401 2454 227 402 2455 5 403 2456 227 402 2457 337 405 2458 92 404 2459 7 339 2460 94 340 2461 337 405 2462 94 340 2463 12 343 2464 228 406 2465 337 405 2466 228 406 2467 10 407 2468 228 406 2469 338 409 2470 97 408 2471 12 343 2472 99 344 2473 338 409 2474 99 344 2475 17 347 2476 229 410 2477 338 409 2478 229 410 2479 15 411 2480 229 410 2481 339 413 2482 102 412 2483 17 347 2484 104 348 2485 339 413 2486 104 348 2487 22 351 2488 230 414 2489 339 413 2490 230 414 2491 20 415 2492 20 415 2493 230 414 2494 340 416 2495 230 414 2496 22 351 2497 109 353 2498 340 416 2499 109 353 2500 27 355 2501 107 417 2502 340 416 2503 231 418 2504 25 419 2505 231 418 2506 341 420 2507 231 418 2508 27 355 2509 114 357 2510 341 420 2511 114 357 2512 32 359 2513 112 421 2514 341 420 2515 232 422 2516 30 423 2517 232 422 2518 342 424 2519 232 422 2520 32 359 2521 119 361 2522 342 424 2523 119 361 2524 37 363 2525 117 425 2526 342 424 2527 233 426 2528 35 427 2529 233 426 2530 343 428 2531 233 426 2532 37 363 2533 124 365 2534 343 428 2535 124 365 2536 42 367 2537 122 429 2538 343 428 2539 234 430 2540 234 430 2541 344 433 2542 127 432 2543 42 367 2544 129 368 2545 344 433 2546 129 368 2547 47 371 2548 235 434 2549 344 433 2550 235 434 2551 45 435 2552 235 434 2553 345 437 2554 132 436 2555 47 371 2556 134 372 2557 345 437 2558 134 372 2559 52 375 2560 236 438 2561 345 437 2562 236 438 2563 50 439 2564 236 438 2565 346 441 2566 137 440 2567 52 375 2568 139 376 2569 346 441 2570 139 376 2571 57 379 2572 237 442 2573 346 441 2574 237 442 2575 55 443 2576 237 442 2577 347 445 2578 142 444 2579 57 379 2580 144 380 2581 347 445 2582 144 380 2583 62 383 2584 238 446 2585 347 445 2586 238 446 2587 60 447 2588 60 447 2589 238 446 2590 348 448 2591 238 446 2592 62 383 2593 149 385 2594 348 448 2595 149 385 2596 67 387 2597 147 449 2598 348 448 2599 239 450 2600 65 451 2601 239 450 2602 349 452 2603 239 450 2604 67 387 2605 154 389 2606 349 452 2607 154 389 2608 72 391 2609 152 453 2610 349 452 2611 240 454 2612 70 455 2613 240 454 2614 350 456 2615 240 454 2616 72 391 2617 159 393 2618 350 456 2619 159 393 2620 77 395 2621 157 457 2622 350 456 2623 241 458 2624 75 459 2625 241 458 2626 351 460 2627 241 458 2628 77 395 2629 164 397 2630 351 460 2631 164 397 2632 2 336 2633 162 461 2634 351 460 2635 84 398 2636 80 462 2637 387 762 2638 483 12 2639 85 463 2640 3 250 2641 90 252 2642 90 252 2643 8 257 2644 242 464 2645 167 13 2646 394 715 2647 489 20 2648 486 130 2649 384 730 2650 492 465 2651 242 464 2652 8 257 2653 95 259 2654 95 259 2655 13 262 2656 243 467 2657 168 21 2658 400 716 2659 495 28 2660 492 465 2661 384 730 2662 498 468 2663 243 467 2664 13 262 2665 100 264 2666 100 264 2667 18 267 2668 244 469 2669 169 29 2670 406 717 2671 501 36 2672 498 468 2673 384 730 2674 504 470 2675 244 469 2676 18 267 2677 105 269 2678 105 269 2679 23 272 2680 245 472 2681 170 37 2682 412 718 2683 507 44 2684 504 470 2685 384 730 2686 510 473 2687 245 472 2688 23 272 2689 110 274 2690 110 274 2691 28 277 2692 246 475 2693 171 45 2694 418 719 2695 513 52 2696 510 473 2697 384 730 2698 516 476 2699 246 475 2700 28 277 2701 115 279 2702 115 279 2703 33 282 2704 247 478 2705 172 53 2706 424 720 2707 519 60 2708 516 476 2709 384 730 2710 522 479 2711 247 478 2712 33 282 2713 120 284 2714 120 284 2715 38 287 2716 248 481 2717 173 61 2718 430 721 2719 525 68 2720 522 479 2721 384 730 2722 528 482 2723 248 481 2724 38 287 2725 125 289 2726 125 289 2727 43 292 2728 249 483 2729 174 69 2730 436 722 2731 531 76 2732 528 482 2733 384 730 2734 534 484 2735 249 483 2736 43 292 2737 130 294 2738 130 294 2739 48 297 2740 250 485 2741 175 77 2742 442 723 2743 537 84 2744 534 484 2745 384 730 2746 540 486 2747 250 485 2748 48 297 2749 135 299 2750 135 299 2751 53 302 2752 251 488 2753 176 85 2754 448 724 2755 543 92 2756 540 486 2757 384 730 2758 546 489 2759 251 488 2760 53 302 2761 140 304 2762 140 304 2763 58 307 2764 252 490 2765 177 93 2766 454 725 2767 549 100 2768 546 489 2769 384 730 2770 552 491 2771 252 490 2772 58 307 2773 145 309 2774 145 309 2775 63 312 2776 253 493 2777 178 101 2778 460 726 2779 555 108 2780 552 491 2781 384 730 2782 558 494 2783 253 493 2784 63 312 2785 150 314 2786 150 314 2787 68 317 2788 254 496 2789 179 109 2790 466 727 2791 561 116 2792 558 494 2793 384 730 2794 564 497 2795 254 496 2796 68 317 2797 155 319 2798 155 319 2799 73 322 2800 255 499 2801 180 117 2802 472 728 2803 567 122 2804 564 497 2805 384 730 2806 570 500 2807 255 499 2808 73 322 2809 160 324 2810 160 324 2811 78 327 2812 256 501 2813 181 123 2814 478 729 2815 573 502 2816 570 500 2817 384 730 2818 576 129 2819 256 501 2820 78 327 2821 165 329 2822 165 329 2823 3 250 2824 85 463 2825 575 504 2826 390 746 2827 81 249 2828 82 505 2829 385 763 2830 481 260 2831 86 506 2832 4 126 2833 91 128 2834 91 128 2835 9 135 2836 257 507 2837 197 261 2838 392 747 2839 487 265 2840 352 124 2841 242 464 2842 393 6 2843 257 507 2844 9 135 2845 96 137 2846 96 137 2847 14 143 2848 258 508 2849 198 266 2850 398 748 2851 493 270 2852 353 7 2853 243 467 2854 399 14 2855 258 508 2856 14 143 2857 101 145 2858 101 145 2859 19 151 2860 259 509 2861 199 271 2862 404 749 2863 499 275 2864 354 15 2865 244 469 2866 405 22 2867 259 509 2868 19 151 2869 106 153 2870 106 153 2871 24 159 2872 260 510 2873 200 276 2874 410 750 2875 505 280 2876 355 23 2877 245 472 2878 411 30 2879 260 510 2880 24 159 2881 111 161 2882 111 161 2883 29 167 2884 261 511 2885 201 281 2886 416 751 2887 511 285 2888 356 31 2889 246 475 2890 417 38 2891 261 511 2892 29 167 2893 116 169 2894 116 169 2895 34 175 2896 262 512 2897 202 286 2898 422 752 2899 517 290 2900 357 39 2901 247 478 2902 423 46 2903 262 512 2904 34 175 2905 121 177 2906 121 177 2907 39 183 2908 263 513 2909 203 291 2910 428 753 2911 523 295 2912 358 47 2913 248 481 2914 429 54 2915 263 513 2916 39 183 2917 126 185 2918 126 185 2919 44 191 2920 264 514 2921 204 296 2922 434 754 2923 529 300 2924 359 55 2925 249 483 2926 435 62 2927 264 514 2928 44 191 2929 131 193 2930 131 193 2931 49 199 2932 265 515 2933 205 301 2934 440 755 2935 535 305 2936 360 63 2937 250 485 2938 441 70 2939 265 515 2940 49 199 2941 136 201 2942 136 201 2943 54 207 2944 266 516 2945 206 306 2946 446 756 2947 541 310 2948 361 71 2949 251 488 2950 447 78 2951 266 516 2952 54 207 2953 141 209 2954 141 209 2955 59 215 2956 267 517 2957 207 311 2958 452 757 2959 547 315 2960 362 79 2961 252 490 2962 453 86 2963 267 517 2964 59 215 2965 146 217 2966 146 217 2967 64 223 2968 268 518 2969 208 316 2970 458 758 2971 553 320 2972 363 87 2973 253 493 2974 459 94 2975 268 518 2976 64 223 2977 151 225 2978 151 225 2979 69 231 2980 269 519 2981 209 321 2982 464 759 2983 559 325 2984 364 95 2985 254 496 2986 465 102 2987 269 519 2988 69 231 2989 156 233 2990 156 233 2991 74 239 2992 270 520 2993 210 326 2994 470 760 2995 565 330 2996 365 103 2997 255 499 2998 471 110 2999 270 520 3000 74 239 3001 161 241 3002 161 241 3003 79 244 3004 271 521 3005 211 331 3006 476 761 3007 571 522 3008 366 111 3009 256 501 3010 477 118 3011 271 521 3012 79 244 3013 166 246 3014 166 246 3015 4 126 3016 86 506 3017 573 502 3018 387 762 3019 80 462 3020 182 139 3021 396 731 3022 491 146 3023 368 332 3024 257 507 3025 391 256 3026 196 248 3027 480 745 3028 575 504 3029 195 243 3030 474 744 3031 569 247 3032 194 235 3033 468 743 3034 563 242 3035 193 227 3036 462 742 3037 557 234 3038 192 219 3039 456 741 3040 551 226 3041 191 211 3042 450 740 3043 545 218 3044 190 203 3045 444 739 3046 539 210 3047 189 195 3048 438 738 3049 533 202 3050 188 187 3051 432 737 3052 527 194 3053 187 179 3054 426 736 3055 521 186 3056 186 171 3057 420 735 3058 515 178 3059 185 163 3060 414 734 3061 509 170 3062 184 155 3063 408 733 3064 503 162 3065 183 147 3066 402 732 3067 497 154 3068 392 523 3069 481 527 3070 482 524 3071 385 526 3072 386 707 3073 482 524 3074 394 528 3075 483 532 3076 484 529 3077 387 531 3078 388 710 3079 484 529 3080 485 533 3081 486 537 3082 395 534 3083 485 533 3084 390 713 3085 389 536 3086 398 538 3087 487 541 3088 488 539 3089 392 523 3090 391 525 3091 488 539 3092 400 542 3093 489 545 3094 490 543 3095 394 528 3096 393 530 3097 490 543 3098 491 546 3099 492 549 3100 401 547 3101 491 546 3102 396 535 3103 395 534 3104 404 550 3105 493 553 3106 494 551 3107 398 538 3108 397 540 3109 494 551 3110 406 554 3111 495 557 3112 496 555 3113 400 542 3114 399 544 3115 496 555 3116 497 558 3117 498 561 3118 407 559 3119 497 558 3120 402 548 3121 401 547 3122 410 562 3123 499 565 3124 500 563 3125 404 550 3126 403 552 3127 500 563 3128 412 566 3129 501 569 3130 502 567 3131 406 554 3132 405 556 3133 502 567 3134 503 570 3135 504 573 3136 413 571 3137 503 570 3138 408 560 3139 407 559 3140 416 574 3141 505 577 3142 506 575 3143 410 562 3144 409 564 3145 506 575 3146 418 578 3147 507 581 3148 508 579 3149 412 566 3150 411 568 3151 508 579 3152 509 582 3153 510 585 3154 419 583 3155 509 582 3156 414 572 3157 413 571 3158 422 586 3159 511 589 3160 512 587 3161 416 574 3162 415 576 3163 512 587 3164 424 590 3165 513 593 3166 514 591 3167 418 578 3168 417 580 3169 514 591 3170 515 594 3171 516 597 3172 425 595 3173 515 594 3174 420 584 3175 419 583 3176 428 598 3177 517 601 3178 518 599 3179 422 586 3180 421 588 3181 518 599 3182 430 602 3183 519 605 3184 520 603 3185 424 590 3186 423 592 3187 520 603 3188 521 606 3189 522 609 3190 431 607 3191 521 606 3192 426 596 3193 425 595 3194 434 610 3195 523 613 3196 524 611 3197 428 598 3198 427 600 3199 524 611 3200 436 614 3201 525 617 3202 526 615 3203 430 602 3204 429 604 3205 526 615 3206 527 618 3207 528 621 3208 437 619 3209 527 618 3210 432 608 3211 431 607 3212 440 622 3213 529 625 3214 530 623 3215 434 610 3216 433 612 3217 530 623 3218 442 626 3219 531 629 3220 532 627 3221 436 614 3222 435 616 3223 532 627 3224 533 630 3225 534 633 3226 443 631 3227 533 630 3228 438 620 3229 437 619 3230 446 634 3231 535 637 3232 536 635 3233 440 622 3234 439 624 3235 536 635 3236 448 638 3237 537 641 3238 538 639 3239 442 626 3240 441 628 3241 538 639 3242 539 642 3243 540 645 3244 449 643 3245 539 642 3246 444 632 3247 443 631 3248 452 646 3249 541 649 3250 542 647 3251 446 634 3252 445 636 3253 542 647 3254 454 650 3255 543 653 3256 544 651 3257 448 638 3258 447 640 3259 544 651 3260 545 654 3261 546 657 3262 455 655 3263 545 654 3264 450 644 3265 449 643 3266 458 658 3267 547 661 3268 548 659 3269 452 646 3270 451 648 3271 548 659 3272 460 662 3273 549 665 3274 550 663 3275 454 650 3276 453 652 3277 550 663 3278 551 666 3279 552 669 3280 461 667 3281 551 666 3282 456 656 3283 455 655 3284 464 670 3285 553 673 3286 554 671 3287 458 658 3288 457 660 3289 554 671 3290 466 674 3291 555 677 3292 556 675 3293 460 662 3294 459 664 3295 556 675 3296 557 678 3297 558 681 3298 467 679 3299 557 678 3300 462 668 3301 461 667 3302 470 682 3303 559 685 3304 560 683 3305 464 670 3306 463 672 3307 560 683 3308 472 686 3309 561 689 3310 562 687 3311 466 674 3312 465 676 3313 562 687 3314 563 690 3315 564 693 3316 473 691 3317 563 690 3318 468 680 3319 467 679 3320 476 694 3321 565 697 3322 566 695 3323 470 682 3324 469 684 3325 566 695 3326 478 698 3327 567 701 3328 568 699 3329 472 686 3330 471 688 3331 568 699 3332 569 702 3333 570 705 3334 479 703 3335 569 702 3336 474 692 3337 473 691 3338 385 526 3339 571 708 3340 572 706 3341 476 694 3342 475 696 3343 572 706 3344 387 531 3345 573 711 3346 574 709 3347 478 698 3348 477 700 3349 574 709 3350 575 712 3351 576 714 3352 389 536 3353 575 712 3354 480 704 3355 479 703 3356 571 522 3357 385 763 3358 82 505 3359</p>
        </triangles>
      </mesh>
    </geometry>
  </library_geometries>
  <library_visual_scenes>
    <visual_scene id="Scene" name="Scene">
      <node id="Plane_001" name="Plane.001" type="NODE">
        <matrix sid="transform">-0.9396926 0.3420204 0 0.6 -0.3420204 -0.9396926 0 -0.9 0 0 1 0 0 0 0 1</matrix>
        <instance_geometry url="#Plane_001-mesh" name="Plane.001">
          <bind_material>
            <technique_common>
              <instance_material symbol="Chair-material" target="#Chair-material">
                <bind_vertex_input semantic="UVMap" input_semantic="TEXCOORD" input_set="0"/>
              </instance_material>
              <instance_material symbol="Table_Edge-material" target="#Table_Edge-material">
                <bind_vertex_input semantic="UVMap" input_semantic="TEXCOORD" input_set="0"/>
              </instance_material>
            </technique_common>
          </bind_material>
        </instance_geometry>
      </node>
      <node id="Plane" name="Plane" type="NODE">
        <matrix sid="transform">0.3420202 -0.9396926 0 -0.9 0.9396926 0.3420202 0 0.5 0 0 1 0 0 0 0 1</matrix>
        <instance_geometry url="#Plane-mesh" name="Plane">
          <bind_material>
            <technique_common>
              <instance_material symbol="Chair-material" target="#Chair-material">
                <bind_vertex_input semantic="UVMap" input_semantic="TEXCOORD" input_set="0"/>
              </instance_material>
              <instance_material symbol="Table_Edge-material" target="#Table_Edge-material">
                <bind_vertex_input semantic="UVMap" input_semantic="TEXCOORD" input_set="0"/>
              </instance_material>
            </technique_common>
          </bind_material>
        </instance_geometry>
      </node>
      <node id="Cube" name="Cube" type="NODE">
        <matrix sid="transform">1 0 0 0 0 1 0 0 0 0 1 0 0 0 0 1</matrix>
        <instance_geometry url="#Cube-mesh" name="Cube">
          <bind_material>
            <technique_common>
              <instance_material symbol="Table_Light-material" target="#Table_Light-material">
                <bind_vertex_input semantic="UVMap" input_semantic="TEXCOORD" input_set="0"/>
              </instance_material>
              <instance_material symbol="Table_Edge-material" target="#Table_Edge-material">
                <bind_vertex_input semantic="UVMap" input_semantic="TEXCOORD" input_set="0"/>
              </instance_material>
            </technique_common>
          </bind_material>
        </instance_geometry>
      </node>
      <node id="Board_5_001" name="Board 5.001" type="NODE">
        <matrix sid="transform">1 0 0 0 0 1 0 0 0 0 1 0.5 0 0 0 1</matrix>
        <instance_geometry url="#Board_5_001-mesh" name="Board 5.001">
          <bind_material>
            <technique_common>
              <instance_material symbol="Glass-material" target="#Glass-material">
                <bind_vertex_input semantic="UVMap" input_semantic="TEXCOORD" input_set="0"/>
              </instance_material>
              <instance_material symbol="Glass_Dark-material" target="#Glass_Dark-material">
                <bind_vertex_input semantic="UVMap" input_semantic="TEXCOORD" input_set="0"/>
              </instance_material>
              <instance_material symbol="Glass_Diffuse-material" target="#Glass_Diffuse-material">
                <bind_vertex_input semantic="UVMap" input_semantic="TEXCOORD" input_set="0"/>
              </instance_material>
            </technique_common>
          </bind_material>
        </instance_geometry>
      </node>
      <node id="Board_3" name="Board 3" type="NODE">
        <matrix sid="transform">1 0 0 0 0 1 0 0 0 0 1 0.5 0 0 0 1</matrix>
        <instance_geometry url="#Board_3-mesh" name="Board 3">
          <bind_material>
            <technique_common>
              <instance_material symbol="Glass-material" target="#Glass-material">
                <bind_vertex_input semantic="UVMap" input_semantic="TEXCOORD" input_set="0"/>
              </instance_material>
              <instance_material symbol="Glass_Dark-material" target="#Glass_Dark-material">
                <bind_vertex_input semantic="UVMap" input_semantic="TEXCOORD" input_set="0"/>
              </instance_material>
              <instance_material symbol="Glass_Diffuse-material" target="#Glass_Diffuse-material">
                <bind_vertex_input semantic="UVMap" input_semantic="TEXCOORD" input_set="0"/>
              </instance_material>
            </technique_common>
          </bind_material>
        </instance_geometry>
      </node>
      <node id="Board_1" name="Board 1" type="NODE">
        <matrix sid="transform">1 0 0 0 0 1 0 0 0 0 1 0.5 0 0 0 1</matrix>
        <instance_geometry url="#Board_1-mesh" name="Board 1">
          <bind_material>
            <technique_common>
              <instance_material symbol="Glass-material" target="#Glass-material">
                <bind_vertex_input semantic="UVMap" input_semantic="TEXCOORD" input_set="0"/>
              </instance_material>
              <instance_material symbol="Glass_Dark-material" target="#Glass_Dark-material">
                <bind_vertex_input semantic="UVMap" input_semantic="TEXCOORD" input_set="0"/>
              </instance_material>
              <instance_material symbol="Glass_Diffuse-material" target="#Glass_Diffuse-material">
                <bind_vertex_input semantic="UVMap" input_semantic="TEXCOORD" input_set="0"/>
              </instance_material>
            </technique_common>
          </bind_material>
        </instance_geometry>
      </node>
      <node id="Board_5" name="Board 5" type="NODE">
        <matrix sid="transform">1 0 0 0 0 1 0 0 0 0 1 0.5 0 0 0 1</matrix>
        <instance_geometry url="#Board_5-mesh" name="Board 5">
          <bind_material>
            <technique_common>
              <instance_material symbol="Glass-material" target="#Glass-material">
                <bind_vertex_input semantic="UVMap" input_semantic="TEXCOORD" input_set="0"/>
              </instance_material>
              <instance_material symbol="Glass_Dark-material" target="#Glass_Dark-material">
                <bind_vertex_input semantic="UVMap" input_semantic="TEXCOORD" input_set="0"/>
              </instance_material>
              <instance_material symbol="Glass_Diffuse-material" target="#Glass_Diffuse-material">
                <bind_vertex_input semantic="UVMap" input_semantic="TEXCOORD" input_set="0"/>
              </instance_material>
            </technique_common>
          </bind_material>
        </instance_geometry>
      </node>
      <node id="Board_2" name="Board 2" type="NODE">
        <matrix sid="transform">1 0 0 0 0 1 0 0 0 0 1 0.5 0 0 0 1</matrix>
        <instance_geometry url="#Board_2-mesh" name="Board 2">
          <bind_material>
            <technique_common>
              <instance_material symbol="Glass-material" target="#Glass-material">
                <bind_vertex_input semantic="UVMap" input_semantic="TEXCOORD" input_set="0"/>
              </instance_material>
              <instance_material symbol="Glass_Dark-material" target="#Glass_Dark-material">
                <bind_vertex_input semantic="UVMap" input_semantic="TEXCOORD" input_set="0"/>
              </instance_material>
              <instance_material symbol="Glass_Diffuse-material" target="#Glass_Diffuse-material">
                <bind_vertex_input semantic="UVMap" input_semantic="TEXCOORD" input_set="0"/>
              </instance_material>
            </technique_common>
          </bind_material>
        </instance_geometry>
      </node>
      <node id="Pegs" name="Pegs" type="NODE">
        <matrix sid="transform">1 0 0 0 0 1 0 0 0 0 1 0.5 0 0 0 1</matrix>
        <instance_geometry url="#Pegs-mesh" name="Pegs">
          <bind_material>
            <technique_common>
              <instance_material symbol="Steel-material" target="#Steel-material">
                <bind_vertex_input semantic="UVMap" input_semantic="TEXCOORD" input_set="0"/>
              </instance_material>
            </technique_common>
          </bind_material>
        </instance_geometry>
      </node>
      <node id="Arm" name="Arm" type="NODE">
        <matrix sid="transform">1 0 0 0 0 1 0 0 0 0 1 0.5 0 0 0 1</matrix>
        <instance_geometry url="#Arm-mesh" name="Arm">
          <bind_material>
            <technique_common>
              <instance_material symbol="Gold-material" target="#Gold-material">
                <bind_vertex_input semantic="UVMap" input_semantic="TEXCOORD" input_set="0"/>
              </instance_material>
            </technique_common>
          </bind_material>
        </instance_geometry>
      </node>
      <node id="Stand" name="Stand" type="NODE">
        <matrix sid="transform">1 0 0 0 0 1 0 0 0 0 1 0.5 0 0 0 1</matrix>
        <instance_geometry url="#Stand-mesh" name="Stand">
          <bind_material>
            <technique_common>
              <instance_material symbol="Gold-material" target="#Gold-material">
                <bind_vertex_input semantic="UVMap" input_semantic="TEXCOORD" input_set="0"/>
              </instance_material>
            </technique_common>
          </bind_material>
        </instance_geometry>
      </node>
    </visual_scene>
  </library_visual_scenes>
  <scene>
    <instance_visual_scene url="#Scene"/>
  </scene>
</COLLADA>